date,day_pos,block,in_primary,in_primary_block,on_fixed,on_expanding,spy_vol20,n_usable,n_topdec,frac_flagged_unadjusted,spread_dgtw,spread_dgtw_w50,spread_raw,volmatched_topdec,refit_cutoff
2017-01-03,0,0,True,True,False,False,0.08909001728111732,264,26,0.28409090909090906,0.48094543906808573,0.15536398743274327,0.6723794925447882,0.6548470486693887,2016-09-30
2017-01-10,5,0,True,True,False,False,0.07555856421959617,264,26,0.2992424242424242,0.10715285398727104,0.010944111499015344,0.13251712134803903,0.18247727317593482,2016-09-30
2017-01-18,10,0,True,True,False,False,0.06011688683613572,264,26,0.303030303030303,0.4350595464196432,0.058476377394246506,0.4664629634319188,0.5400372572868227,2016-09-30
2017-01-25,15,0,True,True,False,False,0.07083162454414882,264,26,0.2727272727272727,0.16480680598447586,-0.01695223429140532,0.12865477342726347,0.23458505803433619,2016-09-30
2017-02-01,20,0,True,True,False,False,0.061276725378293914,264,26,0.3560606060606061,0.021559357933732794,-0.03946268580252716,-0.0691165552706571,-0.02428131302064397,2016-09-30
2017-02-08,25,0,True,True,False,False,0.06031697196875427,264,26,0.31439393939393945,-0.23304498130732854,-0.0485890727012764,-0.09905583156047415,-0.113539711102987,2016-09-30
2017-02-15,30,0,True,True,False,False,0.06364105269882778,264,26,0.33712121212121215,0.016004803363209377,0.0704412398579618,0.03253254013178865,-0.13508566597478702,2016-09-30
2017-02-23,35,0,True,True,False,False,0.053364918360088685,264,26,0.2954545454545454,-0.25069577122427994,-0.022994735955635247,-0.12424061823474704,-0.31329624218519486,2016-09-30
2017-03-02,40,0,True,True,False,False,0.06887934849750045,265,26,0.2754716981132076,0.5991216850314678,0.14446479521903866,0.6239534386759311,0.4373812701824695,2016-09-30
2017-03-09,45,0,True,True,False,False,0.07094828963996247,265,26,0.2075471698113207,0.13488664085807356,-0.010571144276093736,0.008507152362881281,-0.1345075471217352,2016-09-30
2017-03-16,50,0,True,True,False,False,0.07323606059687437,265,26,0.19999999999999996,0.0290116884318233,0.003315393019071286,0.02347493556839188,-0.11817323262487656,2016-09-30
2017-03-23,55,0,True,True,False,False,0.08777136592817623,265,26,0.26792452830188684,0.19961562989028664,-0.00421682219279609,0.2256181783438091,0.06477590901522487,2016-09-30
2017-03-30,60,1,True,True,False,False,0.0729373647660016,265,26,0.24528301886792447,0.3891813205310978,0.10101506843779282,0.5060684381576871,0.34895528805484766,2016-12-30
2017-04-06,65,1,True,True,False,False,0.07329785297223995,265,26,0.2754716981132076,0.5046548540909409,0.09386565163335733,0.5529800418712661,0.4629741273373632,2016-12-30
2017-04-13,70,1,True,True,False,False,0.06649306970379797,266,27,0.2443609022556391,0.5109873493808471,0.17918243681446017,0.6854554075905889,0.49977632545272727,2016-12-30
2017-04-21,75,1,True,True,False,False,0.06536987396197093,266,27,0.3007518796992481,0.2432786631918048,0.02698613940128613,0.3747225969904144,0.22874642819912006,2016-12-30
2017-04-28,80,1,True,True,False,False,0.0741563412704829,266,27,0.24060150375939848,0.57645229933474,0.14236924518884594,0.7526388681423247,0.5099161348655192,2016-12-30
2017-05-05,85,1,True,True,False,False,0.07287665967684347,266,27,0.37593984962406013,0.1926486442497871,0.07376894457948885,0.34786018969824123,0.14431902582357906,2016-12-30
2017-05-12,90,1,True,True,False,False,0.06571399375587718,266,27,0.3270676691729323,0.1695151873850819,0.14030431504645705,0.27119516593689935,0.07993975407182233,2016-12-30
2017-05-19,95,1,True,True,False,False,0.08834376180020707,266,27,0.19172932330827064,0.060850232919661504,0.0401318397955325,0.1236475178265336,0.0006726824333136921,2016-12-30
2017-05-26,100,1,True,True,False,False,0.08043590002775756,266,27,0.20300751879699253,0.02365871432369022,-0.010715957193928663,0.08209672281927179,-0.013770139946443204,2016-12-30
2017-06-05,105,1,True,True,False,False,0.08417714578226196,266,27,0.16541353383458646,-0.23022236836440402,-0.07287728396374506,-0.1924719055131653,-0.1842881444693236,2016-12-30
2017-06-12,110,1,True,True,False,False,0.08452271145320786,266,27,0.1578947368421053,-0.027730247346144873,0.0069993178788742665,0.11645146643241067,-0.07178731376455784,2016-12-30
2017-06-19,115,1,True,True,False,False,0.055947008805495635,266,27,0.15037593984962405,-0.1010381562512885,-0.07350484998568163,0.024912603917578068,-0.1489863044619657,2016-12-30
2017-06-26,120,2,True,True,False,False,0.058420409546769234,266,27,0.14661654135338342,0.22541757544733634,0.07384046391341535,0.2878914725522111,0.14854478800124774,2016-12-30
2017-07-03,125,2,True,True,False,False,0.07373596856035004,266,27,0.22180451127819545,0.8143711358297676,0.1478510142608344,0.9124956418386151,0.6486766858576716,2017-03-31
2017-07-11,130,2,True,True,False,False,0.08367753948372454,266,27,0.25187969924812026,0.15202724018975816,0.05436579668103926,0.2703982381704665,0.03849395902941809,2017-03-31
2017-07-18,135,2,True,True,False,False,0.0805627705441245,267,27,0.3258426966292135,-0.21378943491885766,-0.04752995654313459,-0.1028676273756047,-0.2892720912153272,2017-03-31
2017-07-25,140,2,True,True,False,False,0.07847991279183553,267,27,0.32958801498127344,0.23250548689803796,0.0094532820549496,0.2769187191087726,0.16281048331957296,2017-03-31
2017-08-01,145,2,True,True,False,False,0.055924720078996806,267,27,0.28464419475655434,0.04328511515481157,-0.03708112028616626,0.00903063104931714,-0.05650843180682053,2017-03-31
2017-08-08,150,2,True,True,False,False,0.03995582061277345,267,27,0.34456928838951306,-0.23280715866360904,-0.04873864727237314,-0.25803894125795923,-0.25256048637190237,2017-03-31
2017-08-15,155,2,True,True,False,False,0.06906896854843993,267,27,0.36704119850187267,-0.43429255270319095,-0.1202249833279859,-0.36313412718584814,-0.4290802853888458,2017-03-31
2017-08-22,160,2,True,True,False,False,0.09494278229665269,267,27,0.3595505617977528,-0.28522002992920026,-0.13602353943235157,-0.21471784824258952,-0.23361135115435872,2017-03-31
2017-08-29,165,2,True,True,False,False,0.09603962340689833,267,27,0.30711610486891383,-0.2968644351422373,-0.09240423484994978,-0.24088095907629692,-0.3461189009712984,2017-03-31
2017-09-06,170,2,True,True,False,False,0.10346396669570924,267,27,0.34456928838951306,-0.2625983015259103,-0.0801558853036374,-0.314516554081856,-0.252720606323213,2017-03-31
2017-09-13,175,2,True,True,False,False,0.09089109215751796,267,27,0.32958801498127344,-0.4687912797168977,-0.13408356528931267,-0.5306076067314296,-0.4529230643472011,2017-03-31
2017-09-20,180,3,True,True,False,False,0.06058242029439595,267,27,0.36329588014981273,-0.20309785008090622,-0.05348827606646768,-0.3351923243009057,-0.25560085945390915,2017-03-31
2017-09-27,185,3,True,True,False,False,0.06026865477129526,267,27,0.3033707865168539,-0.3407495679456361,-0.20747785890212295,-0.36446634980529957,-0.3642861292430099,2017-06-30
2017-10-04,190,3,True,True,False,False,0.04877682523142067,267,27,0.21722846441947563,-0.5290538084252603,-0.235513733961943,-0.5372061176010254,-0.5452609968240449,2017-06-30
2017-10-11,195,3,True,True,False,False,0.03892544751310545,267,27,0.2471910112359551,-0.47758130817144645,-0.24731447517175317,-0.4066226283338918,-0.5204873228942414,2017-06-30
2017-10-18,200,3,True,True,False,False,0.035654266424757594,267,27,0.25093632958801493,-0.4128358087536973,-0.19614219815720185,-0.34759857038870806,-0.46735632317909187,2017-06-30
2017-10-25,205,3,True,True,False,False,0.04337481036612148,268,27,0.19029850746268662,-0.26414781035121554,-0.13883852148348086,-0.13198318142418503,-0.2895804701353148,2017-06-30
2017-11-01,210,3,True,True,False,False,0.051106939236531014,268,27,0.20895522388059706,-0.04242731256112499,-0.03252410536046915,0.039742216358723194,-0.0823633213759532,2017-06-30
2017-11-08,215,3,True,True,False,False,0.04709149535736496,268,27,0.27611940298507465,0.05710190961608677,-0.04645952925392291,0.1039709554342833,-0.001237368538612856,2017-06-30
2017-11-15,220,3,True,True,False,False,0.053673558568829924,268,27,0.15671641791044777,0.017442634916460233,-0.03915093043528534,0.09474362848957016,-0.04666899891270812,2017-06-30
2017-11-22,225,3,True,True,False,False,0.05875828529514665,268,27,0.23134328358208955,0.22702232656404409,0.05265871251388263,0.2305019234061035,0.1327606934605742,2017-06-30
2017-11-30,230,3,True,True,False,False,0.06641693935615688,268,27,0.26119402985074625,0.08745127488580154,0.04448469195185644,0.09303614442332153,-0.006935131105790286,2017-06-30
2017-12-07,235,3,True,True,False,False,0.06984740743376931,268,27,0.3544776119402985,0.26563639787832327,0.03687345256426719,0.37590222398875256,0.22904450643816454,2017-06-30
2017-12-14,240,4,True,True,False,False,0.06687163241439974,268,27,0.25373134328358204,0.21228685585535204,0.06192029542159695,0.3169534254740039,0.14253631392260702,2017-06-30
2017-12-21,245,4,True,True,False,False,0.06287519733761696,268,27,0.26119402985074625,0.4958767821004666,0.17116475462694036,0.5414895833763228,0.4051518398702773,2017-06-30
2017-12-29,250,4,True,True,False,False,0.04814190489311771,268,27,0.2276119402985075,0.6103602623555014,0.20370046006675857,0.6860888587401293,0.6241677475341499,2017-09-29
2018-01-08,255,4,True,True,False,False,0.05614568320641659,268,27,0.24626865671641796,0.5630689574706933,0.19080599847980212,0.5700736654234132,0.5344450914500135,2017-09-29
2018-01-16,260,4,True,True,False,False,0.06026905839470166,268,27,0.26119402985074625,0.33507560921805596,0.08158415976174938,0.3812020336625709,0.3760380232925815,2017-09-29
2018-01-23,265,4,True,True,False,False,0.0644007079662259,268,27,0.3768656716417911,0.4777634960203434,0.06921845342722108,0.4668457926604668,0.47422414302882887,2017-09-29
2018-01-30,270,4,True,True,False,False,0.08850232292338502,269,27,0.2602230483271375,0.3385531524289182,0.11358882867832248,0.37008327024718013,0.3158365807031776,2017-09-29
2018-02-06,275,4,True,True,True,True,0.20547818883671737,269,27,0.21189591078066916,0.18462301904519646,0.08774634262173951,0.267088961365822,0.19381426206923766,2017-09-29
2018-02-13,280,4,True,True,True,True,0.2547569895159713,269,27,0.28624535315985133,0.4235791602602271,0.15015763748131628,0.456384583895026,0.37175820050484254,2017-09-29
2018-02-21,285,4,True,True,True,True,0.2597451958307621,269,27,0.2973977695167286,0.4133833016633015,0.15957325758854898,0.45683209687896215,0.37942417166692183,2017-09-29
2018-02-28,290,4,True,True,True,True,0.2700345700047686,269,27,0.3382899628252788,0.12885511142065645,0.050429902217286895,0.18939829996921212,0.10199647603752433,2017-09-29
2018-03-07,295,4,True,True,True,True,0.20948198517352584,269,27,0.2825278810408922,0.27787610117901285,0.13912897435524554,0.3506661206384343,0.25602706090834604,2017-09-29
2018-03-14,300,5,True,True,True,True,0.15321719215439886,269,27,0.3828996282527881,0.05973449261318064,0.04128032317238375,0.1425874551119674,0.0024538705228949968,2017-09-29
2018-03-21,305,5,True,True,True,True,0.1466841095213887,270,27,0.3037037037037037,0.14045530210779444,0.07782644070011711,0.24664767677841762,0.10632029928404106,2017-09-29
2018-03-28,310,5,True,True,True,True,0.1997066518954912,270,27,0.2222222222222222,0.2572921550710061,0.06647322895040246,0.5004097095769064,0.22023385517015562,2017-12-29
2018-04-05,315,5,True,True,True,True,0.22034921109319155,271,27,0.24354243542435428,0.19441121107398202,0.03113990386222821,0.40951168047413766,0.2080887722308193,2017-12-29
2018-04-12,320,5,True,True,True,True,0.23351423826712378,271,27,0.17712177121771222,0.36461919686500693,0.02795623985759741,0.5406168523165913,0.3236125991313877,2017-12-29
2018-04-19,325,5,True,True,True,True,0.23563364373576318,271,27,0.25461254612546125,0.40717928003928033,0.05506827896687809,0.6431534355690581,0.41584356765287744,2017-12-29
2018-04-26,330,5,True,True,True,True,0.17805851601876163,271,27,0.2509225092250923,0.4177217148048436,0.06707492700801078,0.5175277408711447,0.37771508712560536,2017-12-29
2018-05-03,335,5,True,True,True,True,0.14389525833157002,272,27,0.30147058823529416,0.4960316687098424,0.07098585934883675,0.5547083914015883,0.45973575879979417,2017-12-29
2018-05-10,340,5,True,True,False,True,0.1169350861337092,272,27,0.2757352941176471,0.037643865473499946,-0.0035640988549520795,0.16576580545198175,0.0684014805142496,2017-12-29
2018-05-17,345,5,True,True,False,True,0.10949834518697986,272,27,0.2757352941176471,0.32629794109919996,0.04742460542639352,0.342536585484262,0.32075461652566967,2017-12-29
2018-05-24,350,5,True,True,False,False,0.08927912584205214,272,27,0.3125,0.1668819617872218,0.06269578426743652,0.18463570880734864,0.17690389696886033,2017-12-29
2018-06-01,355,5,True,True,False,True,0.1081352979141112,272,27,0.38235294117647056,0.10653947395960309,0.0383406572071263,0.1256530100650734,0.09423573913278291,2017-12-29
2018-06-08,360,6,True,True,False,False,0.09520434001626883,272,27,0.30147058823529416,-0.050020710430007165,-0.027814779107110037,0.008944650835303651,-0.059448903440701174,2017-12-29
2018-06-15,365,6,True,True,False,False,0.09418670568670484,272,27,0.2536764705882353,-0.12070239728671898,-0.04795193747611444,-0.03377853940005064,-0.07153133486589362,2017-12-29
2018-06-22,370,6,True,True,False,False,0.09400763862099501,272,27,0.23897058823529416,-0.07260664720883217,-0.052814862410893074,0.0033010758577642395,-0.03945655699560297,2017-12-29
2018-06-29,375,6,True,True,False,False,0.0821894738452426,272,27,0.2536764705882353,0.33765301057817787,-0.019458687932032856,0.5816547709494885,0.41979576833682153,2018-03-29
2018-07-09,380,6,True,True,False,False,0.09264619350929049,272,27,0.32352941176470584,0.13876973824986533,0.001981072928537591,0.16297885785165542,0.18366702658422282,2018-03-29
2018-07-16,385,6,True,True,False,False,0.09912780698195878,272,27,0.25,-0.33296810379323066,-0.13367280449813004,-0.4681041105812553,-0.3370522907809652,2018-03-29
2018-07-23,390,6,True,True,False,False,0.09632543663974051,272,27,0.3161764705882353,-0.5900901601737331,-0.21332136571090066,-0.5491756221588312,-0.48207233582923226,2018-03-29
2018-07-30,395,6,True,True,False,False,0.08559060891410507,272,27,0.31985294117647056,0.050166057058508726,-0.049457579872640725,0.16895622668415913,0.22605466498250285,2018-03-29
2018-08-06,400,6,True,True,False,False,0.07515613342870628,273,27,0.29670329670329665,-0.15381884615044053,-0.0007463934232838833,-0.2469903810410962,-0.08223899410629795,2018-03-29
2018-08-13,405,6,True,True,False,False,0.07023284567463348,273,27,0.2490842490842491,-0.1355258143184366,0.000845838800555521,-0.3025723431889268,-0.08502648947076213,2018-03-29
2018-08-20,410,6,True,True,False,False,0.0811798462639041,273,27,0.315018315018315,-0.2501065666693674,-0.07469928050223021,-0.3429695145594842,-0.20475167179154083,2018-03-29
2018-08-27,415,6,True,True,False,False,0.0714770513815575,273,27,0.21245421245421248,-0.5785508529084636,-0.15310445635239733,-0.6636395157570877,-0.42747407890212796,2018-03-29
2018-09-04,420,7,True,True,False,False,0.07182154564582549,273,27,0.30402930402930406,-0.2571719765082916,-0.02549306795808904,-0.3398385839341295,-0.1668322914976691,2018-03-29
2018-09-11,425,7,True,True,False,False,0.06690990495691626,273,27,0.2490842490842491,-0.3112677858111301,-0.13946197699345525,-0.3104446137527289,-0.1788202963005712,2018-03-29
2018-09-18,430,7,True,True,False,False,0.05922476868638363,273,27,0.30402930402930406,0.038913960268121536,-0.016552191014484997,-0.10318717525336014,0.089821437551597,2018-03-29
2018-09-25,435,7,True,True,False,False,0.061210400993798035,274,27,0.22992700729927007,-0.13839514122073354,-0.05883574715674878,-0.2905670562681487,-0.055886317239178425,2018-06-29
2018-10-02,440,7,True,True,False,False,0.058930997933352464,274,27,0.2043795620437956,-0.023909049970174345,-0.0260594693105638,-0.1342355098196218,-0.018074685061379568,2018-06-29
2018-10-09,445,7,True,True,False,False,0.06545778969259777,275,28,0.3345454545454546,0.6598006914375043,0.20578651978691637,0.6832359868341421,0.5599561913299104,2018-06-29
2018-10-16,450,7,True,True,True,True,0.176885777983899,275,28,0.2981818181818182,0.3993484468298339,0.0630387686261269,0.3974052644445635,0.31162863760915555,2018-06-29
2018-10-23,455,7,True,True,True,True,0.17813296692209202,275,28,0.33818181818181814,0.264714869463654,0.05009339014730674,0.3593679699144288,0.22891837237311513,2018-06-29
2018-10-30,460,7,True,True,True,True,0.23020687345669352,275,28,0.4363636363636364,0.33436782333965576,0.11911371006111479,0.4468943589371121,0.23699095925540128,2018-06-29
2018-11-06,465,7,True,True,True,True,0.2440872565487637,275,28,0.3054545454545454,0.6485620068268854,0.12349068390410757,0.7168434741393798,0.5861883311730408,2018-06-29
2018-11-13,470,7,True,True,True,True,0.20781787033445476,275,28,0.24,0.8171348023636755,0.13993084757581187,0.9503524141652212,0.6657628640312113,2018-06-29
2018-11-20,475,7,True,True,True,True,0.22382962401038364,275,28,0.3163636363636364,0.8236080886923804,0.1993894697541729,1.336257449041176,0.8710059912212875,2018-06-29
2018-11-28,480,8,True,True,True,True,0.19464938869775322,275,28,0.2545454545454545,0.8147851868419241,0.13292764065529408,1.0524437388369283,0.7967640307617483,2018-06-29
2018-12-06,485,8,True,True,True,True,0.2248913913154031,275,28,0.24363636363636365,0.475479992307788,0.07502310165913043,0.6825296755776462,0.4481678035652475,2018-06-29
2018-12-13,490,8,True,True,True,True,0.214254161194454,275,28,0.3090909090909091,0.2646133248016766,0.03385390614749173,0.47789266078507747,0.286324559780876,2018-06-29
2018-12-20,495,8,True,True,True,True,0.22170694952382966,275,28,0.2836363636363637,0.4567869757365287,0.11252800583198533,0.6099048094942489,0.425895663850163,2018-06-29
2018-12-28,500,8,True,True,True,True,0.2949337336352933,275,28,0.21818181818181814,0.6289519121686911,0.1615722666802594,0.7298007730490694,0.5852331770636958,2018-09-28
2019-01-07,505,8,True,True,True,True,0.3145723158233734,275,28,0.28,0.7998628320520678,0.21886658248708693,0.8965475183448178,0.8581492919240985,2018-09-28
2019-01-14,510,8,True,True,True,True,0.30833613820469646,275,28,0.24,1.0642613393077665,0.29833541927083856,1.0800758112212887,1.0427860264884583,2018-09-28
2019-01-22,515,8,True,True,True,True,0.2898123878772965,275,28,0.3927272727272727,0.5513321798090068,0.20565348979881132,0.5841402825487998,0.5389281298936841,2018-09-28
2019-01-29,520,8,True,True,True,True,0.18156206509416484,275,28,0.24363636363636365,0.8847691795368636,0.30104930051116185,0.9954427232088526,0.9571187596193571,2018-09-28
2019-02-05,525,8,True,True,False,True,0.11451172459834326,275,28,0.36,0.6859814503905377,0.2218262721125751,0.7462729514013107,0.7502381260760069,2018-09-28
2019-02-12,530,8,True,True,False,True,0.12313821100202434,275,28,0.28727272727272724,0.5132797501038565,0.11220601427858773,0.5708391683269941,0.5653596067243172,2018-09-28
2019-02-20,535,8,True,True,False,False,0.10066568914249836,275,28,0.26181818181818184,0.38400717211781954,0.08373457028000893,0.3813519053492981,0.37002618515830926,2018-09-28
2019-02-27,540,9,True,True,False,False,0.09481433633641073,275,28,0.27636363636363637,0.020143128831378893,-0.08817252147260668,0.016383411301367258,0.07747559868020819,2018-09-28
2019-03-06,545,9,True,True,False,False,0.08436748283761371,275,28,0.30181818181818176,0.40514954111111884,0.05411358148486239,0.43645270019899,0.4585885614418434,2018-09-28
2019-03-13,550,9,True,True,False,False,0.08895515012354299,275,28,0.2727272727272727,0.11205300295308486,-0.07086324206452146,0.15266559788026574,0.16749971655554838,2018-09-28
2019-03-20,555,9,True,True,False,False,0.08196520291877656,276,28,0.2971014492753623,-0.12266888734859169,-0.0783202847119599,-0.08224020100499317,-0.07786950067657486,2018-09-28
2019-03-27,560,9,True,True,False,True,0.11748718437532232,276,28,0.27898550724637683,0.07935111410377457,-0.01602060309316158,0.1474259684539801,0.09517175347234745,2018-09-28
2019-04-03,565,9,True,True,False,True,0.1202553441399305,276,28,0.322463768115942,0.02627705390047729,-0.014170024443833158,0.0004662720228515755,0.044542525961010423,2018-12-31
2019-04-10,570,9,True,True,False,False,0.10555162111285725,276,28,0.3913043478260869,0.11640801134300871,0.07168793407966735,0.13355899868327056,0.16308478375894336,2018-12-31
2019-04-17,575,9,True,True,False,False,0.1068654074531942,276,28,0.24637681159420288,0.35504400341457387,0.08584523257183295,0.40897784830069384,0.363725949059204,2018-12-31
2019-04-25,580,9,True,True,False,False,0.06462666020277906,277,28,0.2563176895306859,0.3957063737886404,0.11562488541697091,0.4075180374495239,0.42936070487304595,2018-12-31
2019-05-02,585,9,True,True,False,False,0.06139078354744837,277,28,0.24548736462093868,0.1773663731616474,0.10764040832975239,0.12118405114413283,0.16873695903476277,2018-12-31
2019-05-09,590,9,True,True,False,False,0.09143231425603421,277,28,0.24548736462093868,-0.017372928526359816,0.05290760180788235,-0.12370183844907212,-0.013106898290517699,2018-12-31
2019-05-16,595,9,True,True,True,True,0.13801870147055026,277,28,0.2563176895306859,-0.11325855623963346,0.004371313752192331,-0.18321458694847215,-0.08441541146835334,2018-12-31
2019-05-23,600,10,True,True,True,True,0.14638789740372718,277,28,0.36101083032490977,0.01706168834563889,-0.0527623554780674,0.015654938652580875,-0.006302430001171847,2018-12-31
2019-05-31,605,10,True,True,True,True,0.15278862458879094,277,28,0.22021660649819497,-0.08142665279517577,-0.02554586117063909,-0.044670874538056474,-0.06609964118392918,2018-12-31
2019-06-07,610,10,True,True,True,True,0.1709716094178084,277,28,0.29963898916967513,-0.04581726779069043,-0.12284863852999223,-0.04655907427651224,-0.022657861397518464,2018-12-31
2019-06-14,615,10,True,True,True,True,0.13563041704418635,278,28,0.21223021582733814,-0.21448617639013615,-0.1586174892464055,-0.17360575430114217,-0.2579471445620812,2018-12-31
2019-06-21,620,10,True,True,False,True,0.12728385908374407,278,28,0.3237410071942446,-0.23333688429197574,-0.13063785554711296,-0.22290057415909287,-0.2720569394598024,2018-12-31
2019-06-28,625,10,True,True,False,False,0.11062597470467506,278,28,0.41007194244604317,-0.23745161630428732,-0.08725512364570627,-0.29227855946029696,-0.2412217584151642,2019-03-29
2019-07-08,630,10,True,True,False,False,0.08620711066228494,278,28,0.23381294964028776,-0.27259156576519333,-0.10941359893000586,-0.36039787929376843,-0.3597911003971986,2019-03-29
2019-07-15,635,10,True,True,False,False,0.08470776193164795,278,28,0.24460431654676262,-0.18467866090722496,-0.15064755521681442,-0.21945004488787132,-0.19367033596746244,2019-03-29
2019-07-22,640,10,True,True,False,False,0.07898638477900666,278,28,0.25899280575539574,-0.3074946685331783,-0.1776770794190186,-0.42078246503517797,-0.3547654510993125,2019-03-29
2019-07-29,645,10,True,True,False,False,0.07679753181419045,278,28,0.2913669064748201,-0.6173620242735904,-0.21032205526851863,-0.7238997033520572,-0.6020275307751703,2019-03-29
2019-08-05,650,10,True,True,False,True,0.13464607281058,278,28,0.20503597122302153,-0.2812719476706336,-0.11128756431108573,-0.2406887568023066,-0.30722514161631365,2019-03-29
2019-08-12,655,10,True,True,True,True,0.1669828040119631,278,28,0.237410071942446,-0.20284677200051537,-0.08676705883630066,-0.05094437817604762,-0.2203259211313853,2019-03-29
2019-08-19,660,11,True,True,True,True,0.2171339497977515,278,28,0.34172661870503596,0.20206324536400286,0.08130651531419365,0.3462709120721928,0.1664355199009551,2019-03-29
2019-08-26,665,11,True,True,True,True,0.23707485626014876,278,28,0.2841726618705036,-0.0015478728745432864,0.019209809553435944,0.1362241167850417,-0.039908557834519916,2019-03-29
2019-09-03,670,11,True,True,True,True,0.21231728674495623,278,28,0.19064748201438853,-0.04450171833532493,-0.0528775185963331,0.08603547575585302,-0.1317162069978714,2019-03-29
2019-09-10,675,11,True,True,True,True,0.19566165749144135,278,28,0.35611510791366907,-0.3278758028913484,-0.09530950560482146,-0.308996900529331,-0.38474827582256627,2019-03-29
2019-09-17,680,11,True,True,True,True,0.14101972855771394,279,28,0.3154121863799283,-0.28126643148899555,-0.1140304120382375,-0.290943130481789,-0.36302234717288073,2019-03-29
2019-09-24,685,11,True,True,False,False,0.09957288032723198,280,28,0.21785714285714286,-0.17816809471090136,-0.10183865879721721,-0.061931981480829616,-0.2471577953026248,2019-06-28
2019-10-01,690,11,True,True,False,False,0.09972151946566196,280,28,0.2678571428571429,-0.35346356330568923,-0.14488674584548186,-0.10082163621768568,-0.35495408382302596,2019-06-28
2019-10-08,695,11,True,True,False,True,0.1276838345900588,280,28,0.2321428571428571,-0.3996696343678939,-0.13155586999845298,-0.183568538992897,-0.4626654263530889,2019-06-28
2019-10-15,700,11,True,True,True,True,0.1430361596415281,280,28,0.27142857142857146,-0.040250203798327236,-0.06758083298527386,0.1330671884972146,-0.07856802937929387,2019-06-28
2019-10-22,705,11,True,True,True,True,0.13994374007847485,280,28,0.35,0.27820119330620063,0.10180862657734052,0.5554690952296542,0.3734293456971059,2019-06-28
2019-10-29,710,11,True,True,False,True,0.1289285341268555,280,28,0.27142857142857146,0.3205168905775967,0.1512514402580835,0.3108173003999868,0.3023919843763491,2019-06-28
2019-11-05,715,11,True,True,False,False,0.07411654215713538,280,28,0.23571428571428577,0.4317215428140925,0.17400875772366284,0.47800336585973496,0.5056534013503777,2019-06-28
2019-11-12,720,12,True,True,False,False,0.05608676795672716,280,28,0.18571428571428572,0.3530027557255551,0.15471355610108414,0.4835385297484916,0.42470907761920873,2019-06-28
2019-11-19,725,12,True,True,False,False,0.04765633490851109,280,28,0.1607142857142857,0.3056046717150426,0.15284298379147387,0.5211972359060257,0.4210650497164447,2019-06-28
2019-11-26,730,12,True,True,False,False,0.054691280621717075,280,28,0.22857142857142854,-0.008895102286585917,0.04714936222286442,0.03755206061067457,0.03462327302436601,2019-06-28
2019-12-04,735,12,True,True,False,False,0.06780976837030173,280,28,0.23928571428571432,0.16935465264807614,0.07715544389511558,0.19680059606009845,0.1782500029299902,2019-06-28
2019-12-11,740,12,True,True,False,False,0.0747216488524013,280,28,0.19285714285714284,0.5324235485565443,0.16408514876974264,0.48367880878578723,0.4893108968576734,2019-06-28
2019-12-18,745,12,True,True,False,False,0.0792138990076513,280,28,0.15714285714285714,0.5049079484425305,0.17924257257883247,0.43182738405139126,0.49588562485269133,2019-06-28
2019-12-26,750,12,True,True,False,False,0.07507829886846591,280,28,0.20357142857142863,0.8726186855504623,0.301487098982884,0.8484018062319765,0.816696615645318,2019-09-30
2020-01-03,755,12,True,True,False,False,0.07248779533023174,280,28,0.2857142857142857,0.8354292003743004,0.22090032043325603,0.8512379763718965,0.8566301291432812,2019-09-30
2020-01-10,760,12,True,True,False,False,0.0721877527473196,280,28,0.2678571428571429,0.6268142808320356,0.1835536560126253,0.5885345011111973,0.6332106674055533,2019-09-30
2020-01-17,765,12,True,True,False,False,0.07235906280421672,280,28,0.3107142857142857,0.39353281937839324,0.18251323837442565,0.38202331175140547,0.3435626461012428,2019-09-30
2020-01-27,770,12,True,True,False,False,0.1004560754647,280,28,0.21071428571428574,0.8058859584240672,0.1945122409091803,0.8206120925013559,0.7548260553275938,2019-09-30
2020-02-03,775,12,True,True,False,True,0.11991335697961537,280,28,0.1964285714285714,0.5912336668993043,0.1426324015682103,0.7717594193362592,0.583484738135243,2019-09-30
2020-02-10,780,13,True,True,True,True,0.13640934633983115,280,28,0.2142857142857143,0.5555341677088981,0.18887018140675763,0.678113837042073,0.6229856950598603,2019-09-30
2020-02-18,785,13,True,True,False,True,0.13390291749356129,280,28,0.21071428571428574,0.6563003619358764,0.15895885641563764,0.8516609451923752,0.7999929641049851,2019-09-30
2020-02-25,790,13,True,True,True,True,0.20384782753287323,280,28,0.2607142857142857,0.6818217795269687,0.15096137870624687,0.8972369208636753,0.6633523439475805,2019-09-30
2020-03-03,795,13,True,True,True,True,0.3081313522398667,280,28,0.28214285714285714,0.2020381013078005,0.03335460913685168,0.4453444934096914,0.37657748963555154,2019-09-30
2020-03-10,800,13,True,True,True,True,0.48745634449778086,280,28,0.32499999999999996,0.9142215917232526,0.20717613909601085,1.014229507415923,0.8233386246936513,2019-09-30
2020-03-17,805,13,True,True,True,True,0.8076768494486449,280,28,0.1785714285714286,0.6795619387632663,0.2073784014780638,0.9868551281454195,0.8159398014611446,2019-09-30
2020-03-24,810,13,True,True,True,True,0.9053604827926556,281,28,0.2775800711743772,0.683921311567108,0.2431693492381875,0.6985860010404548,0.7228993993390116,2019-09-30
2020-03-31,815,13,True,True,True,True,0.9251596383000477,281,28,0.2099644128113879,0.8173807939682474,0.2317032219050023,0.8201926884661849,0.8279131119479725,2019-12-31
2020-04-07,820,13,True,True,True,True,0.8954958120090492,281,28,0.1637010676156584,0.9625131164627224,0.2945014032119593,0.9609035747928909,0.9808104886481482,2019-12-31
2020-04-15,825,13,True,True,True,True,0.6207270688144647,281,28,0.17437722419928825,0.8802204852046587,0.28848243502012894,0.9137645388389187,0.9030920048462993,2019-12-31
2020-04-22,830,13,True,True,True,True,0.47816411986035096,281,28,0.20284697508896798,0.6214323548874185,0.2837630609500063,0.7038557689312709,0.612672990141003,2019-12-31
2020-04-29,835,13,True,True,True,True,0.4105667450089811,281,28,0.29893238434163705,0.6502794249192863,0.29581995610877876,0.6351700642743443,0.654238078576773,2019-12-31
2020-05-06,840,14,True,True,True,True,0.3048718318809565,281,28,0.1779359430604982,0.49827722167261734,0.24014091058186146,0.6756885014453856,0.6775671844739806,2019-12-31
2020-05-13,845,14,True,True,True,True,0.2732344667246684,281,28,0.2170818505338078,0.4038590029833458,0.17008639603405623,0.608979723191979,0.44579269230301344,2019-12-31
2020-05-20,850,14,True,True,True,True,0.24279132266181766,281,28,0.26690391459074736,0.22313855486645828,0.05661488221406965,0.3803083113866941,0.26746689916050576,2019-12-31
2020-05-28,855,14,True,True,True,True,0.2277177847922311,281,28,0.2241992882562278,0.3869173138752162,0.16289938568959453,0.5590206482084368,0.42405882050676086,2019-12-31
2020-06-04,860,14,True,True,True,True,0.19619459110944168,281,28,0.15658362989323849,0.310230758180942,0.09614572985688938,0.4059091995471612,0.26771958338616514,2019-12-31
2020-06-11,865,14,True,True,True,True,0.2863160981130035,281,28,0.29893238434163705,-0.005677234639610444,0.03419183540626901,0.05377360793265546,-0.032292011991307566,2019-12-31
2020-06-18,870,14,True,True,True,True,0.26799000483574337,281,28,0.26690391459074736,-0.33259331256298963,-0.03345343312357854,-0.27696482962665075,-0.29477591849865487,2019-12-31
2020-06-25,875,14,True,True,True,True,0.2829077511074232,281,28,0.30604982206405695,0.039062420069203525,0.07278022723564977,0.09078233702711026,0.04937800070857903,2020-03-31
2020-07-02,880,14,True,True,True,True,0.2999321566408159,281,28,0.2241992882562278,0.30579821526317796,0.06470791199169951,0.45175770769559837,0.4226139240304458,2020-03-31
2020-07-10,885,14,True,True,True,True,0.19785992225644422,281,28,0.28113879003558717,0.38148745679149937,0.033952984625284684,0.4594845025072679,0.39880381977168405,2020-03-31
2020-07-17,890,14,True,True,True,True,0.19221398159045852,281,28,0.32028469750889677,0.7159689997265976,0.1834508602317376,0.8996385280768865,0.7504149524515217,2020-03-31
2020-07-24,895,14,True,True,True,True,0.1668331373219245,281,28,0.2953736654804271,0.7226563732024532,0.15647279703732492,0.9894887645352923,0.819577468617674,2020-03-31
2020-07-31,900,15,True,True,True,False,0.13572239997197683,281,28,0.2704626334519573,0.6521704783351195,0.10710267696063666,0.8459405896290726,0.7009600901078074,2020-03-31
2020-08-07,905,15,True,True,False,False,0.11289802405575247,281,28,0.29181494661921703,0.6103532323685406,0.09549157445260444,0.7364804032457365,0.6110163332678429,2020-03-31
2020-08-14,910,15,True,True,False,False,0.11045416308767202,281,28,0.2704626334519573,0.5201458343818585,0.19637120637691513,0.5397598886316628,0.4733256064633892,2020-03-31
2020-08-21,915,15,True,True,False,False,0.09177029773021741,281,28,0.26690391459074736,0.2679726175467028,0.07999968403956277,0.3640371645831127,0.24613052554775444,2020-03-31
2020-08-28,920,15,True,True,False,False,0.08001432690578297,281,28,0.19928825622775803,0.596562198414633,0.14368668847482047,0.6590165816642678,0.5475938994659885,2020-03-31
2020-09-04,925,15,True,True,True,True,0.16778456984725842,281,28,0.26690391459074736,0.3984771640598709,0.09281509162245072,0.5324566669586288,0.41192417151350463,2020-03-31
2020-09-14,930,15,True,True,True,True,0.21508422795772494,281,28,0.2099644128113879,0.9086239007513688,0.20070441887565776,1.1091536959552137,0.9166301756586928,2020-03-31
2020-09-21,935,15,True,True,True,True,0.22608284454233565,282,28,0.2978723404255319,0.7361523375907214,0.19693862625921799,0.9708100629857768,0.8398697753677983,2020-03-31
2020-09-28,940,15,True,True,True,True,0.2506745317668109,282,28,0.2163120567375887,0.35787323369827206,0.09764724900822308,0.5139912943173252,0.32927989515573586,2020-06-30
2020-10-05,945,15,True,True,True,True,0.22479215236509612,283,28,0.3074204946996466,0.27895031585143326,0.014290090329821745,0.42264638654623277,0.19789309528390828,2020-06-30
2020-10-12,950,15,True,True,True,True,0.20060481609026287,283,28,0.26501766784452296,0.1462400802106194,0.030293048339148997,0.22308920290019732,-0.09912763011444414,2020-06-30
2020-10-19,955,15,True,True,True,True,0.194363685598877,283,28,0.19081272084805656,0.2941835957636,0.003160784472404858,0.4311126647938187,0.0675799323558548,2020-06-30
2020-10-26,960,16,True,True,True,True,0.16923345528250852,283,28,0.2720848056537103,0.522845199238744,0.07624975842970096,0.7964690696821458,0.4219185304269447,2020-06-30
2020-11-02,965,16,True,True,True,True,0.20346982439656877,283,28,0.2897526501766784,0.5135413170909886,-0.016344366285058545,0.6342682722147288,0.5191222557253383,2020-06-30
2020-11-09,970,16,True,True,True,True,0.2179650678828376,283,28,0.37809187279151946,0.5322757715583706,0.024424808220476588,0.6841072023823217,0.4240172450995776,2020-06-30
2020-11-16,975,16,True,True,True,True,0.21812542805152993,283,28,0.34275618374558303,0.17541738296868156,0.08696856244127531,0.2531757979464745,0.04492347013984721,2020-06-30
2020-11-23,980,16,True,True,True,True,0.21534097165492116,283,28,0.3462897526501767,0.4412378539734324,0.04891409536165329,0.4313386329453371,0.2769250666224542,2020-06-30
2020-12-01,985,16,True,True,True,True,0.1623974152125038,283,28,0.36042402826855124,0.6068382535802843,0.07711485815718458,0.6757289374337898,0.5654421332899607,2020-06-30
2020-12-08,990,16,True,True,False,False,0.12500836675191712,283,28,0.31095406360424027,0.4056791491020391,-0.07674847095074123,0.39567791405347735,0.35485621770637615,2020-06-30
2020-12-15,995,16,True,True,False,False,0.11745801067651311,284,28,0.27464788732394363,0.4443604333746815,-0.05541425253327163,0.458981256182839,0.39237810582981536,2020-06-30
2020-12-22,1000,16,True,True,False,False,0.10708480028572953,284,28,0.18309859154929575,0.3253638982056247,-0.10873456743729604,0.3402541526675508,0.28527833469819763,2020-06-30
2020-12-30,1005,16,True,True,False,False,0.08733478064360012,284,28,0.22535211267605637,0.30206819472340624,-0.13138761094722254,0.329872228766906,0.2966127959467201,2020-09-30
2021-01-07,1010,16,True,True,False,False,0.11415638738684765,285,28,0.19649122807017538,0.39217812425937076,-0.09642670343932604,0.4120534591184631,0.39241707961755246,2020-09-30
2021-01-14,1015,16,True,True,False,False,0.1027359084718029,286,29,0.24825174825174823,0.28699683643244,-0.0482638561627855,0.28710958231088657,0.27450996043408366,2020-09-30
2021-01-22,1020,17,True,True,False,False,0.11157102078559744,286,29,0.3251748251748252,-0.34191841606325696,-0.1716399246660573,-0.3451275779306139,-0.3554705321013838,2020-09-30
2021-01-29,1025,17,True,True,True,True,0.16374029140748875,286,29,0.23776223776223782,-0.5536498123605774,-0.13767192341554196,-0.5275013292586331,-0.5671759005626081,2020-09-30
2021-02-05,1030,17,True,True,True,True,0.16696557053169422,286,29,0.23776223776223782,-0.5824413877000713,-0.2542894781278418,-0.590714654681002,-0.5704272944178664,2020-09-30
2021-02-12,1035,17,True,True,True,True,0.16450106109770007,286,29,0.21678321678321677,-0.4355288982931471,-0.30718564464821063,-0.45172931123227184,-0.401955443181528,2020-09-30
2021-02-22,1040,17,True,True,True,True,0.15733973492918504,286,29,0.24825174825174823,-0.08393756008357937,-0.21721066179658022,-0.12672409941739698,-0.08294197149564365,2020-09-30
2021-03-01,1045,17,True,True,True,True,0.16137733967329523,286,29,0.23776223776223782,-0.3676372694237056,-0.17234690903695357,-0.5023485753175956,-0.3666421341849745,2020-09-30
2021-03-08,1050,17,True,True,True,True,0.17162753499625158,286,29,0.23426573426573427,0.4677351202466565,0.11950745400922803,0.5113953990679476,0.516271258418341,2020-09-30
2021-03-15,1055,17,True,True,True,True,0.1831265165595344,288,29,0.22916666666666663,0.23009513368508688,0.1277419132618558,0.08991907960812547,0.12957106888045553,2020-09-30
2021-03-22,1060,17,True,True,True,True,0.19117674316131184,288,29,0.22916666666666663,0.21351418755898868,0.1540039715206869,0.1969329247695268,0.2018338269031627,2020-09-30
2021-03-29,1065,17,True,True,True,True,0.15518258198957074,288,29,0.21875,0.48898926629720446,0.13164567818782985,0.7519604701674705,0.6898951277821314,2020-09-30
2021-04-06,1070,17,True,True,False,False,0.12756930011840764,288,29,0.23263888888888884,0.2029131925513301,0.05469652447558266,0.4509062322717791,0.40977502409792294,2020-12-31
2021-04-13,1075,17,True,True,False,False,0.1175193126083814,288,29,0.28125,0.10673914808382612,0.0618351911599633,0.18765100529238832,0.2185787338911128,2020-12-31
2021-04-20,1080,18,True,True,False,False,0.10965071525867895,290,29,0.2689655172413793,0.22554398378918833,0.0906722226117976,0.363143029082306,0.4106825211355443,2020-12-31
2021-04-27,1085,18,True,True,False,False,0.10284530824481977,291,29,0.29209621993127144,0.17904364579774915,0.0675194968598142,0.29004967974481083,0.34532814079396457,2020-12-31
2021-05-04,1090,18,True,True,False,False,0.09604676047374934,292,29,0.28767123287671237,0.18950339922683623,0.07887097065563155,0.5709816124850834,0.44290001854848515,2020-12-31
2021-05-11,1095,18,True,True,False,False,0.11114031894056133,292,29,0.2842465753424658,0.14654980645288435,0.04319869795453662,0.8368090838364876,0.5405244555980004,2020-12-31
2021-05-18,1100,18,True,True,True,True,0.146951719235983,292,29,0.32191780821917804,0.244593842340609,0.05182525570469258,0.6744183936257078,0.4666002795143655,2020-12-31
2021-05-25,1105,18,True,True,True,False,0.14407625368125893,292,29,0.24315068493150682,0.3582220149258949,0.12692325584495134,0.5006225166503261,0.42458857629250335,2020-12-31
2021-06-02,1110,18,True,True,True,False,0.1383087313102464,292,29,0.24315068493150682,0.5547284379105544,0.2128208541614727,0.5900606855666166,0.5042809994554338,2020-12-31
2021-06-09,1115,18,True,True,False,False,0.12817006130324243,292,29,0.23972602739726023,0.2733595832819365,0.08466164894208794,0.4342530215283752,0.34495536628994344,2020-12-31
2021-06-16,1120,18,True,True,False,False,0.07071906573198503,292,29,0.20547945205479456,0.2896018801698103,0.08177659229618517,0.39610115091693276,0.31799143141430875,2020-12-31
2021-06-23,1125,18,True,True,False,False,0.0952240388255449,292,29,0.26712328767123283,0.050591296536219486,0.05138886359120042,0.09578550382923921,-0.0031669647644194665,2020-12-31
2021-06-30,1130,18,True,True,False,False,0.09732330458803076,292,29,0.24315068493150682,0.25101439008487664,0.07751491959762521,0.3562025136420804,0.16794776016884325,2021-03-31
2021-07-08,1135,18,True,True,False,False,0.10155095209118238,292,29,0.2808219178082192,0.26890542929469724,0.06046309119997513,0.4335344288149856,0.14487912076840345,2021-03-31
2021-07-15,1140,19,True,True,False,False,0.10590358138010576,292,29,0.28767123287671237,0.5678894732133222,0.09867083883070295,0.7886873484165287,0.4506227880554162,2021-03-31
2021-07-22,1145,19,True,True,False,False,0.10833046270186521,292,29,0.3116438356164384,0.6282975600215382,0.14429366485837403,0.7449151152483148,0.4580970227229859,2021-03-31
2021-07-29,1150,19,True,True,False,False,0.11429721710284346,292,29,0.26369863013698636,0.5372041877428788,0.07414949252120014,0.7055000110107724,0.3772819940502477,2021-03-31
2021-08-05,1155,19,True,True,False,False,0.11421479440392625,292,29,0.24315068493150682,0.6016331626312452,0.20027099514679797,0.818399969060076,0.44194070790987194,2021-03-31
2021-08-12,1160,19,True,True,False,False,0.10647132869405879,292,29,0.1986301369863014,0.5057398838893126,0.07555726823415454,0.7354852053962185,0.3929750221731442,2021-03-31
2021-08-19,1165,19,True,True,False,False,0.08121330159162853,292,29,0.26712328767123283,0.2572439567757517,0.11550857220570496,0.5931517415221066,0.20657036698240905,2021-03-31
2021-08-26,1170,19,True,True,False,False,0.08358109473087577,292,29,0.2568493150684932,0.1005775107083584,-0.030817961698570283,0.34784472640823383,0.022349324632816834,2021-03-31
2021-09-02,1175,19,True,True,False,False,0.0776449823081393,292,29,0.273972602739726,-0.0366154724211033,-0.012806496050196833,0.18844145527631304,-0.039592785408727106,2021-03-31
2021-09-10,1180,19,True,True,False,False,0.08637172035173915,292,29,0.226027397260274,-0.4305655551289461,-0.08205114462095112,-0.3780176577214661,-0.38732913955682075,2021-03-31
2021-09-17,1185,19,True,True,False,False,0.09371820839483627,292,29,0.18150684931506844,-0.5042469813549331,-0.12018084882621011,-0.44983675607295404,-0.43219639774512963,2021-03-31
2021-09-24,1190,19,True,True,False,False,0.11538201928196273,292,29,0.1986301369863014,-0.26539214080848383,-0.09491675237015444,-0.3352661243375657,-0.2412641520623469,2021-06-30
2021-10-01,1195,19,True,True,True,True,0.14168631647102845,292,29,0.363013698630137,-0.21646917033422655,-0.05543820691156156,-0.23889064938831422,-0.1672956117062723,2021-06-30
2021-10-08,1200,20,True,True,True,True,0.15720696895448757,292,29,0.3904109589041096,-0.6705656111280646,-0.24443003931505025,-0.7280314423458976,-0.6363319144840823,2021-06-30
2021-10-15,1205,20,True,True,True,True,0.1632054754653141,292,29,0.3561643835616438,-0.7006592172094406,-0.1736244244540256,-0.741248930335628,-0.6765174679843352,2021-06-30
2021-10-22,1210,20,True,True,True,True,0.14378888354061667,292,29,0.3013698630136986,-0.7389678001049164,-0.18869949835937155,-0.8843932350311184,-0.7736173306893402,2021-06-30
2021-10-29,1215,20,True,True,False,False,0.1068392456420242,292,29,0.31849315068493156,-0.8750020063450249,-0.28715725449974905,-1.0214152720732106,-0.835842421481164,2021-06-30
2021-11-05,1220,20,True,True,False,False,0.08220498723813431,292,29,0.32191780821917804,-1.1696066857930765,-0.3546377433834286,-1.3351758935343025,-1.1571113684085195,2021-06-30
2021-11-12,1225,20,True,True,False,False,0.06825862677341167,292,29,0.297945205479452,-1.0123509354324796,-0.2814728732193394,-1.1055390662158053,-0.9755813109614991,2021-06-30
2021-11-19,1230,20,True,True,False,False,0.06792560011123662,292,29,0.2534246575342466,-0.723893223288316,-0.21533449360699064,-0.7951254148987568,-0.6870025373195305,2021-06-30
2021-11-29,1235,20,True,True,False,False,0.11035086945900123,292,29,0.22945205479452058,-0.868469348598782,-0.2959741416539025,-0.9614655823749954,-0.7801207442566102,2021-06-30
2021-12-06,1240,20,True,True,True,True,0.15308293155057975,292,29,0.29109589041095896,-0.6383131219577457,-0.2262840578171337,-0.6692348024943346,-0.5385956776430203,2021-06-30
2021-12-13,1245,20,True,True,True,True,0.1747030815972672,292,29,0.34246575342465757,-0.7429437066867083,-0.26932092426867593,-0.7485914158270456,-0.6358289828587981,2021-06-30
2021-12-20,1250,20,True,True,True,True,0.19629216982704048,292,29,0.3595890410958904,-0.9183550233748967,-0.31247100613828965,-1.035933659758899,-0.7901229260057183,2021-06-30
2021-12-28,1255,20,True,True,True,True,0.1960698074356805,292,29,0.3253424657534246,-0.5815832780498289,-0.16766518626125743,-0.7014884188317924,-0.4609614921368453,2021-09-30
2022-01-04,1260,21,True,True,True,True,0.16076788033416162,292,29,0.32191780821917804,-0.5124776205737397,-0.14442126751510145,-0.6416347257571732,-0.3748553216867881,2021-09-30
2022-01-11,1265,21,True,True,True,True,0.15674230701281922,292,29,0.2773972602739726,-0.1149509847613161,-0.02419871290616957,-0.5125415277396744,-0.2569071594693501,2021-09-30
2022-01-19,1270,21,True,True,True,True,0.15411867939623425,292,29,0.2226027397260274,-0.030162653611716057,-0.024314559592210627,-0.29527941037764355,-0.15874301301786625,2021-09-30
2022-01-26,1275,21,True,True,False,False,0.13482426795750693,292,29,0.23630136986301364,0.17405953768026858,0.01399321958093396,-0.19293528117437894,0.025393982414743308,2021-09-30
2022-02-02,1280,21,True,True,True,True,0.1922988906762129,292,29,0.23630136986301364,-0.06867692400339691,-0.028011620142688095,-0.6188079550770428,-0.2998340552637922,2021-09-30
2022-02-09,1285,21,True,True,True,True,0.20736029584467192,292,29,0.18150684931506844,-0.339389113926875,-0.1207091910279931,-1.0927162782273365,-0.7408774133159629,2021-09-30
2022-02-16,1290,21,True,True,True,True,0.21949948155512303,292,29,0.15753424657534243,-0.3805065087533587,-0.22322512050537155,-1.0218780660545297,-0.6896062557845979,2021-09-30
2022-02-24,1295,21,True,True,True,True,0.23335850728845428,292,29,0.273972602739726,-0.381972204511444,-0.22930862116072862,-0.8989133779430094,-0.6192364347174063,2021-09-30
2022-03-03,1300,21,True,True,True,True,0.22992118257183589,292,29,0.3082191780821918,-0.6287964752895425,-0.27847596730101126,-0.9423361502748212,-0.7620044843506781,2021-09-30
2022-03-10,1305,21,True,True,True,True,0.24999951373360668,292,29,0.24315068493150682,-0.3281116516722116,-0.12386672526752014,-0.6019250807887969,-0.4249896503648564,2021-09-30
2022-03-17,1310,21,True,True,True,True,0.26555332485521005,292,29,0.26712328767123283,-0.3010340781735065,-0.182473769405013,-0.6844106128142025,-0.434948332145653,2021-09-30
2022-03-24,1315,21,True,True,True,True,0.24750185769589367,292,29,0.2534246575342466,-0.5502195779672998,-0.17486117918520655,-0.8429637629595226,-0.5785563553979555,2021-09-30
2022-03-31,1320,22,True,True,True,True,0.23319939655460492,292,29,0.18835616438356162,-0.5164969917790283,-0.17027570169619244,-0.6586609130808501,-0.39419821434585123,2021-12-31
2022-04-07,1325,22,True,True,True,True,0.1877402261454251,292,29,0.2534246575342466,-0.20042411109016348,-0.10129506432133506,-0.37169512146885,-0.13573865271710814,2021-12-31
2022-04-14,1330,22,True,True,True,True,0.16518629140399035,292,29,0.25,-0.34498536419108883,-0.1572857172877299,-0.45788709104228026,-0.3232264563525515,2021-12-31
2022-04-22,1335,22,True,True,True,True,0.1841839534213318,292,29,0.226027397260274,0.06968343862127559,-0.015128873165784202,0.15908112875772712,0.04356244710300511,2021-12-31
2022-04-29,1340,22,True,True,True,True,0.24937596956995967,292,29,0.20890410958904104,-0.16391703094638443,-0.07403679282124098,-0.06085433936178491,-0.1159169011387086,2021-12-31
2022-05-06,1345,22,True,True,True,True,0.29710931844124566,292,29,0.1917808219178082,0.8119004353874587,0.13308427026541378,1.0392753031777162,0.8277390155554906,2021-12-31
2022-05-13,1350,22,True,True,True,True,0.32423208676948123,292,29,0.2842465753424658,0.9760642958116743,0.24482312824971794,1.2794278350514454,0.9619565364288875,2021-12-31
2022-05-20,1355,22,True,True,True,True,0.3409862205293429,292,29,0.26712328767123283,0.6088955942315177,0.175502988090773,0.948506587276531,0.44749705217694213,2021-12-31
2022-05-27,1360,22,True,True,True,True,0.32004386418322134,292,29,0.2705479452054794,0.49758905673439924,0.14029782416395753,0.8295325084613014,0.5041813692750342,2021-12-31
2022-06-06,1365,22,True,True,True,True,0.28637675924816275,292,29,0.2705479452054794,0.318734680490161,0.0751667917683303,0.48893920641575384,0.31555930600242776,2021-12-31
2022-06-13,1370,22,True,True,True,True,0.3084877885244336,292,29,0.24315068493150682,0.18168068134019133,0.06783322441146894,0.6008871762630515,0.2886157469434881,2021-12-31
2022-06-21,1375,22,True,True,True,True,0.3084071314839975,292,29,0.20890410958904104,-0.001676295121917755,0.007805192133860543,0.3084002473554607,-0.015429088708136453,2021-12-31
2022-06-28,1380,23,True,True,True,True,0.30333234458560004,292,29,0.26027397260273977,-0.04914140442737037,0.014925066477749702,-0.0020818828881205872,-0.08057347676120656,2022-03-31
2022-07-06,1385,23,True,True,True,True,0.2937497418665129,292,29,0.32191780821917804,-0.2015046102240057,-0.030801669621648882,-0.07833219462357463,-0.23531694173031756,2022-03-31
2022-07-13,1390,23,True,True,True,True,0.2342071396906638,292,29,0.34246575342465757,0.07874582327158391,0.09705166811661173,0.19363062430941355,-0.0495320397568528,2022-03-31
2022-07-20,1395,23,True,True,True,True,0.2081644574164293,292,29,0.3116438356164384,-0.6555089677187781,-0.2121755315886771,-0.6638499839046351,-0.6771989374966652,2022-03-31
2022-07-27,1400,23,True,True,True,True,0.19016079470604064,292,29,0.29109589041095896,-0.40260769896001586,-0.09637309261058208,-0.3786007488350083,-0.41212491707102167,2022-03-31
2022-08-03,1405,23,True,True,True,True,0.20028892217771901,292,29,0.36986301369863017,-0.3759116385263888,-0.1313938749111518,-0.5128499218863666,-0.5211047821912669,2022-03-31
2022-08-10,1410,23,True,True,True,True,0.19253940304160547,292,29,0.3013698630136986,-0.6633367712853695,-0.20310000648206344,-0.9100275902447992,-0.8197557019361681,2022-03-31
2022-08-17,1415,23,True,True,True,True,0.1700799600043567,292,29,0.3253424657534246,-0.23010655470453614,-0.09045907683307892,-0.4149812196928959,-0.3612053572863919,2022-03-31
2022-08-24,1420,23,True,True,True,True,0.16585644001114022,292,29,0.3321917808219178,-0.4096340361797306,-0.09813167228834867,-0.4411185890823909,-0.4196157037430147,2022-03-31
2022-08-31,1425,23,True,True,True,True,0.1967647153541006,292,29,0.1404109589041096,-0.13101834971238036,-0.01438144584792122,-0.22362437903220234,-0.1300613547445523,2022-03-31
2022-09-08,1430,23,True,True,True,True,0.19805070664052957,292,29,0.3253424657534246,-0.16948630523024627,-0.020122852378363188,-0.23758004925478213,-0.13687581908016275,2022-03-31
2022-09-15,1435,23,True,True,True,True,0.2502022646966946,292,29,0.2568493150684932,-0.3244430553492708,-0.034026534934008396,-0.397722578302889,-0.28256837935557816,2022-03-31
2022-09-22,1440,24,True,True,True,True,0.24930190261370488,292,29,0.3116438356164384,-0.39194854398010726,-0.104247074159209,-0.4791450587604245,-0.30691885532334473,2022-03-31
2022-09-29,1445,24,True,True,True,True,0.24317709396282797,292,29,0.23972602739726023,-0.3563385481120403,-0.1254582379055667,-0.4564395978420864,-0.2873204452097,2022-06-30
2022-10-06,1450,24,True,True,True,True,0.28410914049523356,292,29,0.3356164383561644,-0.7534694984735968,-0.25436195347454765,-0.9771734804273359,-0.8157115583393095,2022-06-30
2022-10-13,1455,24,True,True,True,True,0.26555545110022344,292,29,0.24315068493150682,-0.5088055469765344,-0.11037163458373239,-0.5347758766128392,-0.525116943223402,2022-06-30
2022-10-20,1460,24,True,True,True,True,0.2871626103809366,292,29,0.26027397260273977,-0.29734894042848004,-0.010922794627980811,-0.2460781652663359,-0.31409221746565663,2022-06-30
2022-10-27,1465,24,True,True,True,True,0.2818420610986965,292,29,0.2568493150684932,-0.5673051292059509,-0.1404662861154219,-0.4889230278986296,-0.5767047701258614,2022-06-30
2022-11-03,1470,24,True,True,True,True,0.26948114915401705,292,29,0.15753424657534243,-0.2562573397900701,-0.08500673489469182,-0.0006197812931218432,-0.2057016161346355,2022-06-30
2022-11-10,1475,24,True,True,True,True,0.3122150045180449,292,29,0.226027397260274,-0.0866411726984905,-0.05228705495439675,0.020211841975752164,-0.18269504243140436,2022-06-30
2022-11-17,1480,24,True,True,True,True,0.2872000392833618,292,29,0.20890410958904104,0.08268392260697391,0.06851774243376696,0.28612503525058425,0.014022217995155035,2022-06-30
2022-11-25,1485,24,True,True,True,True,0.2707409333119832,292,29,0.26027397260273977,0.2443264084045394,0.1346151688994136,0.5356279357038556,0.24484959886325908,2022-06-30
2022-12-02,1490,24,True,True,True,True,0.2609159584743614,292,29,0.24315068493150682,0.26686288143914766,0.11614668982521786,0.47245422979797014,0.23241583522473042,2022-06-30
2022-12-09,1495,24,True,True,True,True,0.18077572538028508,292,29,0.2191780821917808,0.31828911264789705,0.13784545685277347,0.4855424821521896,0.2835329729883896,2022-06-30
2022-12-16,1500,25,True,True,True,True,0.20900242758185542,292,29,0.297945205479452,0.2235492202856289,0.0907604228355027,0.36186463756988146,0.22062414315573192,2022-06-30
2022-12-23,1505,25,True,True,True,True,0.21528328204379218,292,29,0.2534246575342466,0.33465827681760385,0.03026159575195748,0.6166837642615972,0.2996101533335223,2022-06-30
2023-01-03,1510,25,True,True,True,True,0.1880019241712765,292,29,0.31506849315068497,0.5046552453925757,0.11528707766791638,0.8666050775455194,0.5553290499607229,2022-09-30
2023-01-10,1515,25,True,True,True,True,0.19905005682582266,292,29,0.3253424657534246,0.6224145900702555,0.1823982224683434,0.812410779270838,0.6352166073310452,2022-09-30
2023-01-18,1520,25,True,True,True,False,0.17212625373386403,292,29,0.3047945205479452,0.7424818743525329,0.23794002918953455,0.9374383731426842,0.668079945813072,2022-09-30
2023-01-25,1525,25,True,True,True,False,0.16948699407753293,292,29,0.29109589041095896,0.5194862783785721,0.17456037547717207,0.600312536248444,0.4882403720594264,2022-09-30
2023-02-01,1530,25,True,True,True,False,0.16561317587839552,292,29,0.23287671232876717,0.10000923185269674,0.01988032647878663,0.10753164998760455,0.18128212056001253,2022-09-30
2023-02-08,1535,25,True,True,True,False,0.16770132563556162,292,29,0.2808219178082192,0.10377873703174166,-0.006412000156115923,0.10575806884083228,0.19873115181228412,2022-09-30
2023-02-15,1540,25,True,True,True,False,0.1578322669639558,292,29,0.28767123287671237,0.06688239198527013,-0.004000104237479162,-0.02870993512798644,0.136366727111143,2022-09-30
2023-02-23,1545,25,True,True,True,False,0.16779979325001923,292,29,0.23287671232876717,0.5575411914264937,0.14330993208514298,0.586911494627685,0.48605434336113906,2022-09-30
2023-03-02,1550,25,True,True,True,False,0.14910141713899933,292,29,0.20890410958904104,0.5106485118430998,0.07551376229364737,0.6124336460271593,0.42204489980541915,2022-09-30
2023-03-09,1555,25,True,True,True,False,0.15447404605519485,292,29,0.2465753424657534,0.5553873712390686,0.13743217205445574,0.8091741554281335,0.5470056256417692,2022-09-30
2023-03-16,1560,26,True,True,True,True,0.17905614867563727,292,29,0.28767123287671237,0.5356072993680647,0.12410468064849964,0.9143994451151864,0.6132685211421236,2022-09-30
2023-03-23,1565,26,True,True,True,True,0.18807105758189177,292,29,0.226027397260274,0.42261379970848506,0.07982701325818216,0.717916920422859,0.4877890410671548,2022-09-30
2023-03-30,1570,26,True,True,True,True,0.191044758873371,292,29,0.297945205479452,0.4058111610972804,0.06904172001109429,0.7039227118107462,0.48423258147819276,2022-12-30
2023-04-06,1575,26,True,True,True,False,0.16662133009467162,292,29,0.26027397260273977,0.5603382369753198,0.13729616942303147,0.7314798222474217,0.5535449822058074,2022-12-30
2023-04-14,1580,26,True,True,True,False,0.1400954365112189,292,29,0.22945205479452058,0.6434516788388825,0.18123264037701892,0.8739459832078873,0.6253096003821513,2022-12-30
2023-04-21,1585,26,True,True,False,False,0.09590038516355542,292,29,0.2465753424657534,0.6045878156286865,0.16218903374109808,0.8232952258872013,0.5697516652317192,2022-12-30
2023-04-28,1590,26,True,True,False,False,0.12634992825458194,292,29,0.3013698630136986,0.8998728831334811,0.21364725032657292,1.1120149722335464,0.7598773973223376,2022-12-30
2023-05-05,1595,26,True,True,True,False,0.14325042548119477,292,29,0.21232876712328763,0.9087724244899197,0.26648216960798776,1.1961763156603191,0.8322513672382632,2022-12-30
2023-05-12,1600,26,True,True,True,False,0.13612133695912892,292,29,0.18835616438356162,0.6438949525974348,0.24700562342987678,0.9665396214869314,0.6076366933346451,2022-12-30
2023-05-19,1605,26,True,True,True,False,0.1474391977487547,292,29,0.22945205479452058,0.14893679227755585,0.043404327963316884,0.22948079130786603,0.07809116530501707,2022-12-30
2023-05-26,1610,26,True,True,False,False,0.1327117328328235,292,29,0.3904109589041096,0.16797661127678454,0.021733726803414392,0.2469442994849049,0.1621026182249405,2022-12-30
2023-06-05,1615,26,True,True,False,False,0.11737315131861104,292,29,0.37328767123287676,0.23772141441263053,0.014314325589631555,0.31477611757211343,0.21028312360758755,2022-12-30
2023-06-12,1620,27,True,True,False,False,0.1181034434647522,292,29,0.34931506849315064,0.12195781398380402,-0.06751542271116334,0.24290807665510789,0.1309106199062921,2022-12-30
2023-06-20,1625,27,True,True,False,False,0.11931052953203422,292,29,0.20205479452054798,0.04942051717813073,-0.05922190061743802,0.14877588458316335,0.09623782100234292,2022-12-30
2023-06-27,1630,27,True,True,False,False,0.10979407174369686,292,29,0.23287671232876717,-0.17124991113097476,-0.07388618206934847,-0.1904850846666856,-0.15747648267022782,2022-12-30
2023-07-05,1635,27,True,True,False,False,0.09888014914961686,292,29,0.1986301369863014,0.2371519505393475,0.13534072114450857,0.26986262261990124,0.2515538184748137,2023-03-31
2023-07-12,1640,27,True,True,False,False,0.1034806340172872,292,29,0.23287671232876717,0.3362837146887913,0.17883030150829715,0.3313320925699795,0.32889048390724424,2023-03-31
2023-07-19,1645,27,True,True,False,False,0.09096586420955359,292,29,0.2568493150684932,0.1747675248127329,0.13725654053157443,0.12759775544401034,0.18098482550066675,2023-03-31
2023-07-26,1650,27,True,True,False,False,0.07723200876862299,292,29,0.3013698630136986,0.21594584919287677,0.12418350336516698,0.18910604041340198,0.22107801710298167,2023-03-31
2023-08-02,1655,27,True,True,False,False,0.0976338538922751,292,29,0.3321917808219178,0.0869486743831741,0.04720629408845935,-0.044069489291073044,0.1389907698026697,2023-03-31
2023-08-09,1660,27,True,True,False,False,0.09776447083890831,292,29,0.37671232876712324,0.024419583925728763,-0.05241043690752007,0.02766096323155274,0.09539442189349884,2023-03-31
2023-08-16,1665,27,True,True,False,False,0.09949931166865227,292,29,0.23287671232876717,0.3672386583180475,0.06466746179144289,0.372865177163402,0.35707142531561814,2023-03-31
2023-08-23,1670,27,True,True,False,False,0.11099212103545594,292,29,0.24315068493150682,0.287267267388621,0.06672626531233126,0.2949351476895515,0.263878700141816,2023-03-31
2023-08-30,1675,27,True,True,False,False,0.12234324094794674,292,29,0.2465753424657534,0.08011900127232988,0.08266474924642993,0.09276726340227347,0.10034739637773317,2023-03-31
2023-09-07,1680,28,True,False,False,False,0.11740087555897065,292,29,0.226027397260274,0.3494111418309016,0.10778973979674085,0.3633375451734638,0.33396014413857067,2023-03-31
2023-09-14,1685,28,True,False,False,False,0.11165385064307433,292,29,0.24315068493150682,0.42646716128598844,0.15917355770559566,0.43931222984580565,0.3925751893128568,2023-03-31
2023-09-21,1690,28,True,False,False,False,0.13169740603302124,292,29,0.25,0.5018128162918254,0.2015790980157477,0.623781787530388,0.4485365133392882,2023-03-31
2023-09-28,1695,28,True,False,False,False,0.1138819757949677,292,29,0.21575342465753422,0.6367087593398872,0.04008673403989671,0.7516449050936732,0.5586123719312726,2023-06-30
2023-10-05,1700,28,False,False,False,False,0.12396481715486295,292,29,0.22945205479452058,0.8505241991013082,0.13206442949297736,0.9966017872000477,0.7789191292188297,2023-06-30
2023-10-12,1705,28,False,False,False,False,0.13172187566479007,292,29,0.2773972602739726,0.7254533491136923,0.1252243324478916,1.0532759803587073,0.7708574920007041,2023-06-30
2023-10-19,1710,28,False,False,False,False,0.12392913220172759,292,29,0.2534246575342466,0.46780026622066606,0.07867590534920467,0.7083380335644177,0.4067102642524497,2023-06-30
2023-10-26,1715,28,False,False,True,False,0.1354116193464489,292,29,0.3527397260273972,0.5174972158919401,0.11336022776958533,0.6711320059248099,0.4450890922730857,2023-06-30
2023-11-02,1720,28,False,False,True,False,0.15812848406302998,292,29,0.3253424657534246,0.4471640452162968,0.0821057558947514,0.5383970229822325,0.2956239600672731,2023-06-30
2023-11-09,1725,28,False,False,True,False,0.1541814386777394,292,29,0.2191780821917808,0.5195474261465073,0.12662623943230258,0.5772188738156584,0.40887403682120255,2023-06-30
2023-11-16,1730,28,False,False,True,False,0.15773563645753408,292,29,0.2226027397260274,0.5874305915259559,0.11303845405970346,0.798010351318932,0.6446747010880122,2023-06-30
2023-11-24,1735,28,False,False,False,False,0.11833843707809603,292,29,0.24315068493150682,0.37620050887338763,0.0026955255686975325,0.5286806376475428,0.3938295212584279,2023-06-30
2023-12-01,1740,29,False,False,False,False,0.09737564281165521,292,29,0.31849315068493156,0.3037960900479153,0.02125959753287728,0.391309940936526,0.23231570097835377,2023-06-30
2023-12-08,1745,29,False,False,False,False,0.09682314603777716,292,29,0.2191780821917808,0.3699080889748019,0.012650299150046134,0.4349708012379528,0.3381411714261563,2023-06-30
2023-12-15,1750,29,False,False,False,False,0.07620889498804975,292,29,0.26369863013698636,0.39133411063102025,-0.004604792029391042,0.36744917439052655,0.3878740680303215,2023-06-30
2023-12-22,1755,29,False,False,False,False,0.09768052185017141,292,29,0.2842465753424658,0.1310072748755552,-0.047274081283109934,0.13704944223552598,0.10964521967440961,2023-06-30
2024-01-02,1760,29,False,False,False,False,0.10048397540928945,292,29,0.226027397260274,0.3691751662984961,0.0740147874095566,0.39821973942823435,0.33360944526224634,2023-09-29
2024-01-09,1765,29,False,False,False,False,0.11075942994925812,292,29,0.1678082191780822,0.41108301885492476,0.10702980149299932,0.39177799958254667,0.39932367003356506,2023-09-29
2024-01-17,1770,29,False,False,False,False,0.10141039198429073,292,29,0.17465753424657537,0.09543635297425881,-0.011310238692174221,0.0783296871535678,0.09991911041157675,2023-09-29
2024-01-24,1775,29,False,False,False,False,0.09219645909716447,292,29,0.18493150684931503,-0.19742474218643216,-0.04957956424153165,-0.35081513212025295,-0.1745334150467398,2023-09-29
2024-01-31,1780,29,False,False,False,False,0.11210377127274924,292,29,0.1917808219178082,-0.2337113055695671,-0.0751490265093865,-0.26338360969188634,-0.20112329356256636,2023-09-29
2024-02-07,1785,29,False,False,False,False,0.11123774920603366,292,29,0.26712328767123283,-0.47081214542548955,-0.13105504877532229,-0.535979770439618,-0.48325737314284667,2023-09-29
2024-02-14,1790,29,False,False,False,False,0.12289581093202498,292,29,0.1952054794520548,-0.2530666746778424,-0.07675037580803082,-0.3095092794373062,-0.2325306185141141,2023-09-29
2024-02-22,1795,29,False,False,True,False,0.13959892806403773,292,29,0.23287671232876717,-0.27549721117583853,-0.1336226508817714,-0.27271979350427195,-0.2622913542647494,2023-09-29
2024-02-29,1800,30,False,False,False,False,0.12137535480011373,292,29,0.297945205479452,-0.014546327771044934,-0.035381114543863446,0.024346299233516628,-0.031682910276273214,2023-09-29
2024-03-07,1805,30,False,False,False,False,0.12225516941869481,292,29,0.226027397260274,-0.17808073614436676,-0.10359229328807862,-0.13317592582354895,-0.1364553245025878,2023-09-29
2024-03-14,1810,30,False,False,False,False,0.11413401540300518,292,29,0.20890410958904104,-0.017306555994174022,0.038198560107056294,0.0947080578360546,-0.043056191198259305,2023-09-29
2024-03-21,1815,30,False,False,False,False,0.09798662727470984,292,29,0.15753424657534243,0.11372476913020041,0.02829723397022637,0.1430841812629031,0.04489525135468104,2023-09-29
2024-03-28,1820,30,False,False,False,False,0.10142425432879003,292,29,0.1678082191780822,-0.09101928981339888,-0.15302286953856548,-0.021857077907024673,-0.1467829266994094,2023-12-29
2024-04-05,1825,30,False,False,False,False,0.10337514444190132,292,29,0.23287671232876717,0.12670764918775818,-0.009452204177141613,0.27770527300180814,0.18540823556972708,2023-12-29
2024-04-12,1830,30,False,False,False,False,0.11494694656873698,292,29,0.18493150684931503,0.2800495820451782,-0.05005229204911055,0.38787662563705905,0.3021197461086026,2023-12-29
2024-04-19,1835,30,False,False,False,False,0.10769963867299943,292,29,0.26027397260273977,0.3187589452577548,0.010750606824257943,0.46623782492922383,0.4011440249158183,2023-12-29
2024-04-26,1840,30,False,False,False,False,0.12712564125446726,292,29,0.34246575342465757,0.09114145866536359,-0.08275476071816319,0.10116284624200565,0.18160303188225763,2023-12-29
2024-05-03,1845,30,False,False,True,False,0.13923612038623498,292,29,0.3253424657534246,-0.1786921558861527,-0.06044759452406531,-0.26527555194245805,-0.13383291945799336,2023-12-29
2024-05-10,1850,30,False,False,False,False,0.12843202885435265,292,29,0.34246575342465757,-0.21922459299027536,-0.09610264486264543,-0.21212377716327757,-0.07257329357907129,2023-12-29
2024-05-17,1855,30,False,False,False,False,0.11169008768879186,292,29,0.28767123287671237,0.13131859237779236,-0.007474752290927699,0.0645483190954222,0.18322286651994504,2023-12-29
2024-05-24,1860,31,False,False,False,False,0.10717653045145417,292,29,0.3664383561643836,-0.05172273433550473,-0.015850235613414393,-0.037160630217511835,0.0018281228205858627,2023-12-29
2024-06-03,1865,31,False,False,False,False,0.08632644754056888,292,29,0.31506849315068497,-0.2210569711640224,-0.04299068387381918,-0.1832756864918936,-0.12323763776614687,2023-12-29
2024-06-10,1870,31,False,False,False,False,0.08800338653753506,292,29,0.3013698630136986,0.01572296476107033,-0.0010078613553984594,-0.051063609135987315,0.032558410479746586,2023-12-29
2024-06-17,1875,31,False,False,False,False,0.08382134598573308,292,29,0.273972602739726,0.1383873173262401,0.062107757309475535,0.020299316717845538,0.15169348086892753,2023-12-29
2024-06-25,1880,31,False,False,False,False,0.08060311430031962,292,29,0.2191780821917808,-0.09534013376024868,-0.05400554312345432,-0.2183213961878033,-0.06836218938234896,2024-03-28
2024-07-02,1885,31,False,False,False,False,0.06765532666163666,292,29,0.1986301369863014,-0.05162566834624492,-0.04643387372865029,-0.18802927441379266,-0.06632162898910998,2024-03-28
2024-07-10,1890,31,False,False,False,False,0.06442361356562624,292,29,0.25,-0.15318876354840202,-0.07214917613480723,-0.2795371910520448,-0.09905903452863614,2024-03-28
2024-07-17,1895,31,False,False,False,False,0.09063491954876904,292,29,0.3527397260273972,0.18676730437323918,0.08760558859767227,0.14500217506528065,0.19588727443942872,2024-03-28
2024-07-24,1900,31,False,False,False,False,0.131288210418046,292,29,0.3047945205479452,0.14666120283333242,0.044250345415973794,0.1661972732678652,0.1592599984698952,2024-03-28
2024-07-31,1905,31,False,False,True,False,0.14901751174319158,292,29,0.3972602739726028,0.14719425596172186,0.046056515811639845,0.1486447982704643,0.16177334770483198,2024-03-28
2024-08-07,1910,31,False,False,True,True,0.19085778105872245,292,29,0.37328767123287676,0.41885081331098617,0.10823575389428228,0.5248087685289012,0.3081029317792148,2024-03-28
2024-08-14,1915,31,False,False,True,True,0.21555583566559122,292,29,0.386986301369863,0.35856210423088314,0.13365033151786215,0.43943533202980883,0.23496034762148177,2024-03-28
2024-08-21,1920,32,False,False,True,True,0.20405336801960453,292,29,0.3082191780821918,0.375574586979002,0.1530218053922504,0.38728959080692027,0.2742973928082735,2024-03-28
2024-08-28,1925,32,False,False,True,True,0.1984327936587373,292,29,0.29452054794520544,0.3809394824440016,0.15484297600083063,0.45275130331780644,0.24866029171563533,2024-03-28
2024-09-05,1930,32,False,False,True,False,0.15476875622364697,292,29,0.31849315068493156,0.18069184360732837,0.08759934408800657,0.284531050408449,0.05857004062147148,2024-03-28
2024-09-12,1935,32,False,False,True,False,0.15050163931110155,292,29,0.24315068493150682,0.4033288273198515,0.1786692487579813,0.4951921348231582,0.29798150691534453,2024-03-28
2024-09-19,1940,32,False,False,True,False,0.14818217868882336,292,29,0.2808219178082192,0.3708592612761928,0.11043416893356203,0.4713861515565049,0.338437547044954,2024-03-28
2024-09-26,1945,32,False,False,True,False,0.1402671435948638,292,29,0.25,0.5042769359558099,0.1640520197493136,0.5864982990783576,0.41539569763883766,2024-06-28
2024-10-03,1950,32,False,False,False,False,0.11734974086540789,292,29,0.3082191780821918,0.29849558094178485,0.09984291235536633,0.4421499845290013,0.2536360447464712,2024-06-28
2024-10-10,1955,32,False,False,False,False,0.09960047078119559,292,29,0.2191780821917808,0.10045800394990154,0.041636005795287354,0.2773824837437377,0.07547186650410331,2024-06-28
2024-10-17,1960,32,False,False,False,False,0.09115813460374576,292,29,0.2568493150684932,0.21037285520724147,0.09604497029973824,0.37734406170919954,0.2082748822566568,2024-06-28
2024-10-24,1965,32,False,False,False,False,0.0954553192676649,292,29,0.1643835616438356,0.1320133005991064,0.03179431920700358,0.45925823380285186,0.19258334313571696,2024-06-28
2024-10-31,1970,32,False,False,False,False,0.11506711256923359,292,29,0.20547945205479456,0.23125564437445176,0.025406513685938138,0.4435257529358599,0.2131034724089155,2024-06-28
2024-11-07,1975,32,False,False,True,False,0.1402264053736098,292,29,0.1986301369863014,0.28575104022968195,0.02500200333586912,0.44688046744132853,0.3388504739336179,2024-06-28
2024-11-14,1980,33,False,False,True,False,0.13677395047239976,292,29,0.20890410958904104,0.4549313423196059,0.012353169217424999,0.5013436939603633,0.4038449265576721,2024-06-28
2024-11-21,1985,33,False,False,True,False,0.14172047752824773,292,29,0.1986301369863014,0.1413481022351949,-0.0287172214652585,0.1187295428686235,0.1240739667638064,2024-06-28
2024-11-29,1990,33,False,False,False,False,0.1188841474233134,292,29,0.15410958904109584,-0.3320444605624396,-0.15662449169530201,-0.40773231547481426,-0.35787933733269733,2024-06-28
2024-12-06,1995,33,False,False,False,False,0.07441169757320105,292,29,0.17808219178082196,-0.40247953567882183,-0.14377756205280542,-0.8156558579982103,-0.5157756443367417,2024-06-28
2024-12-13,2000,33,False,False,False,False,0.07922369207819903,292,29,0.15410958904109584,-0.34707352316792733,-0.14009591080062472,-0.7101632206198001,-0.49524288635838626,2024-06-28
2024-12-20,2005,33,False,False,False,False,0.1294839911775717,292,29,0.1917808219178082,0.15127971641318733,0.04757541478529824,-0.15913254112680222,-0.07252650949725274,2024-06-28
2024-12-30,2010,33,False,False,True,False,0.1430082653639315,292,29,0.23630136986301364,0.1876405336851319,0.05040394928146176,-0.028589394037469466,0.08679873405312158,2024-09-30
2025-01-07,2015,33,False,False,True,False,0.15489253561114733,292,29,0.1643835616438356,-0.031835542721099716,-0.007325518734344507,-0.22242752368341365,-0.06558560164817634,2024-09-30
2025-01-15,2020,33,False,False,True,True,0.17424392678408737,292,29,0.2465753424657534,0.06447089096474908,0.018821904225061394,-0.034333111004817576,0.08506691030992478,2024-09-30
2025-01-23,2025,33,False,False,True,False,0.14136189687944048,292,29,0.29109589041095896,0.08372520745907625,0.021769251804403547,-0.01182625475698659,0.1393044548155994,2024-09-30
2025-01-30,2030,33,False,False,True,False,0.13849285763622587,292,29,0.3047945205479452,0.18014827797818894,0.04535745292834818,0.11967842660864775,0.21635231838317068,2024-09-30
2025-02-06,2035,33,False,False,False,False,0.1289021278857827,292,29,0.2773972602739726,0.015399346305370334,0.006647316105411931,-0.035682055359718405,0.05783438287292324,2024-09-30
2025-02-13,2040,34,False,False,False,False,0.11161839499771306,292,29,0.3356164383561644,0.047357555075172295,0.03578398096654538,0.03067014147244586,0.08531987514791904,2024-09-30
2025-02-21,2045,34,False,False,False,False,0.11758872394270145,292,29,0.38013698630136983,0.18884160413387394,0.07388701828278973,0.2466133308995116,0.21804830254447322,2024-09-30
2025-02-28,2050,34,False,False,False,False,0.1288734663575845,292,29,0.31849315068493156,0.07152169527584971,0.0628774805382741,0.21420097986926903,0.09329225875919528,2024-09-30
2025-03-07,2055,34,False,False,True,True,0.15884320444555572,292,29,0.3253424657534246,0.23730926273741235,0.07392714735482553,0.32484663476464004,0.1559090963105563,2024-09-30
2025-03-14,2060,34,False,False,True,True,0.19545409862720664,292,29,0.273972602739726,0.2723589066087889,0.07051109365353997,0.37601377293984994,0.2263469809908772,2024-09-30
2025-03-21,2065,34,False,False,True,True,0.19924942603320972,292,29,0.23287671232876717,0.06469881492144718,-0.0015527934759345802,0.13979466095506407,0.032818037342548276,2024-09-30
2025-03-28,2070,34,False,False,True,True,0.20918499202815632,292,29,0.20205479452054798,-0.035220538459117184,-0.002025007784419282,0.1372584164399456,-0.06491252394278374,2024-09-30
2025-04-04,2075,34,False,False,True,True,0.3206579079582804,292,29,0.2534246575342466,0.030701985058028666,-0.03840863585143955,0.30077325211705597,-0.006655359166962295,2024-12-31
2025-04-11,2080,34,False,False,True,True,0.5222801177139705,292,29,0.2568493150684932,0.01076485062833499,-0.017472197456116386,0.22037674447033972,0.007488973459586668,2024-12-31
2025-04-21,2085,34,False,False,True,True,0.5299014369123645,292,29,0.3082191780821918,-0.10952128620562122,-0.04969588008230802,0.0636536833174191,-0.14436814111260116,2024-12-31
2025-04-28,2090,34,False,False,True,True,0.5406890245164352,292,29,0.24315068493150682,-0.04993882745680031,-0.03822195207151912,0.07246675646614796,-0.08984182171420027,2024-12-31
2025-05-05,2095,34,False,False,True,True,0.45708566752934526,292,29,0.15753424657534243,0.14490950182812026,0.04687791900804633,0.3879611597256049,0.1353918892530285,2024-12-31
2025-05-12,2100,35,False,False,True,True,0.22289034416257486,292,29,0.3013698630136986,0.39222973608358547,0.09772909876121902,0.49181432767970173,0.3316591401203079,2024-12-31
2025-05-19,2105,35,False,False,True,True,0.16299575515278497,292,29,0.2705479452054794,0.4281131958471086,0.19962140168614106,0.5802059510493486,0.35537927225616484,2024-12-31
2025-05-27,2110,35,False,False,True,True,0.17081451052759158,292,29,0.29109589041095896,0.11883804997541844,0.1171168133430207,0.270455900069674,0.0890376838889245,2024-12-31
2025-06-03,2115,35,False,False,True,True,0.1654890160053515,292,29,0.26369863013698636,0.32007644051903883,0.09606556188133386,0.6368485472073837,0.3294308133808571,2024-12-31
2025-06-10,2120,35,False,False,False,False,0.12087969423449588,292,29,0.1986301369863014,0.2096120776976833,0.01802704179834674,0.5332012408470634,0.23410778693830103,2024-12-31
2025-06-17,2125,35,False,False,False,False,0.13439242591823744,292,29,0.21575342465753422,0.19363056433476833,0.10684199630915307,0.4601683974913339,0.20719020404890148,2024-12-31
2025-06-25,2130,35,False,False,False,False,0.10301543233787043,292,29,0.1952054794520548,-0.006247395413252406,0.03322910013681816,0.2941928160400616,0.022436879487061766,2024-12-31
2025-07-02,2135,35,False,False,False,False,0.10103846410412662,292,29,0.3047945205479452,0.1554698287152622,0.1235734554394406,0.2896775737078544,0.1025748462183243,2025-03-31
2025-07-10,2140,35,False,False,False,False,0.10181443615239094,292,29,0.2191780821917808,0.11176857843134143,0.07729675529736918,0.21983309018615058,0.012312859939654091,2025-03-31
2025-07-17,2145,35,False,False,False,False,0.0811517691238817,292,29,0.23630136986301364,0.015174684993837569,-0.026143314616218653,0.13288963767449846,-0.07453416526899215,2025-03-31
2025-07-24,2150,35,False,False,False,False,0.06843191631155891,292,29,0.17808219178082196,-0.007019256912756726,-0.018919173469784493,0.09145313864696297,-0.1626354229022826,2025-03-31
2025-07-31,2155,35,False,False,False,False,0.06757899314256856,292,29,0.2191780821917808,0.16866427069317033,-0.01878039211222772,0.2533177226425968,-0.04278808069217945,2025-03-31
2025-08-07,2160,36,False,False,False,False,0.10165769326154034,292,29,0.226027397260274,0.3456337840785835,0.09058232986500814,0.42752518573156906,0.13877466049831982,2025-03-31
2025-08-14,2165,36,False,False,False,False,0.10650226075508742,292,29,0.18150684931506844,0.3342099266329043,0.06809165419352081,0.42124205879770604,0.21902658800117933,2025-03-31
2025-08-21,2170,36,False,False,False,False,0.10759992680255481,292,29,0.226027397260274,0.31906121175154517,0.08279597361079924,0.4327939457688096,0.20489581173003663,2025-03-31
2025-08-28,2175,36,False,False,False,False,0.12007417392440237,292,29,0.15068493150684936,-0.13088212315651596,-0.007092275077003253,-0.11624705695065325,-0.19903325579643572,2025-03-31
2025-09-05,2180,36,False,False,False,False,0.09691193746450501,292,29,0.18493150684931503,-0.21095629565261667,-0.07288742840379689,-0.13624070450008643,-0.23427963662470072,2025-03-31
2025-09-12,2185,36,False,False,False,False,0.09043658697840008,292,29,0.2226027397260274,-0.1961696771195655,-0.06931239761599753,-0.028195220548956092,-0.18770125273599436,2025-03-31
2025-09-19,2190,36,False,False,False,False,0.08466899363330134,292,29,0.23630136986301364,-0.14941185959097883,-0.1088598345813532,-0.0994295555997279,-0.15630926505127118,2025-03-31
2025-09-26,2195,36,False,False,False,False,0.07654414081586082,292,29,0.2705479452054794,0.06984344346451751,-0.07723673083524649,0.1774114908176904,0.05346338641996283,2025-06-30
2025-10-03,2200,36,False,False,False,False,0.05669035903444312,292,29,0.25,0.3187578466742962,0.015987241800976222,0.40007594147899384,0.35755952486780207,2025-06-30
2025-10-10,2205,36,False,False,False,False,0.1156689508638432,292,29,0.2705479452054794,0.4342307147186172,0.04877397997784046,0.5845944609542782,0.4245008557734604,2025-06-30
2025-10-17,2210,36,False,False,False,False,0.13067266751050025,292,29,0.297945205479452,0.12087121703136486,-0.018607414729653805,0.20917467588513766,0.10418428646589127,2025-06-30
2025-10-24,2215,36,False,False,True,False,0.13530196294960053,292,29,0.23630136986301364,-0.17356177127478956,-0.13719463633832968,-0.04546297814335318,-0.13584808328244286,2025-06-30
2025-10-31,2220,37,False,False,True,False,0.1471212998824517,292,29,0.26712328767123283,0.04020805402937725,-0.07028640026093659,0.2009423352111851,0.11827858786772288,2025-06-30
2025-11-07,2225,37,False,False,False,False,0.11992799539742287,292,29,0.26712328767123283,-0.12923457652226253,-0.07837803091238053,-0.07813857979603732,-0.024257826073624342,2025-06-30
2025-11-14,2230,37,False,False,False,False,0.13155015447848406,292,29,0.32191780821917804,0.049575949086059806,-0.01469276686719762,0.18203971871638688,0.1706930404975582,2025-06-30
2025-11-21,2235,37,False,False,True,False,0.14307853121313363,292,29,0.3082191780821918,-0.08583401925232514,-0.10140293199555082,0.015538287121337582,-0.03213506991035226,2025-06-30
2025-12-01,2240,37,False,False,True,False,0.15031666024224363,292,29,0.26027397260273977,-0.17533101141485663,-0.09770549100943222,-0.18470919479372333,-0.0955805885679351,2025-06-30
2025-12-08,2245,37,False,False,True,False,0.1382639642332539,292,29,0.31506849315068497,-0.14160422249151866,-0.06725482324905491,-0.30175210797563307,-0.1501035646864784,2025-06-30
2025-12-15,2250,37,False,False,False,False,0.12049110577826252,292,29,0.3253424657534246,-0.09683919882243983,-0.09152941461956637,-0.23909109666563347,-0.1782653195987466,2025-06-30
2025-12-22,2255,37,False,False,False,False,0.10210892928768736,292,29,0.32191780821917804,-0.1454360134540803,-0.08362657423678051,-0.26238334600125873,-0.2246990498914138,2025-06-30
2025-12-30,2260,37,False,False,False,False,0.08147085430106481,292,29,0.23287671232876717,-0.07728101791261874,-0.10148798153558151,-0.1664637626896562,-0.10613126883087373,2025-09-30
2026-01-07,2265,37,False,False,False,False,0.09077724239179807,292,29,0.2465753424657534,-0.015252830004717097,-0.05713485030716932,-0.13069673977643365,-0.05682883852304534,2025-09-30
2026-01-14,2270,37,False,False,False,False,0.08316152091725595,292,29,0.2773972602739726,-0.05142247859765535,-0.126078672096844,-0.15866472179627875,-0.08043195501808934,2025-09-30
2026-01-22,2275,37,False,False,False,False,0.10624658742019284,292,29,0.29452054794520544,0.2208286376769764,-0.006337161829693079,0.12659038590318736,0.18704414343756012,2025-09-30
2026-01-29,2280,-1,False,False,False,False,0.10591798348671536,292,29,0.226027397260274,0.10025853081921703,-0.010836794153272308,0.01622702915764146,0.09296230199287953,2025-09-30
2026-02-05,2285,-1,False,False,False,False,0.11361237795588923,292,29,0.2773972602739726,0.018640906558611305,-0.022000600321240654,0.2647689777312013,0.033728410362780195,2025-09-30
2026-02-12,2290,-1,False,False,True,False,0.14303201737484592,292,29,0.18835616438356162,0.40855809540668886,0.09270160845069324,0.5959827640095935,0.3502863975139122,2025-09-30
2026-02-20,2295,-1,False,False,False,False,0.11828673279807654,153,15,0.30718954248366015,0.19714217331685588,0.16233779396934492,0.4946148779002625,0.252600605581062,2025-09-30
2026-02-27,2300,-1,False,False,False,False,0.13057004168148367,153,15,0.3137254901960784,0.5238156177003355,0.16946774416336247,0.7298863112775513,0.5079112392584834,2025-09-30
2026-03-06,2305,-1,False,False,False,False,0.13306964332827456,153,15,0.3529411764705882,0.21080606853137723,0.11947607450395012,0.5180366526206401,0.20611671652703178,2025-09-30
2026-03-13,2310,-1,False,False,False,False,0.11549296822661943,153,15,0.3137254901960784,0.23545331114181256,0.09666640492355913,0.4632944656691226,0.32861540675078393,2025-09-30
2026-03-20,2315,-1,False,False,True,False,0.13506779246129613,153,15,0.3594771241830066,0.11807731253824065,0.010593941312370084,0.33468930022295723,0.241529311160953,2025-09-30
2026-03-27,2320,-1,False,False,True,False,0.15173849643054654,153,15,0.4836601307189542,0.4543626247767477,0.17345035046524307,0.44403440477234507,0.269416194942693,2025-09-30
