block,on_days,off_days,eligible,dominant,n_weekly,n_on_weekly,n_off_weekly,on_mean,off_mean,on_mean_w50,on_minus_off,table
0,0,60,False,False,12,0,12,,0.14203530820303836,,,primary_fixed
1,0,60,False,False,12,0,12,,0.19268637445381784,,,primary_fixed
2,0,60,False,False,12,0,12,,-0.060563053256682625,,,primary_fixed
3,0,60,False,False,12,0,12,,-0.13460324353571426,,,primary_fixed
4,26,34,True,False,12,5,7,0.2856633387136789,0.4332835879213329,0.11740722285282745,-0.14762024920765404,primary_fixed
5,36,24,True,False,12,8,4,0.29218062766061703,0.1593408105798812,0.05472565023330682,0.13283981708073583,primary_fixed
6,0,60,False,False,12,0,12,,-0.14648344108772318,,,primary_fixed
7,33,27,True,False,12,6,6,0.5479560062526808,-0.005338216967450626,0.1158428116781068,0.5532942232201314,primary_fixed
8,44,16,True,False,12,9,3,0.6600936580624793,0.5277561242040713,0.1710899681157844,0.13233753385840807,primary_fixed
9,5,55,False,False,12,1,11,-0.11325855623963346,0.1406778897029776,0.004371313752192331,-0.25393644594261106,primary_fixed
10,25,35,True,False,12,5,7,-0.10550303612617577,-0.30488390967801193,-0.08930828065228098,0.19938087355183615,primary_fixed
11,36,24,True,False,12,7,5,-0.030739655816905125,-0.03581257179855908,-0.018210473968527967,0.005072915981653957,primary_fixed
12,2,58,False,False,12,0,12,,0.4984927571883105,,,primary_fixed
13,56,4,True,True,12,11,1,0.6953568241854207,0.6563003619358764,0.22047092147799943,0.03905646224954429,primary_fixed
14,57,3,True,True,12,12,0,0.30409381411907593,,0.1031658739817382,,primary_fixed
15,37,23,True,False,12,8,4,0.47158388828262565,0.49875847067793366,0.09286899823344522,-0.02717458239530801,primary_fixed
16,28,32,True,False,12,6,6,0.4653592964017503,0.3594411060162604,0.04955461938753869,0.10591819038548989,primary_fixed
17,46,14,True,True,12,9,3,-0.06920680223034939,-0.010755358476033575,-0.0617561777828364,-0.05845144375431582,primary_fixed
18,17,43,True,False,12,3,9,0.38584809839235273,0.20823482384824424,0.13052312190370555,0.1776132745441085,primary_fixed
19,5,55,False,False,12,1,11,-0.21646917033422655,0.17834232593354005,-0.05543820691156156,-0.39481149626776657,primary_fixed
20,35,25,True,False,12,7,5,-0.7130553940730858,-0.9298644398915357,-0.22607073380197204,0.21680904581844984,primary_fixed
21,58,2,True,True,12,11,1,-0.3305725266585824,0.17405953768026858,-0.14126061218263763,-0.504632064338851,primary_fixed
22,60,0,True,True,12,12,0,0.18642069912400794,,0.02720760581593662,,primary_fixed
23,60,0,True,True,12,12,0,-0.29449613075387576,,-0.06824908524179019,,primary_fixed
24,60,0,True,True,12,12,0,-0.192162699547226,,-0.03549972605869794,,primary_fixed
25,60,0,True,True,12,12,0,0.40345774338962825,,0.099744317659072,,primary_fixed
26,35,25,True,False,12,8,4,0.5336782931691179,0.4775396811128957,0.14354929308987596,0.05613861205622217,primary_fixed
27,0,60,False,False,12,0,12,,0.15085588704605082,,,primary_fixed
0,0,60,False,False,12,0,12,,0.14203530820303836,,,primary_expanding
1,0,60,False,False,12,0,12,,0.19268637445381784,,,primary_expanding
2,0,60,False,False,12,0,12,,-0.060563053256682625,,,primary_expanding
3,0,60,False,False,12,0,12,,-0.13460324353571426,,,primary_expanding
4,27,33,True,False,12,5,7,0.2856633387136789,0.4332835879213329,0.11740722285282745,-0.14762024920765404,primary_expanding
5,52,8,True,True,12,11,1,0.25526602743793086,0.1668819617872218,0.0472733059677293,0.08838406565070905,primary_expanding
6,1,59,False,False,12,0,12,,-0.14648344108772318,,,primary_expanding
7,34,26,True,False,12,6,6,0.5479560062526808,-0.005338216967450626,0.1158428116781068,0.5532942232201314,primary_expanding
8,55,5,True,True,12,11,1,0.649100374823337,0.38400717211781954,0.1703492726757475,0.2650932027055175,primary_expanding
9,19,41,True,False,12,3,9,-0.002543462745127197,0.16020317985872237,-0.00860643792826747,-0.16274664260384958,primary_expanding
10,35,25,True,False,12,7,5,-0.14887485894192687,-0.3239157071566949,-0.09835240330280051,0.175040848214768,primary_expanding
11,42,18,True,False,12,9,3,-0.032703370500959235,-0.03330337173416605,-0.01197530528000725,0.0006000012332068178,primary_expanding
12,6,54,False,False,12,1,11,0.5912336668993043,0.49006176539640195,0.1426324015682103,0.1011719015029024,primary_expanding
13,60,0,True,True,12,12,0,0.6921021189979587,,0.21534491605613595,,primary_expanding
14,56,4,True,True,12,12,0,0.30409381411907593,,0.1031658739817382,,primary_expanding
15,36,24,True,False,12,7,5,0.44578580398941225,0.529440872209371,0.09083561555813217,-0.08365506821995872,primary_expanding
16,27,33,True,False,12,6,6,0.4653592964017503,0.3594411060162604,0.04955461938753869,0.10591819038548989,primary_expanding
17,44,16,True,False,12,9,3,-0.06920680223034939,-0.010755358476033575,-0.0617561777828364,-0.05845144375431582,primary_expanding
18,3,57,False,False,12,1,11,0.244593842340609,0.25336944249733157,0.05182525570469258,-0.008775600156722574,primary_expanding
19,5,55,False,False,12,1,11,-0.21646917033422655,0.17834232593354005,-0.05543820691156156,-0.39481149626776657,primary_expanding
20,34,26,True,False,12,7,5,-0.7130553940730858,-0.9298644398915357,-0.22607073380197204,0.21680904581844984,primary_expanding
21,56,4,True,True,12,11,1,-0.3305725266585824,0.17405953768026858,-0.14126061218263763,-0.504632064338851,primary_expanding
22,60,0,True,True,12,12,0,0.18642069912400794,,0.02720760581593662,,primary_expanding
23,60,0,True,True,12,12,0,-0.29449613075387576,,-0.06824908524179019,,primary_expanding
24,60,0,True,True,12,12,0,-0.192162699547226,,-0.03549972605869794,,primary_expanding
25,21,39,True,False,12,4,8,0.42131933314151593,0.3945269485136844,0.10467682968092998,0.02679238462783151,primary_expanding
26,15,45,True,False,12,3,9,0.45467742005794337,0.5350614232922994,0.09099113797259202,-0.08038400323435607,primary_expanding
27,0,60,False,False,12,0,12,,0.15085588704605082,,,primary_expanding
0,0,60,False,False,12,0,12,,0.14203530820303836,,,secondary_fixed
1,0,60,False,False,12,0,12,,0.19268637445381784,,,secondary_fixed
2,0,60,False,False,12,0,12,,-0.060563053256682625,,,secondary_fixed
3,0,60,False,False,12,0,12,,-0.13460324353571426,,,secondary_fixed
4,26,34,True,False,12,5,7,0.2856633387136789,0.4332835879213329,0.11740722285282745,-0.14762024920765404,secondary_fixed
5,36,24,True,False,12,8,4,0.29218062766061703,0.1593408105798812,0.05472565023330682,0.13283981708073583,secondary_fixed
6,0,60,False,False,12,0,12,,-0.14648344108772318,,,secondary_fixed
7,33,27,True,False,12,6,6,0.5479560062526808,-0.005338216967450626,0.1158428116781068,0.5532942232201314,secondary_fixed
8,44,16,True,False,12,9,3,0.6600936580624793,0.5277561242040713,0.1710899681157844,0.13233753385840807,secondary_fixed
9,5,55,False,False,12,1,11,-0.11325855623963346,0.1406778897029776,0.004371313752192331,-0.25393644594261106,secondary_fixed
10,25,35,True,False,12,5,7,-0.10550303612617577,-0.30488390967801193,-0.08930828065228098,0.19938087355183615,secondary_fixed
11,36,24,True,False,12,7,5,-0.030739655816905125,-0.03581257179855908,-0.018210473968527967,0.005072915981653957,secondary_fixed
12,2,58,False,False,12,0,12,,0.4984927571883105,,,secondary_fixed
13,56,4,True,True,12,11,1,0.6953568241854207,0.6563003619358764,0.22047092147799943,0.03905646224954429,secondary_fixed
14,57,3,True,True,12,12,0,0.30409381411907593,,0.1031658739817382,,secondary_fixed
15,37,23,True,False,12,8,4,0.47158388828262565,0.49875847067793366,0.09286899823344522,-0.02717458239530801,secondary_fixed
16,28,32,True,False,12,6,6,0.4653592964017503,0.3594411060162604,0.04955461938753869,0.10591819038548989,secondary_fixed
17,46,14,True,True,12,9,3,-0.06920680223034939,-0.010755358476033575,-0.0617561777828364,-0.05845144375431582,secondary_fixed
18,17,43,True,False,12,3,9,0.38584809839235273,0.20823482384824424,0.13052312190370555,0.1776132745441085,secondary_fixed
19,5,55,False,False,12,1,11,-0.21646917033422655,0.17834232593354005,-0.05543820691156156,-0.39481149626776657,secondary_fixed
20,35,25,True,False,12,7,5,-0.7130553940730858,-0.9298644398915357,-0.22607073380197204,0.21680904581844984,secondary_fixed
21,58,2,True,True,12,11,1,-0.3305725266585824,0.17405953768026858,-0.14126061218263763,-0.504632064338851,secondary_fixed
22,60,0,True,True,12,12,0,0.18642069912400794,,0.02720760581593662,,secondary_fixed
23,60,0,True,True,12,12,0,-0.29449613075387576,,-0.06824908524179019,,secondary_fixed
24,60,0,True,True,12,12,0,-0.192162699547226,,-0.03549972605869794,,secondary_fixed
25,60,0,True,True,12,12,0,0.40345774338962825,,0.099744317659072,,secondary_fixed
26,35,25,True,False,12,8,4,0.5336782931691179,0.4775396811128957,0.14354929308987596,0.05613861205622217,secondary_fixed
27,0,60,False,False,12,0,12,,0.15085588704605082,,,secondary_fixed
28,20,40,True,False,12,4,8,0.517909819695175,0.5417972752572071,0.1087826692890857,-0.02388745556203209,secondary_fixed
29,5,55,False,False,12,1,11,-0.27549721117583853,0.0833386577088765,-0.1336226508817714,-0.358835868884715,secondary_fixed
30,8,52,False,False,12,1,11,-0.1786921558861527,0.049229408540980686,-0.06044759452406531,-0.22792156442713338,secondary_fixed
31,18,42,True,False,12,3,9,0.30820239116786374,-0.009488386873393413,0.09598086707459476,0.31769077804125717,secondary_fixed
32,32,28,True,False,12,7,5,0.3573459968302669,0.19451907701449722,0.12480308089397338,0.1628269198157697,secondary_fixed
33,38,22,True,False,12,7,5,0.1543469731315496,-0.1829836913381262,0.016094712465299553,0.3373306644696758,secondary_fixed
34,49,11,True,True,12,9,3,0.06289585218451041,0.10257361816163198,0.004882188143852763,-0.03967776597712157,secondary_fixed
35,20,40,True,False,12,4,8,0.31481435560628784,0.10513166906750676,0.12763321891792867,0.20968268653878108,secondary_fixed
36,5,55,False,False,12,1,11,-0.17356177127478956,0.11410801716655922,-0.13719463633832968,-0.2876697884413488,secondary_fixed
37,17,43,True,False,12,4,8,-0.09064029978233079,-0.0306326910688422,-0.08416241162874363,-0.06000760871348859,secondary_fixed
0,0,60,False,False,12,0,12,,0.14203530820303836,,,secondary_expanding
1,0,60,False,False,12,0,12,,0.19268637445381784,,,secondary_expanding
2,0,60,False,False,12,0,12,,-0.060563053256682625,,,secondary_expanding
3,0,60,False,False,12,0,12,,-0.13460324353571426,,,secondary_expanding
4,27,33,True,False,12,5,7,0.2856633387136789,0.4332835879213329,0.11740722285282745,-0.14762024920765404,secondary_expanding
5,52,8,True,True,12,11,1,0.25526602743793086,0.1668819617872218,0.0472733059677293,0.08838406565070905,secondary_expanding
6,1,59,False,False,12,0,12,,-0.14648344108772318,,,secondary_expanding
7,34,26,True,False,12,6,6,0.5479560062526808,-0.005338216967450626,0.1158428116781068,0.5532942232201314,secondary_expanding
8,55,5,True,True,12,11,1,0.649100374823337,0.38400717211781954,0.1703492726757475,0.2650932027055175,secondary_expanding
9,19,41,True,False,12,3,9,-0.002543462745127197,0.16020317985872237,-0.00860643792826747,-0.16274664260384958,secondary_expanding
10,35,25,True,False,12,7,5,-0.14887485894192687,-0.3239157071566949,-0.09835240330280051,0.175040848214768,secondary_expanding
11,42,18,True,False,12,9,3,-0.032703370500959235,-0.03330337173416605,-0.01197530528000725,0.0006000012332068178,secondary_expanding
12,6,54,False,False,12,1,11,0.5912336668993043,0.49006176539640195,0.1426324015682103,0.1011719015029024,secondary_expanding
13,60,0,True,True,12,12,0,0.6921021189979587,,0.21534491605613595,,secondary_expanding
14,56,4,True,True,12,12,0,0.30409381411907593,,0.1031658739817382,,secondary_expanding
15,36,24,True,False,12,7,5,0.44578580398941225,0.529440872209371,0.09083561555813217,-0.08365506821995872,secondary_expanding
16,27,33,True,False,12,6,6,0.4653592964017503,0.3594411060162604,0.04955461938753869,0.10591819038548989,secondary_expanding
17,44,16,True,False,12,9,3,-0.06920680223034939,-0.010755358476033575,-0.0617561777828364,-0.05845144375431582,secondary_expanding
18,3,57,False,False,12,1,11,0.244593842340609,0.25336944249733157,0.05182525570469258,-0.008775600156722574,secondary_expanding
19,5,55,False,False,12,1,11,-0.21646917033422655,0.17834232593354005,-0.05543820691156156,-0.39481149626776657,secondary_expanding
20,34,26,True,False,12,7,5,-0.7130553940730858,-0.9298644398915357,-0.22607073380197204,0.21680904581844984,secondary_expanding
21,56,4,True,True,12,11,1,-0.3305725266585824,0.17405953768026858,-0.14126061218263763,-0.504632064338851,secondary_expanding
22,60,0,True,True,12,12,0,0.18642069912400794,,0.02720760581593662,,secondary_expanding
23,60,0,True,True,12,12,0,-0.29449613075387576,,-0.06824908524179019,,secondary_expanding
24,60,0,True,True,12,12,0,-0.192162699547226,,-0.03549972605869794,,secondary_expanding
25,21,39,True,False,12,4,8,0.42131933314151593,0.3945269485136844,0.10467682968092998,0.02679238462783151,secondary_expanding
26,15,45,True,False,12,3,9,0.45467742005794337,0.5350614232922994,0.09099113797259202,-0.08038400323435607,secondary_expanding
27,0,60,False,False,12,0,12,,0.15085588704605082,,,secondary_expanding
28,1,59,False,False,12,0,12,,0.5338347900698631,,,secondary_expanding
29,0,60,False,False,12,0,12,,0.05343566863515024,,,secondary_expanding
30,0,60,False,False,12,0,12,,0.03023594483871957,,,secondary_expanding
31,13,47,False,False,12,2,10,0.3887064587709347,0.006179877410118115,0.12094304270607222,0.3825265813608166,secondary_expanding
32,8,52,False,False,12,2,10,0.3782570347115018,0.2717503293461351,0.15393239069654052,0.10650670536536672,secondary_expanding
33,6,54,False,False,12,1,11,0.06447089096474908,0.009185405842315184,0.018821904225061394,0.05528548512243389,secondary_expanding
34,46,14,True,True,12,9,3,0.06289585218451041,0.10257361816163198,0.004882188143852763,-0.03967776597712157,secondary_expanding
35,16,44,True,False,12,4,8,0.31481435560628784,0.10513166906750676,0.12763321891792867,0.20968268653878108,secondary_expanding
36,0,60,False,False,12,0,12,,0.09013553479644683,,,secondary_expanding
37,0,60,False,False,12,0,12,,-0.05063522730667173,,,secondary_expanding
