ticker,in_corpus,in_watchlist,is_etf,ohlcv_exists,ohlcv_rows_window,ohlcv_first,ohlcv_last,ohlcv_coverage,ohlcv_missing_days,ohlcv_longest_gap_td,active,sec_rows_window,sec_first,sec_last,sec_fpe_latest,sec_fpe_age_days,sec_null_fund_cols_last,earn_file_exists,earn_rows_total,earn_rows_window,earn_last_quarter,earn_age_days,sent_file_exists,sent_rows_window,sent_first,sent_last,sent_days_window,sent_age_days,class,reasons
AAPL,True,True,False,True,902,2023-01-03,2026-08-07,1.0,0,0,True,902,2023-01-03,2026-08-07,2026-03-28,132.0,0.0,True,26,15,2026-07-30,8.0,True,1026,2023-01-03,2026-08-07,1026,0.0,COMPLETE,
ABBV,True,True,False,True,902,2023-01-03,2026-08-07,1.0,0,0,True,902,2023-01-03,2026-08-07,2026-03-31,129.0,0.0,True,26,15,2026-07-31,7.0,True,612,2023-01-04,2026-08-06,612,1.0,COMPLETE,
ABNB,True,False,False,True,842,2023-01-03,2026-05-12,1.0,0,0,False,902,2023-01-03,2026-08-07,2026-03-31,129.0,2.0,True,21,13,2026-02-12,176.0,False,0,,,0,,BROKEN,inactive: OHLCV ends 2026-05-12 (harvest/listing ended; no current bar to score)
ABT,True,False,False,True,842,2023-01-03,2026-05-12,1.0,0,0,False,902,2023-01-03,2026-08-07,2026-03-31,129.0,2.0,True,24,14,2026-04-16,113.0,False,0,,,0,,BROKEN,inactive: OHLCV ends 2026-05-12 (harvest/listing ended; no current bar to score)
ADBE,True,True,False,True,902,2023-01-03,2026-08-07,1.0,0,0,True,902,2023-01-03,2026-08-07,2026-05-29,70.0,0.0,True,25,14,2026-06-11,57.0,True,604,2023-01-08,2026-08-06,604,1.0,COMPLETE,
ADI,True,True,False,True,902,2023-01-03,2026-08-07,1.0,0,0,True,902,2023-01-03,2026-08-07,2026-05-02,97.0,0.0,True,25,14,2026-05-20,79.0,True,320,2023-01-04,2026-08-04,320,3.0,COMPLETE,
AEP,True,True,False,True,902,2023-01-03,2026-08-07,1.0,0,0,True,0,,,,,,True,26,15,2026-07-30,8.0,True,249,2023-01-06,2026-08-05,249,2.0,DEGRADED,SEC fundamentals absent (all 5 fund cols median-imputed at panel build)
AES,True,False,False,True,842,2023-01-03,2026-05-12,1.0,0,0,False,902,2023-01-03,2026-08-07,2026-03-31,129.0,2.0,True,24,13,2026-03-02,158.0,False,0,,,0,,BROKEN,inactive: OHLCV ends 2026-05-12 (harvest/listing ended; no current bar to score)
AFRM,True,True,False,True,902,2023-01-03,2026-08-07,1.0,0,0,True,902,2023-01-03,2026-08-07,2026-03-31,129.0,1.0,True,22,14,2026-05-07,92.0,True,405,2023-01-03,2026-07-24,405,14.0,COMPLETE,
AGCO,True,False,False,True,842,2023-01-03,2026-05-12,1.0,0,0,False,902,2023-01-03,2026-08-07,2026-03-31,129.0,2.0,True,24,13,2026-02-05,183.0,False,0,,,0,,BROKEN,inactive: OHLCV ends 2026-05-12 (harvest/listing ended; no current bar to score)
AIG,True,False,False,True,842,2023-01-03,2026-05-12,1.0,0,0,False,902,2023-01-03,2026-08-07,2026-03-31,129.0,3.0,True,24,13,2026-02-10,178.0,False,0,,,0,,BROKEN,inactive: OHLCV ends 2026-05-12 (harvest/listing ended; no current bar to score)
AKAM,True,False,False,True,842,2023-01-03,2026-05-12,1.0,0,0,False,902,2023-01-03,2026-08-07,2026-03-31,129.0,2.0,True,24,13,2026-02-19,169.0,False,0,,,0,,BROKEN,inactive: OHLCV ends 2026-05-12 (harvest/listing ended; no current bar to score)
ALL,True,False,False,True,842,2023-01-03,2026-05-12,1.0,0,0,False,902,2023-01-03,2026-08-07,2026-03-31,129.0,3.0,True,24,13,2026-02-04,184.0,False,0,,,0,,BROKEN,inactive: OHLCV ends 2026-05-12 (harvest/listing ended; no current bar to score)
ALNY,True,False,False,True,842,2023-01-03,2026-05-12,1.0,0,0,False,902,2023-01-03,2026-08-07,2026-03-31,129.0,2.0,True,24,14,2026-04-30,99.0,False,0,,,0,,BROKEN,inactive: OHLCV ends 2026-05-12 (harvest/listing ended; no current bar to score)
AMAT,True,True,False,True,902,2023-01-03,2026-08-07,1.0,0,0,True,902,2023-01-03,2026-08-07,2026-04-26,103.0,0.0,True,25,14,2026-05-14,85.0,True,554,2023-01-06,2026-08-07,554,0.0,COMPLETE,
AMD,True,True,False,True,902,2023-01-03,2026-08-07,1.0,0,0,True,902,2023-01-03,2026-08-07,2026-03-28,132.0,0.0,True,26,15,2026-08-04,3.0,True,957,2023-01-05,2026-08-07,957,0.0,COMPLETE,
AMGN,True,False,False,True,842,2023-01-03,2026-05-12,1.0,0,0,False,902,2023-01-03,2026-08-07,2026-03-31,129.0,2.0,True,24,13,2026-02-03,185.0,False,0,,,0,,BROKEN,inactive: OHLCV ends 2026-05-12 (harvest/listing ended; no current bar to score)
AMT,True,False,False,True,842,2023-01-03,2026-05-12,1.0,0,0,False,902,2023-01-03,2026-08-07,2026-03-31,129.0,2.0,True,24,13,2026-02-24,164.0,False,0,,,0,,BROKEN,inactive: OHLCV ends 2026-05-12 (harvest/listing ended; no current bar to score)
AMZN,True,True,False,True,902,2023-01-03,2026-08-07,1.0,0,0,True,902,2023-01-03,2026-08-07,2026-03-31,129.0,0.0,True,26,15,2026-07-30,8.0,True,1031,2023-01-02,2026-08-07,1031,0.0,COMPLETE,
ANET,True,True,False,True,902,2023-01-03,2026-08-07,1.0,0,0,True,902,2023-01-03,2026-08-07,2026-03-31,129.0,0.0,True,26,15,2026-08-04,3.0,True,393,2023-01-17,2026-08-06,393,1.0,COMPLETE,
AON,True,False,False,True,842,2023-01-03,2026-05-12,1.0,0,0,False,902,2023-01-03,2026-08-07,2026-03-31,129.0,3.0,True,24,13,2026-01-30,189.0,False,0,,,0,,BROKEN,inactive: OHLCV ends 2026-05-12 (harvest/listing ended; no current bar to score)
APA,True,False,False,True,842,2023-01-03,2026-05-12,1.0,0,0,False,902,2023-01-03,2026-08-07,2026-03-31,129.0,3.0,True,24,13,2026-02-25,163.0,False,0,,,0,,BROKEN,inactive: OHLCV ends 2026-05-12 (harvest/listing ended; no current bar to score)
APD,True,False,False,True,842,2023-01-03,2026-05-12,1.0,0,0,False,902,2023-01-03,2026-08-07,2026-03-31,129.0,2.0,True,24,13,2026-01-30,189.0,False,0,,,0,,BROKEN,inactive: OHLCV ends 2026-05-12 (harvest/listing ended; no current bar to score)
APH,True,True,False,True,902,2023-01-03,2026-08-07,1.0,0,0,True,902,2023-01-03,2026-08-07,2026-03-31,129.0,0.0,True,25,15,2026-07-29,9.0,True,261,2023-01-23,2026-08-06,261,1.0,COMPLETE,
APO,True,False,False,True,842,2023-01-03,2026-05-12,1.0,0,0,False,902,2023-01-03,2026-08-07,2026-03-31,129.0,3.0,True,24,13,2026-02-09,179.0,False,0,,,0,,BROKEN,inactive: OHLCV ends 2026-05-12 (harvest/listing ended; no current bar to score)
APP,True,True,False,True,902,2023-01-03,2026-08-07,1.0,0,0,True,902,2023-01-03,2026-08-07,2026-03-31,129.0,0.0,True,22,15,2026-08-05,2.0,True,399,2023-01-05,2026-08-07,399,0.0,COMPLETE,
APPF,True,False,False,True,842,2023-01-03,2026-05-12,1.0,0,0,False,902,2023-01-03,2026-08-07,2026-03-31,129.0,2.0,True,24,14,2026-04-23,106.0,False,0,,,0,,BROKEN,inactive: OHLCV ends 2026-05-12 (harvest/listing ended; no current bar to score)
APTV,True,False,False,True,842,2023-01-03,2026-05-12,1.0,0,0,False,902,2023-01-03,2026-08-07,2026-03-31,129.0,2.0,True,24,13,2026-02-02,186.0,False,0,,,0,,BROKEN,inactive: OHLCV ends 2026-05-12 (harvest/listing ended; no current bar to score)
ARE,True,False,False,True,842,2023-01-03,2026-05-12,1.0,0,0,False,902,2023-01-03,2026-08-07,2026-03-31,129.0,3.0,True,25,13,2026-01-26,193.0,False,0,,,0,,BROKEN,inactive: OHLCV ends 2026-05-12 (harvest/listing ended; no current bar to score)
ARES,True,False,False,True,842,2023-01-03,2026-05-12,1.0,0,0,False,902,2023-01-03,2026-08-07,2026-03-31,129.0,3.0,True,24,14,2026-05-01,98.0,False,0,,,0,,BROKEN,inactive: OHLCV ends 2026-05-12 (harvest/listing ended; no current bar to score)
ASML,True,True,False,True,902,2023-01-03,2026-08-07,1.0,0,0,True,0,,,,,,True,26,15,2026-07-13,25.0,True,529,2023-01-06,2026-08-06,529,1.0,DEGRADED,SEC fundamentals absent (all 5 fund cols median-imputed at panel build)
ATI,True,True,False,True,902,2023-01-03,2026-08-07,1.0,0,0,True,902,2023-01-03,2026-08-07,2026-03-29,131.0,0.0,True,25,15,2026-08-06,1.0,True,123,2023-02-02,2026-08-07,123,0.0,COMPLETE,
AVB,True,False,False,True,842,2023-01-03,2026-05-12,1.0,0,0,False,902,2023-01-03,2026-08-07,2026-03-31,129.0,3.0,True,25,14,2026-04-27,102.0,False,0,,,0,,BROKEN,inactive: OHLCV ends 2026-05-12 (harvest/listing ended; no current bar to score)
AVGO,True,True,False,True,902,2023-01-03,2026-08-07,1.0,0,0,True,902,2023-01-03,2026-08-07,2026-05-03,96.0,0.0,True,25,14,2026-06-03,65.0,True,843,2023-01-09,2026-08-07,843,0.0,COMPLETE,
AXP,True,True,False,True,902,2023-01-03,2026-08-07,1.0,0,0,True,902,2023-01-03,2026-08-07,2026-03-31,129.0,1.0,True,25,15,2026-07-24,14.0,True,544,2023-01-05,2026-08-03,544,4.0,COMPLETE,
AYI,True,False,False,True,842,2023-01-03,2026-05-12,1.0,0,0,False,902,2023-01-03,2026-08-07,2026-05-31,68.0,2.0,True,24,14,2026-04-02,127.0,False,0,,,0,,BROKEN,inactive: OHLCV ends 2026-05-12 (harvest/listing ended; no current bar to score)
AZN,True,False,False,True,842,2023-01-03,2026-05-12,1.0,0,0,False,0,,,,,,True,24,12,2025-11-06,274.0,False,0,,,0,,BROKEN,inactive: OHLCV ends 2026-05-12 (harvest/listing ended; no current bar to score)
BA,True,True,False,True,902,2023-01-03,2026-08-07,1.0,0,0,True,902,2023-01-03,2026-08-07,2026-03-31,129.0,0.0,True,25,15,2026-07-28,10.0,True,936,2023-01-03,2026-08-07,936,0.0,COMPLETE,
BAC,True,True,False,True,902,2023-01-03,2026-08-07,1.0,0,0,True,902,2023-01-03,2026-08-07,2026-03-31,129.0,1.0,True,25,15,2026-07-14,24.0,True,745,2023-01-03,2026-08-06,745,1.0,COMPLETE,
BBY,True,False,False,True,842,2023-01-03,2026-05-12,1.0,0,0,False,902,2023-01-03,2026-08-07,2026-05-02,97.0,2.0,True,24,13,2026-03-03,157.0,False,0,,,0,,BROKEN,inactive: OHLCV ends 2026-05-12 (harvest/listing ended; no current bar to score)
BC,True,False,False,True,842,2023-01-03,2026-05-12,1.0,0,0,False,902,2023-01-03,2026-08-07,2026-04-04,125.0,2.0,True,24,14,2026-04-30,99.0,False,0,,,0,,BROKEN,inactive: OHLCV ends 2026-05-12 (harvest/listing ended; no current bar to score)
BDX,True,False,False,True,842,2023-01-03,2026-05-12,1.0,0,0,False,902,2023-01-03,2026-08-07,2026-03-31,129.0,2.0,True,24,13,2026-02-09,179.0,False,0,,,0,,BROKEN,inactive: OHLCV ends 2026-05-12 (harvest/listing ended; no current bar to score)
BHF,True,False,False,True,842,2023-01-03,2026-05-12,1.0,0,0,False,902,2023-01-03,2026-08-07,2026-03-31,129.0,3.0,True,24,13,2026-02-23,165.0,False,0,,,0,,BROKEN,inactive: OHLCV ends 2026-05-12 (harvest/listing ended; no current bar to score)
BIO,True,False,False,True,842,2023-01-03,2026-05-12,1.0,0,0,False,902,2023-01-03,2026-08-07,2026-03-31,129.0,2.0,True,24,14,2026-04-30,99.0,False,0,,,0,,BROKEN,inactive: OHLCV ends 2026-05-12 (harvest/listing ended; no current bar to score)
BKNG,True,False,False,True,842,2023-01-03,2026-05-12,1.0,0,0,False,902,2023-01-03,2026-08-07,2026-03-31,129.0,2.0,True,24,13,2026-02-18,170.0,False,0,,,0,,BROKEN,inactive: OHLCV ends 2026-05-12 (harvest/listing ended; no current bar to score)
BLK,True,True,False,True,902,2023-01-03,2026-08-07,1.0,0,0,True,902,2023-01-03,2026-08-07,2026-03-31,129.0,1.0,True,25,15,2026-07-15,23.0,True,638,2023-01-04,2026-08-07,638,0.0,COMPLETE,
BMY,True,True,False,True,902,2023-01-03,2026-08-07,1.0,0,0,True,902,2023-01-03,2026-08-07,2026-03-31,129.0,0.0,True,26,15,2026-07-30,8.0,True,552,2023-01-03,2026-08-07,552,0.0,COMPLETE,
BSX,True,False,False,True,842,2023-01-03,2026-05-12,1.0,0,0,False,902,2023-01-03,2026-08-07,2026-03-31,129.0,2.0,True,24,14,2026-04-22,107.0,False,0,,,0,,BROKEN,inactive: OHLCV ends 2026-05-12 (harvest/listing ended; no current bar to score)
BWXT,True,True,False,True,902,2023-01-03,2026-08-07,1.0,0,0,True,902,2023-01-03,2026-08-07,2026-03-31,129.0,0.0,True,26,15,2026-08-03,4.0,True,180,2023-01-05,2026-08-07,180,0.0,COMPLETE,
BX,True,False,False,True,842,2023-01-03,2026-05-12,1.0,0,0,False,902,2023-01-03,2026-08-07,2026-03-31,129.0,3.0,True,24,14,2026-04-23,106.0,False,0,,,0,,BROKEN,inactive: OHLCV ends 2026-05-12 (harvest/listing ended; no current bar to score)
C,True,True,False,True,902,2023-01-03,2026-08-07,1.0,0,0,True,902,2023-01-03,2026-08-07,2025-12-31,219.0,0.0,True,25,15,2026-07-14,24.0,True,668,2023-01-02,2026-08-07,668,0.0,DEGRADED,SEC stale: latest fiscal_period_end 2025-12-31 (219d > 200d — a missed filing cycle)
CACI,True,False,False,True,842,2023-01-03,2026-05-12,1.0,0,0,False,902,2023-01-03,2026-08-07,2026-03-31,129.0,2.0,True,24,14,2026-04-22,107.0,False,0,,,0,,BROKEN,inactive: OHLCV ends 2026-05-12 (harvest/listing ended; no current bar to score)
CARR,True,False,False,True,842,2023-01-03,2026-05-12,1.0,0,0,False,902,2023-01-03,2026-08-07,2026-03-31,129.0,3.0,True,24,14,2026-04-30,99.0,False,0,,,0,,BROKEN,inactive: OHLCV ends 2026-05-12 (harvest/listing ended; no current bar to score)
CAT,True,True,False,True,902,2023-01-03,2026-08-07,1.0,0,0,True,902,2023-01-03,2026-08-07,2026-03-31,129.0,0.0,True,26,15,2026-08-04,3.0,True,519,2023-01-04,2026-08-06,519,1.0,COMPLETE,
CB,True,False,False,True,842,2023-01-03,2026-05-12,1.0,0,0,False,902,2023-01-03,2026-08-07,2026-03-31,129.0,3.0,True,24,14,2026-04-21,108.0,False,0,,,0,,BROKEN,inactive: OHLCV ends 2026-05-12 (harvest/listing ended; no current bar to score)
CCI,True,False,False,True,842,2023-01-03,2026-05-12,1.0,0,0,False,902,2023-01-03,2026-08-07,2026-03-31,129.0,2.0,True,24,14,2026-04-22,107.0,False,0,,,0,,BROKEN,inactive: OHLCV ends 2026-05-12 (harvest/listing ended; no current bar to score)
CF,True,False,False,True,842,2023-01-03,2026-05-12,1.0,0,0,False,902,2023-01-03,2026-08-07,2026-03-31,129.0,2.0,True,24,13,2026-02-18,170.0,False,0,,,0,,BROKEN,inactive: OHLCV ends 2026-05-12 (harvest/listing ended; no current bar to score)
CG,True,False,False,True,842,2023-01-03,2026-05-12,1.0,0,0,False,902,2023-01-03,2026-08-07,2026-03-31,129.0,2.0,True,24,13,2026-02-06,182.0,False,0,,,0,,BROKEN,inactive: OHLCV ends 2026-05-12 (harvest/listing ended; no current bar to score)
CGNX,True,False,False,True,842,2023-01-03,2026-05-12,1.0,0,0,False,902,2023-01-03,2026-08-07,2026-04-05,124.0,2.0,True,24,13,2026-02-11,177.0,False,0,,,0,,BROKEN,inactive: OHLCV ends 2026-05-12 (harvest/listing ended; no current bar to score)
CHTR,True,False,False,True,842,2023-01-03,2026-05-12,1.0,0,0,False,902,2023-01-03,2026-08-07,2026-03-31,129.0,3.0,True,24,14,2026-04-24,105.0,False,0,,,0,,BROKEN,inactive: OHLCV ends 2026-05-12 (harvest/listing ended; no current bar to score)
CI,True,False,False,True,842,2023-01-03,2026-05-12,1.0,0,0,False,902,2023-01-03,2026-08-07,2026-03-31,129.0,2.0,True,24,13,2026-02-05,183.0,False,0,,,0,,BROKEN,inactive: OHLCV ends 2026-05-12 (harvest/listing ended; no current bar to score)
CMCSA,True,False,False,True,842,2023-01-03,2026-05-12,1.0,0,0,False,902,2023-01-03,2026-08-07,2026-03-31,129.0,3.0,True,24,14,2026-04-23,106.0,False,0,,,0,,BROKEN,inactive: OHLCV ends 2026-05-12 (harvest/listing ended; no current bar to score)
CME,True,True,False,True,902,2023-01-03,2026-08-07,1.0,0,0,True,902,2023-01-03,2026-08-07,2026-03-31,129.0,1.0,True,25,15,2026-07-22,16.0,True,308,2023-01-05,2026-08-07,308,0.0,COMPLETE,
CMG,True,True,False,True,902,2023-01-03,2026-08-07,1.0,0,0,True,902,2023-01-03,2026-08-07,2026-03-31,129.0,1.0,True,26,15,2026-07-29,9.0,True,542,2023-01-03,2026-08-07,542,0.0,COMPLETE,
CNC,True,False,False,True,842,2023-01-03,2026-05-12,1.0,0,0,False,902,2023-01-03,2026-08-07,2026-03-31,129.0,2.0,True,24,14,2026-04-28,101.0,False,0,,,0,,BROKEN,inactive: OHLCV ends 2026-05-12 (harvest/listing ended; no current bar to score)
CNH,True,False,False,True,842,2023-01-03,2026-05-12,1.0,0,0,False,902,2023-01-03,2026-08-07,2026-03-31,129.0,2.0,True,24,14,2026-04-30,99.0,False,0,,,0,,BROKEN,inactive: OHLCV ends 2026-05-12 (harvest/listing ended; no current bar to score)
COF,True,False,False,True,842,2023-01-03,2026-05-12,1.0,0,0,False,902,2023-01-03,2026-08-07,2026-03-31,129.0,3.0,True,24,14,2026-04-21,108.0,False,0,,,0,,BROKEN,inactive: OHLCV ends 2026-05-12 (harvest/listing ended; no current bar to score)
COHR,True,True,False,True,902,2023-01-03,2026-08-07,1.0,0,0,True,902,2023-01-03,2026-08-07,2026-03-31,129.0,0.0,True,27,16,2026-05-06,93.0,True,302,2023-01-18,2026-08-07,302,0.0,COMPLETE,
COIN,True,True,False,True,902,2023-01-03,2026-08-07,1.0,0,0,True,902,2023-01-03,2026-08-07,2026-03-31,129.0,1.0,True,22,15,2026-07-30,8.0,True,953,2023-01-03,2026-08-07,953,0.0,COMPLETE,
COLB,True,False,False,True,842,2023-01-03,2026-05-12,1.0,0,0,False,902,2023-01-03,2026-08-07,2026-03-31,129.0,3.0,True,24,14,2026-04-23,106.0,False,0,,,0,,BROKEN,inactive: OHLCV ends 2026-05-12 (harvest/listing ended; no current bar to score)
COP,True,False,False,True,842,2023-01-03,2026-05-12,1.0,0,0,False,902,2023-01-03,2026-08-07,2026-03-31,129.0,2.0,True,24,13,2026-02-05,183.0,False,0,,,0,,BROKEN,inactive: OHLCV ends 2026-05-12 (harvest/listing ended; no current bar to score)
COST,True,True,False,True,902,2023-01-03,2026-08-07,1.0,0,0,True,902,2023-01-03,2026-08-07,2026-05-10,89.0,0.0,True,26,14,2026-05-28,71.0,True,594,2023-01-03,2026-08-07,594,0.0,COMPLETE,
CPAY,True,False,False,True,842,2023-01-03,2026-05-12,1.0,0,0,False,902,2023-01-03,2026-08-07,2026-03-31,129.0,2.0,True,24,13,2026-02-04,184.0,False,0,,,0,,BROKEN,inactive: OHLCV ends 2026-05-12 (harvest/listing ended; no current bar to score)
CPNG,True,False,False,True,842,2023-01-03,2026-05-12,1.0,0,0,False,902,2023-01-03,2026-08-07,2026-03-31,129.0,2.0,True,20,13,2026-02-26,162.0,False,0,,,0,,BROKEN,inactive: OHLCV ends 2026-05-12 (harvest/listing ended; no current bar to score)
CRH,True,False,False,True,842,2023-01-03,2026-05-12,1.0,0,0,False,902,2023-01-03,2026-08-07,2026-03-31,129.0,2.0,True,9,9,2026-04-30,99.0,False,0,,,0,,BROKEN,inactive: OHLCV ends 2026-05-12 (harvest/listing ended; no current bar to score)
CRL,True,False,False,True,842,2023-01-03,2026-05-12,1.0,0,0,False,902,2023-01-03,2026-08-07,2026-03-28,132.0,2.0,True,24,13,2026-02-18,170.0,False,0,,,0,,BROKEN,inactive: OHLCV ends 2026-05-12 (harvest/listing ended; no current bar to score)
CRM,True,True,False,True,902,2023-01-03,2026-08-07,1.0,0,0,True,902,2023-01-03,2026-08-07,2026-04-30,99.0,0.0,True,25,14,2026-05-27,72.0,True,712,2023-01-03,2026-08-06,712,1.0,COMPLETE,
CRUS,True,False,False,True,842,2023-01-03,2026-05-12,1.0,0,0,False,902,2023-01-03,2026-08-07,2026-03-28,132.0,2.0,True,24,13,2026-02-03,185.0,False,0,,,0,,BROKEN,inactive: OHLCV ends 2026-05-12 (harvest/listing ended; no current bar to score)
CRWD,True,True,False,True,902,2023-01-03,2026-08-07,1.0,0,0,True,902,2023-01-03,2026-08-07,2026-04-30,99.0,2.0,True,25,14,2026-06-03,65.0,True,637,2023-01-05,2026-08-06,637,1.0,COMPLETE,
CRWV,False,True,False,True,284,2025-06-23,2026-08-07,1.0,0,0,True,0,,,,,,True,5,5,2026-05-07,92.0,True,25,2026-06-23,2026-08-07,25,0.0,DEGRADED,SEC fundamentals absent (all 5 fund cols median-imputed at panel build)
CSCO,True,True,False,True,902,2023-01-03,2026-08-07,1.0,0,0,True,902,2023-01-03,2026-08-07,2026-04-25,104.0,0.0,True,25,14,2026-05-13,86.0,True,559,2023-01-06,2026-08-05,559,2.0,COMPLETE,
CSX,True,False,False,True,842,2023-01-03,2026-05-12,1.0,0,0,False,902,2023-01-03,2026-08-07,2026-03-31,129.0,3.0,True,24,14,2026-04-22,107.0,False,0,,,0,,BROKEN,inactive: OHLCV ends 2026-05-12 (harvest/listing ended; no current bar to score)
CTAS,True,False,False,True,842,2023-01-03,2026-05-12,1.0,0,0,False,902,2023-01-03,2026-08-07,2026-05-31,68.0,2.0,True,24,13,2026-03-25,135.0,False,0,,,0,,BROKEN,inactive: OHLCV ends 2026-05-12 (harvest/listing ended; no current bar to score)
CVS,True,True,False,True,902,2023-01-03,2026-08-07,1.0,0,0,True,902,2023-01-03,2026-08-07,2026-03-31,129.0,0.0,True,26,15,2026-08-05,2.0,True,543,2023-01-03,2026-08-07,543,0.0,COMPLETE,
CVX,True,True,False,True,902,2023-01-03,2026-08-07,1.0,0,0,True,902,2023-01-03,2026-08-07,2026-03-31,129.0,0.0,True,26,15,2026-07-31,7.0,True,702,2023-01-02,2026-08-05,702,2.0,COMPLETE,
D,True,True,False,True,902,2023-01-03,2026-08-07,1.0,0,0,True,902,2023-01-03,2026-08-07,2026-03-31,129.0,1.0,True,26,15,2026-07-31,7.0,True,220,2023-01-11,2026-08-06,220,1.0,COMPLETE,
DAR,True,False,False,True,842,2023-01-03,2026-05-12,1.0,0,0,False,902,2023-01-03,2026-08-07,2026-04-04,125.0,2.0,True,24,14,2026-04-30,99.0,False,0,,,0,,BROKEN,inactive: OHLCV ends 2026-05-12 (harvest/listing ended; no current bar to score)
DD,True,False,False,True,842,2023-01-03,2026-05-12,1.0,0,0,False,902,2023-01-03,2026-08-07,2026-03-31,129.0,2.0,True,24,13,2026-02-10,178.0,False,0,,,0,,BROKEN,inactive: OHLCV ends 2026-05-12 (harvest/listing ended; no current bar to score)
DDOG,True,True,False,True,902,2023-01-03,2026-08-07,1.0,0,0,True,902,2023-01-03,2026-08-07,2026-03-31,129.0,2.0,True,26,15,2026-08-06,1.0,True,398,2023-01-05,2026-08-07,398,0.0,COMPLETE,
DE,True,True,False,True,902,2023-01-03,2026-08-07,1.0,0,0,True,902,2023-01-03,2026-08-07,2026-05-03,96.0,0.0,True,25,14,2026-05-21,78.0,True,395,2023-01-09,2026-07-31,395,7.0,COMPLETE,
DECK,True,False,False,True,842,2023-01-03,2026-05-12,1.0,0,0,False,902,2023-01-03,2026-08-07,2026-03-31,129.0,2.0,True,24,13,2026-01-29,190.0,False,0,,,0,,BROKEN,inactive: OHLCV ends 2026-05-12 (harvest/listing ended; no current bar to score)
DELL,True,True,False,True,902,2023-01-03,2026-08-07,1.0,0,0,True,902,2023-01-03,2026-08-07,2026-05-01,98.0,0.0,True,25,14,2026-05-28,71.0,True,571,2023-01-05,2026-08-06,571,1.0,COMPLETE,
DG,True,False,False,True,842,2023-01-03,2026-05-12,1.0,0,0,False,902,2023-01-03,2026-08-07,2026-05-01,98.0,2.0,True,24,13,2026-03-12,148.0,False,0,,,0,,BROKEN,inactive: OHLCV ends 2026-05-12 (harvest/listing ended; no current bar to score)
DHI,True,False,False,True,842,2023-01-03,2026-05-12,1.0,0,0,False,902,2023-01-03,2026-08-07,2026-03-31,129.0,2.0,True,24,14,2026-04-21,108.0,False,0,,,0,,BROKEN,inactive: OHLCV ends 2026-05-12 (harvest/listing ended; no current bar to score)
DHR,True,False,False,True,842,2023-01-03,2026-05-12,1.0,0,0,False,902,2023-01-03,2026-08-07,2026-03-27,133.0,2.0,True,24,14,2026-04-21,108.0,False,0,,,0,,BROKEN,inactive: OHLCV ends 2026-05-12 (harvest/listing ended; no current bar to score)
DINO,True,False,False,True,842,2023-01-03,2026-05-12,1.0,0,0,False,902,2023-01-03,2026-08-07,2026-03-31,129.0,2.0,True,24,14,2026-05-01,98.0,False,0,,,0,,BROKEN,inactive: OHLCV ends 2026-05-12 (harvest/listing ended; no current bar to score)
DIS,True,False,False,True,842,2023-01-03,2026-05-12,1.0,0,0,False,902,2023-01-03,2026-08-07,2026-03-28,132.0,3.0,True,24,13,2026-02-02,186.0,False,0,,,0,,BROKEN,inactive: OHLCV ends 2026-05-12 (harvest/listing ended; no current bar to score)
DKS,True,False,False,True,842,2023-01-03,2026-05-12,1.0,0,0,False,902,2023-01-03,2026-08-07,2026-05-02,97.0,2.0,True,24,13,2026-03-12,148.0,False,0,,,0,,BROKEN,inactive: OHLCV ends 2026-05-12 (harvest/listing ended; no current bar to score)
DLR,True,True,False,True,902,2023-01-03,2026-08-07,1.0,0,0,True,902,2023-01-03,2026-08-07,2026-03-31,129.0,1.0,True,25,15,2026-07-23,15.0,True,263,2023-01-03,2026-08-07,263,0.0,COMPLETE,
DLTR,True,False,False,True,842,2023-01-03,2026-05-12,1.0,0,0,False,902,2023-01-03,2026-08-07,2026-05-02,97.0,2.0,True,24,13,2026-03-16,144.0,False,0,,,0,,BROKEN,inactive: OHLCV ends 2026-05-12 (harvest/listing ended; no current bar to score)
DOCU,True,False,False,True,890,2023-01-03,2026-07-22,1.0,0,0,False,902,2023-01-03,2026-08-07,2026-04-30,99.0,2.0,True,24,13,2026-03-17,143.0,True,187,2023-01-05,2026-05-13,187,86.0,BROKEN,inactive: OHLCV ends 2026-07-22 (harvest/listing ended; no current bar to score)
DOW,True,False,False,True,842,2023-01-03,2026-05-12,1.0,0,0,False,902,2023-01-03,2026-08-07,2026-03-31,129.0,2.0,True,23,13,2026-04-23,106.0,False,0,,,0,,BROKEN,inactive: OHLCV ends 2026-05-12 (harvest/listing ended; no current bar to score)
DPZ,True,False,False,True,842,2023-01-03,2026-05-12,1.0,0,0,False,902,2023-01-03,2026-08-07,2026-03-22,138.0,2.0,True,25,14,2026-04-27,102.0,False,0,,,0,,BROKEN,inactive: OHLCV ends 2026-05-12 (harvest/listing ended; no current bar to score)
DUK,True,True,False,True,902,2023-01-03,2026-08-07,1.0,0,0,True,902,2023-01-03,2026-08-07,2026-03-31,129.0,1.0,True,26,15,2026-08-04,3.0,True,248,2023-01-04,2026-08-05,248,2.0,COMPLETE,
DV,True,False,False,True,842,2023-01-03,2026-05-12,1.0,0,0,False,902,2023-01-03,2026-08-07,2026-03-31,129.0,2.0,True,20,13,2026-02-26,162.0,False,0,,,0,,BROKEN,inactive: OHLCV ends 2026-05-12 (harvest/listing ended; no current bar to score)
DVN,True,False,False,True,842,2023-01-03,2026-05-12,1.0,0,0,False,902,2023-01-03,2026-08-07,2026-03-31,129.0,2.0,True,23,13,2026-02-17,171.0,False,0,,,0,,BROKEN,inactive: OHLCV ends 2026-05-12 (harvest/listing ended; no current bar to score)
DXCM,True,False,False,True,842,2023-01-03,2026-05-12,1.0,0,0,False,902,2023-01-03,2026-08-07,2026-03-31,129.0,2.0,True,24,14,2026-04-30,99.0,False,0,,,0,,BROKEN,inactive: OHLCV ends 2026-05-12 (harvest/listing ended; no current bar to score)
ED,True,False,False,True,842,2023-01-03,2026-05-12,1.0,0,0,False,902,2023-01-03,2026-08-07,2026-03-31,129.0,3.0,True,24,13,2026-02-19,169.0,False,0,,,0,,BROKEN,inactive: OHLCV ends 2026-05-12 (harvest/listing ended; no current bar to score)
ELAN,True,False,False,True,842,2023-01-03,2026-05-12,1.0,0,0,False,902,2023-01-03,2026-08-07,2026-03-31,129.0,2.0,True,24,13,2026-02-24,164.0,False,0,,,0,,BROKEN,inactive: OHLCV ends 2026-05-12 (harvest/listing ended; no current bar to score)
ELV,True,False,False,True,842,2023-01-03,2026-05-12,1.0,0,0,False,902,2023-01-03,2026-08-07,2026-03-31,129.0,2.0,True,24,14,2026-04-22,107.0,False,0,,,0,,BROKEN,inactive: OHLCV ends 2026-05-12 (harvest/listing ended; no current bar to score)
EME,True,True,False,True,902,2023-01-03,2026-08-07,1.0,0,0,True,902,2023-01-03,2026-08-07,2026-03-31,129.0,0.0,True,25,15,2026-07-30,8.0,True,141,2023-01-10,2026-08-07,141,0.0,COMPLETE,
EMR,True,True,False,True,902,2023-01-03,2026-08-07,1.0,0,0,True,902,2023-01-03,2026-08-07,2026-03-31,129.0,0.0,True,26,15,2026-08-04,3.0,True,198,2023-01-04,2026-08-06,198,1.0,COMPLETE,
EOG,True,True,False,True,902,2023-01-03,2026-08-07,1.0,0,0,True,902,2023-01-03,2026-08-07,2026-03-31,129.0,1.0,True,26,15,2026-08-04,3.0,True,332,2023-01-03,2026-08-06,332,1.0,COMPLETE,
EPAM,True,False,False,True,842,2023-01-03,2026-05-12,1.0,0,0,False,902,2023-01-03,2026-08-07,2026-03-31,129.0,2.0,True,24,13,2026-02-19,169.0,False,0,,,0,,BROKEN,inactive: OHLCV ends 2026-05-12 (harvest/listing ended; no current bar to score)
EQIX,True,True,False,True,902,2023-01-03,2026-08-07,1.0,0,0,True,902,2023-01-03,2026-08-07,2026-03-31,129.0,0.0,True,26,15,2026-07-29,9.0,True,265,2023-01-12,2026-08-07,265,0.0,COMPLETE,
EQT,True,False,False,True,842,2023-01-03,2026-05-12,1.0,0,0,False,902,2023-01-03,2026-08-07,2026-03-31,129.0,2.0,True,24,14,2026-04-21,108.0,False,0,,,0,,BROKEN,inactive: OHLCV ends 2026-05-12 (harvest/listing ended; no current bar to score)
ESI,True,False,False,True,842,2023-01-03,2026-05-12,1.0,0,0,False,902,2023-01-03,2026-08-07,2026-03-31,129.0,2.0,True,24,14,2026-04-28,101.0,False,0,,,0,,BROKEN,inactive: OHLCV ends 2026-05-12 (harvest/listing ended; no current bar to score)
ESTC,True,False,False,True,890,2023-01-03,2026-07-22,1.0,0,0,False,902,2023-01-03,2026-08-07,2026-04-30,99.0,2.0,True,23,13,2026-02-26,162.0,True,132,2023-01-06,2026-05-15,132,84.0,BROKEN,inactive: OHLCV ends 2026-07-22 (harvest/listing ended; no current bar to score)
ETN,True,True,False,True,902,2023-01-03,2026-08-07,1.0,0,0,True,902,2023-01-03,2026-08-07,2026-03-31,129.0,0.0,True,26,15,2026-07-31,7.0,True,339,2023-01-05,2026-08-07,339,0.0,COMPLETE,
EW,True,False,False,True,842,2023-01-03,2026-05-12,1.0,0,0,False,902,2023-01-03,2026-08-07,2026-03-31,129.0,2.0,True,24,14,2026-04-23,106.0,False,0,,,0,,BROKEN,inactive: OHLCV ends 2026-05-12 (harvest/listing ended; no current bar to score)
EXC,True,False,False,True,842,2023-01-03,2026-05-12,1.0,0,0,False,902,2023-01-03,2026-08-07,2026-03-31,129.0,3.0,True,24,13,2026-02-12,176.0,False,0,,,0,,BROKEN,inactive: OHLCV ends 2026-05-12 (harvest/listing ended; no current bar to score)
EXEL,True,False,False,True,842,2023-01-03,2026-05-12,1.0,0,0,False,902,2023-01-03,2026-08-07,2026-04-03,126.0,2.0,True,24,13,2026-02-10,178.0,False,0,,,0,,BROKEN,inactive: OHLCV ends 2026-05-12 (harvest/listing ended; no current bar to score)
EXPE,True,False,False,True,842,2023-01-03,2026-05-12,1.0,0,0,False,902,2023-01-03,2026-08-07,2026-03-31,129.0,2.0,True,24,13,2026-02-12,176.0,False,0,,,0,,BROKEN,inactive: OHLCV ends 2026-05-12 (harvest/listing ended; no current bar to score)
F,True,False,False,True,842,2023-01-03,2026-05-12,1.0,0,0,False,902,2023-01-03,2026-08-07,2026-03-31,129.0,2.0,True,24,13,2026-02-10,178.0,False,0,,,0,,BROKEN,inactive: OHLCV ends 2026-05-12 (harvest/listing ended; no current bar to score)
FANG,True,False,False,True,842,2023-01-03,2026-05-12,1.0,0,0,False,902,2023-01-03,2026-08-07,2026-03-31,129.0,3.0,True,24,13,2026-02-23,165.0,False,0,,,0,,BROKEN,inactive: OHLCV ends 2026-05-12 (harvest/listing ended; no current bar to score)
FAST,True,False,False,True,842,2023-01-03,2026-05-12,1.0,0,0,False,902,2023-01-03,2026-08-07,2026-03-31,129.0,2.0,True,24,14,2026-04-13,116.0,False,0,,,0,,BROKEN,inactive: OHLCV ends 2026-05-12 (harvest/listing ended; no current bar to score)
FBIN,True,False,False,True,842,2023-01-03,2026-05-12,1.0,0,0,False,902,2023-01-03,2026-08-07,2026-03-28,132.0,2.0,True,24,13,2026-02-12,176.0,False,0,,,0,,BROKEN,inactive: OHLCV ends 2026-05-12 (harvest/listing ended; no current bar to score)
FCNCA,True,False,False,True,842,2023-01-03,2026-05-12,1.0,0,0,False,902,2023-01-03,2026-08-07,2026-03-31,129.0,3.0,True,24,14,2026-04-23,106.0,False,0,,,0,,BROKEN,inactive: OHLCV ends 2026-05-12 (harvest/listing ended; no current bar to score)
FCX,True,False,False,True,842,2023-01-03,2026-05-12,1.0,0,0,False,902,2023-01-03,2026-08-07,2026-03-31,129.0,2.0,True,24,14,2026-04-23,106.0,False,0,,,0,,BROKEN,inactive: OHLCV ends 2026-05-12 (harvest/listing ended; no current bar to score)
FDX,True,True,False,True,902,2023-01-03,2026-08-07,1.0,0,0,True,902,2023-01-03,2026-08-07,2026-05-31,68.0,0.0,True,25,14,2026-06-23,45.0,True,399,2023-01-03,2026-07-30,399,8.0,COMPLETE,
FICO,True,False,False,True,842,2023-01-03,2026-05-12,1.0,0,0,False,902,2023-01-03,2026-08-07,2026-03-31,129.0,2.0,True,24,14,2026-04-28,101.0,False,0,,,0,,BROKEN,inactive: OHLCV ends 2026-05-12 (harvest/listing ended; no current bar to score)
FITB,True,False,False,True,842,2023-01-03,2026-05-12,1.0,0,0,False,902,2023-01-03,2026-08-07,2026-03-31,129.0,3.0,True,24,14,2026-04-17,112.0,False,0,,,0,,BROKEN,inactive: OHLCV ends 2026-05-12 (harvest/listing ended; no current bar to score)
FLS,True,False,False,True,842,2023-01-03,2026-05-12,1.0,0,0,False,902,2023-01-03,2026-08-07,2026-03-31,129.0,2.0,True,24,14,2026-04-29,100.0,False,0,,,0,,BROKEN,inactive: OHLCV ends 2026-05-12 (harvest/listing ended; no current bar to score)
FRPT,True,False,False,True,842,2023-01-03,2026-05-12,1.0,0,0,False,902,2023-01-03,2026-08-07,2026-03-31,129.0,2.0,True,24,13,2026-02-23,165.0,False,0,,,0,,BROKEN,inactive: OHLCV ends 2026-05-12 (harvest/listing ended; no current bar to score)
FTNT,True,True,False,True,902,2023-01-03,2026-08-07,1.0,0,0,True,902,2023-01-03,2026-08-07,2026-03-31,129.0,0.0,True,26,15,2026-07-29,9.0,True,340,2023-01-05,2026-08-06,340,1.0,COMPLETE,
GD,True,False,False,True,842,2023-01-03,2026-05-12,1.0,0,0,False,902,2023-01-03,2026-08-07,2026-04-05,124.0,2.0,True,24,13,2026-01-28,191.0,False,0,,,0,,BROKEN,inactive: OHLCV ends 2026-05-12 (harvest/listing ended; no current bar to score)
GE,True,True,False,True,902,2023-01-03,2026-08-07,1.0,0,0,True,902,2023-01-03,2026-08-07,2026-03-31,129.0,0.0,True,25,15,2026-07-16,22.0,True,548,2023-01-03,2026-08-07,548,0.0,COMPLETE,
GILD,True,True,False,True,902,2023-01-03,2026-08-07,1.0,0,0,True,902,2023-01-03,2026-08-07,2026-03-31,129.0,0.0,True,26,15,2026-08-04,3.0,True,485,2023-01-03,2026-08-06,485,1.0,COMPLETE,
GLD,True,True,True,True,902,2023-01-03,2026-08-07,1.0,0,0,True,0,,,,,,False,0,0,,,True,834,2023-01-03,2026-08-07,834,0.0,COMPLETE,
GLW,True,True,False,True,902,2023-01-03,2026-08-07,1.0,0,0,True,902,2023-01-03,2026-08-07,2026-03-31,129.0,0.0,True,26,15,2026-07-28,10.0,True,266,2023-01-03,2026-08-07,266,0.0,COMPLETE,
GM,True,True,False,True,902,2023-01-03,2026-08-07,1.0,0,0,True,902,2023-01-03,2026-08-07,2026-03-31,129.0,0.0,True,26,15,2026-07-21,17.0,True,909,2023-01-04,2026-08-07,909,0.0,COMPLETE,
GME,True,False,False,True,842,2023-01-03,2026-05-12,1.0,0,0,False,902,2023-01-03,2026-08-07,2026-05-02,97.0,2.0,True,23,11,2025-12-09,241.0,False,0,,,0,,BROKEN,inactive: OHLCV ends 2026-05-12 (harvest/listing ended; no current bar to score)
GMED,True,False,False,True,842,2023-01-03,2026-05-12,1.0,0,0,False,902,2023-01-03,2026-08-07,2026-03-31,129.0,2.0,True,24,13,2026-02-24,164.0,False,0,,,0,,BROKEN,inactive: OHLCV ends 2026-05-12 (harvest/listing ended; no current bar to score)
GOOG,True,True,False,True,902,2023-01-03,2026-08-07,1.0,0,0,True,902,2023-01-03,2026-08-07,2026-03-31,129.0,0.0,True,26,15,2026-07-22,16.0,True,1089,2023-01-01,2026-08-07,1089,0.0,COMPLETE,
GOOGL,True,False,False,True,842,2023-01-03,2026-05-12,1.0,0,0,False,902,2023-01-03,2026-08-07,2026-03-31,129.0,2.0,False,0,0,,,False,0,,,0,,BROKEN,inactive: OHLCV ends 2026-05-12 (harvest/listing ended; no current bar to score)
GRMN,True,True,False,True,902,2023-01-03,2026-08-07,1.0,0,0,True,902,2023-01-03,2026-08-07,2026-03-28,132.0,0.0,True,25,15,2026-07-29,9.0,True,142,2023-01-05,2026-08-06,142,1.0,COMPLETE,
GS,True,True,False,True,902,2023-01-03,2026-08-07,1.0,0,0,True,902,2023-01-03,2026-08-07,2026-03-31,129.0,1.0,True,25,15,2026-07-14,24.0,True,807,2023-01-03,2026-08-04,807,3.0,COMPLETE,
GTES,True,False,False,True,842,2023-01-03,2026-05-12,1.0,0,0,False,902,2023-01-03,2026-08-07,2026-03-28,132.0,2.0,True,24,14,2026-05-01,98.0,False,0,,,0,,BROKEN,inactive: OHLCV ends 2026-05-12 (harvest/listing ended; no current bar to score)
GWRE,True,False,False,True,842,2023-01-03,2026-05-12,1.0,0,0,False,902,2023-01-03,2026-08-07,2026-04-30,99.0,3.0,True,23,12,2026-03-05,155.0,False,0,,,0,,BROKEN,inactive: OHLCV ends 2026-05-12 (harvest/listing ended; no current bar to score)
HALO,True,False,False,True,842,2023-01-03,2026-05-12,1.0,0,0,False,902,2023-01-03,2026-08-07,2026-03-31,129.0,2.0,True,24,13,2026-02-17,171.0,False,0,,,0,,BROKEN,inactive: OHLCV ends 2026-05-12 (harvest/listing ended; no current bar to score)
HCA,True,False,False,True,842,2023-01-03,2026-05-12,1.0,0,0,False,902,2023-01-03,2026-08-07,2026-03-31,129.0,3.0,True,24,14,2026-04-24,105.0,False,0,,,0,,BROKEN,inactive: OHLCV ends 2026-05-12 (harvest/listing ended; no current bar to score)
HD,True,True,False,True,902,2023-01-03,2026-08-07,1.0,0,0,True,902,2023-01-03,2026-08-07,2026-05-03,96.0,0.0,True,25,14,2026-05-19,80.0,True,577,2023-01-04,2026-08-06,577,1.0,COMPLETE,
HII,True,False,False,True,842,2023-01-03,2026-05-12,1.0,0,0,False,902,2023-01-03,2026-08-07,2026-03-31,129.0,3.0,True,24,13,2026-02-05,183.0,False,0,,,0,,BROKEN,inactive: OHLCV ends 2026-05-12 (harvest/listing ended; no current bar to score)
HLNE,True,False,False,True,842,2023-01-03,2026-05-12,1.0,0,0,False,902,2023-01-03,2026-08-07,2026-03-31,129.0,3.0,True,24,13,2026-02-03,185.0,False,0,,,0,,BROKEN,inactive: OHLCV ends 2026-05-12 (harvest/listing ended; no current bar to score)
HLT,True,True,False,True,902,2023-01-03,2026-08-07,1.0,0,0,True,902,2023-01-03,2026-08-07,2026-03-31,129.0,1.0,True,26,15,2026-07-28,10.0,True,264,2023-01-03,2026-07-30,264,8.0,COMPLETE,
HON,True,True,False,True,902,2023-01-03,2026-08-07,1.0,0,0,True,902,2023-01-03,2026-08-07,2026-03-31,129.0,0.0,True,25,15,2026-07-23,15.0,True,402,2023-01-04,2026-07-28,402,10.0,COMPLETE,
HPE,True,True,False,True,902,2023-01-03,2026-08-07,1.0,0,0,True,902,2023-01-03,2026-08-07,2026-04-30,99.0,0.0,True,25,14,2026-06-01,67.0,True,329,2023-01-03,2026-08-06,329,1.0,COMPLETE,
HUBS,True,False,False,True,890,2023-01-03,2026-07-22,1.0,0,0,False,902,2023-01-03,2026-08-07,2026-03-31,129.0,2.0,True,24,13,2026-02-11,177.0,True,273,2023-01-02,2026-05-15,273,84.0,BROKEN,inactive: OHLCV ends 2026-07-22 (harvest/listing ended; no current bar to score)
HUM,True,False,False,True,842,2023-01-03,2026-05-12,1.0,0,0,False,902,2023-01-03,2026-08-07,2026-03-31,129.0,3.0,True,24,13,2026-02-11,177.0,False,0,,,0,,BROKEN,inactive: OHLCV ends 2026-05-12 (harvest/listing ended; no current bar to score)
IAC,True,False,False,True,842,2023-01-03,2026-05-12,1.0,0,0,False,0,,,,,,True,23,13,2026-02-03,185.0,False,0,,,0,,BROKEN,inactive: OHLCV ends 2026-05-12 (harvest/listing ended; no current bar to score)
IBM,True,True,False,True,902,2023-01-03,2026-08-07,1.0,0,0,True,902,2023-01-03,2026-08-07,2026-03-31,129.0,0.0,True,25,15,2026-07-22,16.0,True,635,2023-01-04,2026-08-06,635,1.0,COMPLETE,
ICE,True,False,False,True,842,2023-01-03,2026-05-12,1.0,0,0,False,902,2023-01-03,2026-08-07,2026-03-31,129.0,2.0,True,24,13,2026-02-05,183.0,False,0,,,0,,BROKEN,inactive: OHLCV ends 2026-05-12 (harvest/listing ended; no current bar to score)
INTC,True,True,False,True,902,2023-01-03,2026-08-07,1.0,0,0,True,902,2023-01-03,2026-08-07,2026-03-28,132.0,0.0,True,27,15,2026-07-23,15.0,True,946,2023-01-03,2026-08-07,946,0.0,COMPLETE,
INTU,True,True,False,True,902,2023-01-03,2026-08-07,1.0,0,0,True,902,2023-01-03,2026-08-07,2026-04-30,99.0,0.0,True,25,14,2026-05-20,79.0,True,409,2023-01-04,2026-08-07,409,0.0,COMPLETE,
ISRG,True,False,False,True,842,2023-01-03,2026-05-12,1.0,0,0,False,902,2023-01-03,2026-08-07,2026-03-31,129.0,2.0,True,24,14,2026-04-21,108.0,False,0,,,0,,BROKEN,inactive: OHLCV ends 2026-05-12 (harvest/listing ended; no current bar to score)
ITW,True,False,False,True,842,2023-01-03,2026-05-12,1.0,0,0,False,902,2023-01-03,2026-08-07,2026-03-31,129.0,3.0,True,24,13,2026-02-03,185.0,False,0,,,0,,BROKEN,inactive: OHLCV ends 2026-05-12 (harvest/listing ended; no current bar to score)
JNJ,True,True,False,True,902,2023-01-03,2026-08-07,1.0,0,0,True,902,2023-01-03,2026-08-07,2026-03-29,131.0,0.0,True,25,15,2026-07-15,23.0,True,719,2023-01-03,2026-08-07,719,0.0,COMPLETE,
JPM,True,True,False,True,902,2023-01-03,2026-08-07,1.0,0,0,True,902,2023-01-03,2026-08-07,2026-03-31,129.0,1.0,True,25,15,2026-07-14,24.0,True,939,2023-01-01,2026-08-07,939,0.0,COMPLETE,
KKR,True,False,False,True,842,2023-01-03,2026-05-12,1.0,0,0,False,902,2023-01-03,2026-08-07,2026-03-31,129.0,3.0,True,24,13,2026-02-05,183.0,False,0,,,0,,BROKEN,inactive: OHLCV ends 2026-05-12 (harvest/listing ended; no current bar to score)
KLAC,True,True,False,True,902,2023-01-03,2026-08-07,1.0,0,0,True,902,2023-01-03,2026-08-07,2026-03-31,129.0,0.0,True,26,15,2026-07-28,10.0,True,366,2023-01-13,2026-08-07,366,0.0,COMPLETE,
KMI,True,True,False,True,902,2023-01-03,2026-08-07,1.0,0,0,True,902,2023-01-03,2026-08-07,2026-03-31,129.0,0.0,True,25,15,2026-07-22,16.0,True,209,2023-01-05,2026-07-23,209,15.0,COMPLETE,
KO,True,True,False,True,902,2023-01-03,2026-08-07,1.0,0,0,True,902,2023-01-03,2026-08-07,2026-04-03,126.0,0.0,True,26,15,2026-07-28,10.0,True,440,2023-01-03,2026-08-07,440,0.0,COMPLETE,
LHX,True,True,False,True,902,2023-01-03,2026-08-07,1.0,0,0,True,902,2023-01-03,2026-08-07,2026-04-03,126.0,0.0,True,27,16,2026-07-29,9.0,True,384,2023-01-06,2026-08-07,384,0.0,COMPLETE,
LIN,True,False,False,True,842,2023-01-03,2026-05-12,1.0,0,0,False,902,2023-01-03,2026-08-07,2026-03-31,129.0,3.0,True,24,13,2026-02-05,183.0,False,0,,,0,,BROKEN,inactive: OHLCV ends 2026-05-12 (harvest/listing ended; no current bar to score)
LITE,True,True,False,True,902,2023-01-03,2026-08-07,1.0,0,0,True,902,2023-01-03,2026-08-07,2026-03-28,132.0,0.0,True,25,14,2026-05-05,94.0,True,241,2023-01-18,2026-08-06,241,1.0,COMPLETE,
LLY,True,True,False,True,902,2023-01-03,2026-08-07,1.0,0,0,True,902,2023-01-03,2026-08-07,2026-03-31,129.0,0.0,True,26,15,2026-08-05,2.0,True,847,2023-01-03,2026-08-07,847,0.0,COMPLETE,
LMT,True,True,False,True,902,2023-01-03,2026-08-07,1.0,0,0,True,902,2023-01-03,2026-08-07,2026-03-29,131.0,0.0,True,26,15,2026-07-23,15.0,True,670,2023-01-06,2026-08-07,670,0.0,COMPLETE,
LOW,True,True,False,True,902,2023-01-03,2026-08-07,1.0,0,0,True,902,2023-01-03,2026-08-07,2026-05-01,98.0,0.0,True,25,14,2026-05-20,79.0,True,389,2023-01-03,2026-08-04,389,3.0,COMPLETE,
LRCX,True,True,False,True,902,2023-01-03,2026-08-07,1.0,0,0,True,902,2023-01-03,2026-08-07,2026-03-29,131.0,0.0,True,25,15,2026-07-29,9.0,True,505,2023-01-06,2026-08-07,505,0.0,COMPLETE,
MA,True,True,False,True,902,2023-01-03,2026-08-07,1.0,0,0,True,902,2023-01-03,2026-08-07,2026-03-31,129.0,1.0,True,26,15,2026-07-30,8.0,True,585,2023-01-03,2026-08-06,585,1.0,COMPLETE,
MAR,True,False,False,True,842,2023-01-03,2026-05-12,1.0,0,0,False,902,2023-01-03,2026-08-07,2026-03-31,129.0,3.0,True,24,13,2026-02-10,178.0,False,0,,,0,,BROKEN,inactive: OHLCV ends 2026-05-12 (harvest/listing ended; no current bar to score)
MCD,True,True,False,True,902,2023-01-03,2026-08-07,1.0,0,0,True,902,2023-01-03,2026-08-07,2026-03-31,129.0,0.0,True,26,15,2026-08-04,3.0,True,604,2023-01-04,2026-08-06,604,1.0,COMPLETE,
MCHP,True,True,False,True,902,2023-01-03,2026-08-07,1.0,0,0,True,902,2023-01-03,2026-08-07,2026-03-31,129.0,0.0,True,26,15,2026-08-06,1.0,True,313,2023-01-17,2026-08-07,313,0.0,COMPLETE,
MCO,True,False,False,True,842,2023-01-03,2026-05-12,1.0,0,0,False,902,2023-01-03,2026-08-07,2026-03-31,129.0,2.0,True,24,14,2026-04-22,107.0,False,0,,,0,,BROKEN,inactive: OHLCV ends 2026-05-12 (harvest/listing ended; no current bar to score)
MDB,True,True,False,True,902,2023-01-03,2026-08-07,1.0,0,0,True,902,2023-01-03,2026-08-07,2026-04-30,99.0,0.0,True,25,14,2026-05-28,71.0,True,349,2023-01-11,2026-08-03,349,4.0,COMPLETE,
MDT,True,True,False,True,902,2023-01-03,2026-08-07,1.0,0,0,True,902,2023-01-03,2026-08-07,2026-04-24,105.0,0.0,True,25,14,2026-06-03,65.0,True,324,2023-01-04,2026-08-06,324,1.0,COMPLETE,
META,True,True,False,True,902,2023-01-03,2026-08-07,1.0,0,0,True,902,2023-01-03,2026-08-07,2026-03-31,129.0,0.0,True,26,15,2026-07-29,9.0,True,1086,2023-01-01,2026-08-07,1086,0.0,COMPLETE,
MMM,True,True,False,True,902,2023-01-03,2026-08-07,1.0,0,0,True,902,2023-01-03,2026-08-07,2026-03-31,129.0,0.0,True,25,15,2026-07-21,17.0,True,312,2023-01-04,2026-08-06,312,1.0,COMPLETE,
MO,True,True,False,True,902,2023-01-03,2026-08-07,1.0,0,0,True,902,2023-01-03,2026-08-07,2026-03-31,129.0,0.0,True,26,15,2026-07-30,8.0,True,269,2023-01-11,2026-08-04,269,3.0,COMPLETE,
MPC,True,False,False,True,842,2023-01-03,2026-05-12,1.0,0,0,False,902,2023-01-03,2026-08-07,2026-03-31,129.0,2.0,True,24,13,2026-02-03,185.0,False,0,,,0,,BROKEN,inactive: OHLCV ends 2026-05-12 (harvest/listing ended; no current bar to score)
MPWR,True,True,False,True,902,2023-01-03,2026-08-07,1.0,0,0,True,902,2023-01-03,2026-08-07,2026-03-31,129.0,0.0,True,26,15,2026-07-30,8.0,True,238,2023-01-05,2026-08-07,238,0.0,COMPLETE,
MRK,True,True,False,True,902,2023-01-03,2026-08-07,1.0,0,0,True,902,2023-01-03,2026-08-07,2026-03-31,129.0,0.0,True,26,15,2026-08-04,3.0,True,700,2023-01-03,2026-08-07,700,0.0,COMPLETE,
MRVL,True,True,False,True,902,2023-01-03,2026-08-07,1.0,0,0,True,902,2023-01-03,2026-08-07,2026-05-02,97.0,0.0,True,25,14,2026-05-27,72.0,True,625,2023-01-02,2026-08-07,625,0.0,COMPLETE,
MS,True,True,False,True,902,2023-01-03,2026-08-07,1.0,0,0,True,902,2023-01-03,2026-08-07,2026-03-31,129.0,1.0,True,25,15,2026-07-15,23.0,True,643,2023-01-03,2026-08-04,643,3.0,COMPLETE,
MSFT,True,True,False,True,902,2023-01-03,2026-08-07,1.0,0,0,True,902,2023-01-03,2026-08-07,2026-03-31,129.0,0.0,True,26,15,2026-07-29,9.0,True,1041,2023-01-03,2026-08-07,1041,0.0,COMPLETE,
MU,True,True,False,True,902,2023-01-03,2026-08-07,1.0,0,0,True,902,2023-01-03,2026-08-07,2026-05-28,71.0,0.0,True,25,14,2026-06-24,44.0,True,799,2023-01-03,2026-08-07,799,0.0,COMPLETE,
NEE,True,True,False,True,902,2023-01-03,2026-08-07,1.0,0,0,True,902,2023-01-03,2026-08-07,2026-03-31,129.0,1.0,True,25,15,2026-07-24,14.0,True,393,2023-01-10,2026-08-07,393,0.0,COMPLETE,
NEM,True,True,False,True,902,2023-01-03,2026-08-07,1.0,0,0,True,902,2023-01-03,2026-08-07,2026-03-31,129.0,0.0,True,25,15,2026-07-23,15.0,True,407,2023-01-04,2026-08-05,407,2.0,COMPLETE,
NET,True,True,False,True,902,2023-01-03,2026-08-07,1.0,0,0,True,902,2023-01-03,2026-08-07,2026-03-31,129.0,0.0,True,23,15,2026-08-06,1.0,True,365,2023-01-05,2026-08-07,365,0.0,COMPLETE,
NFLX,True,True,False,True,902,2023-01-03,2026-08-07,1.0,0,0,True,902,2023-01-03,2026-08-07,2026-03-31,129.0,0.0,True,25,15,2026-07-16,22.0,True,904,2023-01-01,2026-08-07,904,0.0,COMPLETE,
NKE,True,False,False,True,842,2023-01-03,2026-05-12,1.0,0,0,False,902,2023-01-03,2026-08-07,2026-05-31,68.0,2.0,True,24,13,2026-03-31,129.0,False,0,,,0,,BROKEN,inactive: OHLCV ends 2026-05-12 (harvest/listing ended; no current bar to score)
NOC,True,False,False,True,842,2023-01-03,2026-05-12,1.0,0,0,False,902,2023-01-03,2026-08-07,2026-03-31,129.0,3.0,True,24,14,2026-04-21,108.0,False,0,,,0,,BROKEN,inactive: OHLCV ends 2026-05-12 (harvest/listing ended; no current bar to score)
NOW,True,True,False,True,902,2023-01-03,2026-08-07,1.0,0,0,True,902,2023-01-03,2026-08-07,2026-03-31,129.0,0.0,True,25,15,2026-07-22,16.0,True,553,2023-01-05,2026-08-07,553,0.0,COMPLETE,
NSC,True,False,False,True,842,2023-01-03,2026-05-12,1.0,0,0,False,902,2023-01-03,2026-08-07,2026-03-31,129.0,3.0,True,24,14,2026-04-24,105.0,False,0,,,0,,BROKEN,inactive: OHLCV ends 2026-05-12 (harvest/listing ended; no current bar to score)
NVDA,True,True,False,True,902,2023-01-03,2026-08-07,1.0,0,0,True,902,2023-01-03,2026-08-07,2026-04-26,103.0,0.0,True,25,14,2026-05-20,79.0,True,912,2023-01-03,2026-08-07,912,0.0,COMPLETE,
NVO,True,False,False,True,890,2023-01-03,2026-07-22,1.0,0,0,False,0,,,,,,True,24,13,2026-02-03,185.0,True,721,2023-01-05,2026-05-14,721,85.0,BROKEN,inactive: OHLCV ends 2026-07-22 (harvest/listing ended; no current bar to score)
NXPI,True,False,False,True,895,2023-01-03,2026-07-29,1.0,0,0,False,0,,,,,,True,24,13,2026-02-02,186.0,True,263,2023-01-05,2026-05-13,263,86.0,BROKEN,inactive: OHLCV ends 2026-07-29 (harvest/listing ended; no current bar to score)
O,True,False,False,True,842,2023-01-03,2026-05-12,1.0,0,0,False,902,2023-01-03,2026-08-07,2026-03-31,129.0,3.0,True,24,13,2026-02-24,164.0,False,0,,,0,,BROKEN,inactive: OHLCV ends 2026-05-12 (harvest/listing ended; no current bar to score)
OKE,True,False,False,True,842,2023-01-03,2026-05-12,1.0,0,0,False,902,2023-01-03,2026-08-07,2026-03-31,129.0,2.0,True,24,13,2026-02-23,165.0,False,0,,,0,,BROKEN,inactive: OHLCV ends 2026-05-12 (harvest/listing ended; no current bar to score)
OKTA,True,False,False,True,890,2023-01-03,2026-07-22,1.0,0,0,False,902,2023-01-03,2026-08-07,2026-04-30,99.0,2.0,True,23,13,2026-03-04,156.0,True,246,2023-01-04,2026-05-14,246,85.0,BROKEN,inactive: OHLCV ends 2026-07-22 (harvest/listing ended; no current bar to score)
ON,True,True,False,True,902,2023-01-03,2026-08-07,1.0,0,0,True,902,2023-01-03,2026-08-07,2026-04-03,126.0,0.0,True,26,15,2026-08-03,4.0,True,435,2023-01-03,2026-08-07,435,0.0,COMPLETE,
ORCL,True,True,False,True,902,2023-01-03,2026-08-07,1.0,0,0,True,902,2023-01-03,2026-08-07,2026-05-31,68.0,0.0,True,25,14,2026-06-10,58.0,True,787,2023-01-04,2026-08-07,787,0.0,COMPLETE,
OXY,True,True,False,True,902,2023-01-03,2026-08-07,1.0,0,0,True,902,2023-01-03,2026-08-07,2026-03-31,129.0,0.0,True,26,15,2026-08-05,2.0,True,458,2023-01-03,2026-08-07,458,0.0,COMPLETE,
PANW,True,True,False,True,902,2023-01-03,2026-08-07,1.0,0,0,True,902,2023-01-03,2026-08-07,2026-04-30,99.0,0.0,True,25,14,2026-06-02,66.0,True,598,2023-01-05,2026-08-06,598,1.0,COMPLETE,
PCTY,True,False,False,True,890,2023-01-03,2026-07-22,1.0,0,0,False,902,2023-01-03,2026-08-07,2026-03-31,129.0,2.0,True,24,13,2026-02-05,183.0,True,114,2023-01-03,2026-05-11,114,88.0,BROKEN,inactive: OHLCV ends 2026-07-22 (harvest/listing ended; no current bar to score)
PEG,True,False,False,True,842,2023-01-03,2026-05-12,1.0,0,0,False,902,2023-01-03,2026-08-07,2026-03-31,129.0,2.0,True,24,13,2026-02-26,162.0,False,0,,,0,,BROKEN,inactive: OHLCV ends 2026-05-12 (harvest/listing ended; no current bar to score)
PEP,True,False,False,True,842,2023-01-03,2026-05-12,1.0,0,0,False,902,2023-01-03,2026-08-07,2026-03-21,139.0,2.0,True,24,14,2026-04-16,113.0,False,0,,,0,,BROKEN,inactive: OHLCV ends 2026-05-12 (harvest/listing ended; no current bar to score)
PFE,True,False,False,True,842,2023-01-03,2026-05-12,1.0,0,0,False,902,2023-01-03,2026-08-07,2026-03-29,131.0,2.0,True,24,13,2026-02-03,185.0,False,0,,,0,,BROKEN,inactive: OHLCV ends 2026-05-12 (harvest/listing ended; no current bar to score)
PG,True,True,False,True,902,2023-01-03,2026-08-07,1.0,0,0,True,902,2023-01-03,2026-08-07,2026-03-31,129.0,0.0,True,26,15,2026-07-29,9.0,True,329,2023-01-03,2026-08-07,329,0.0,COMPLETE,
PGR,True,False,False,True,890,2023-01-03,2026-07-22,1.0,0,0,False,902,2023-01-03,2026-08-07,2026-03-31,129.0,3.0,True,24,14,2026-04-15,114.0,True,354,2023-01-18,2026-05-15,354,84.0,BROKEN,inactive: OHLCV ends 2026-07-22 (harvest/listing ended; no current bar to score)
PH,True,True,False,True,902,2023-01-03,2026-08-07,1.0,0,0,True,902,2023-01-03,2026-08-07,2026-03-31,129.0,0.0,True,26,15,2026-08-06,1.0,True,245,2023-01-05,2026-08-07,245,0.0,COMPLETE,
PLD,True,False,False,True,842,2023-01-03,2026-05-12,1.0,0,0,False,902,2023-01-03,2026-08-07,2026-03-31,129.0,3.0,True,24,14,2026-04-16,113.0,False,0,,,0,,BROKEN,inactive: OHLCV ends 2026-05-12 (harvest/listing ended; no current bar to score)
PLTR,True,True,False,True,902,2023-01-03,2026-08-07,1.0,0,0,True,902,2023-01-03,2026-08-07,2026-03-31,129.0,0.0,True,24,15,2026-08-03,4.0,True,926,2023-01-05,2026-08-07,926,0.0,COMPLETE,
PM,True,True,False,True,902,2023-01-03,2026-08-07,1.0,0,0,True,902,2023-01-03,2026-08-07,2026-03-31,129.0,0.0,True,25,15,2026-07-22,16.0,True,303,2023-01-04,2026-08-04,303,3.0,COMPLETE,
PNC,True,True,False,True,902,2023-01-03,2026-08-07,1.0,0,0,True,902,2023-01-03,2026-08-07,2026-03-31,129.0,1.0,True,25,15,2026-07-15,23.0,True,251,2023-01-03,2026-07-29,251,9.0,COMPLETE,
PSA,True,False,False,True,842,2023-01-03,2026-05-12,1.0,0,0,False,902,2023-01-03,2026-08-07,2026-03-31,129.0,2.0,True,25,14,2026-04-27,102.0,False,0,,,0,,BROKEN,inactive: OHLCV ends 2026-05-12 (harvest/listing ended; no current bar to score)
PSX,True,False,False,True,842,2023-01-03,2026-05-12,1.0,0,0,False,902,2023-01-03,2026-08-07,2026-03-31,129.0,2.0,True,24,13,2026-02-04,184.0,False,0,,,0,,BROKEN,inactive: OHLCV ends 2026-05-12 (harvest/listing ended; no current bar to score)
PYPL,True,True,False,True,902,2023-01-03,2026-08-07,1.0,0,0,True,902,2023-01-03,2026-08-07,2026-03-31,129.0,1.0,True,26,15,2026-07-28,10.0,True,641,2023-01-03,2026-08-06,641,1.0,COMPLETE,
QCOM,True,True,False,True,902,2023-01-03,2026-08-07,1.0,0,0,True,902,2023-01-03,2026-08-07,2026-03-29,131.0,0.0,True,26,15,2026-07-29,9.0,True,733,2023-01-03,2026-08-07,733,0.0,COMPLETE,
RBLX,True,True,False,True,902,2023-01-03,2026-08-07,1.0,0,0,True,902,2023-01-03,2026-08-07,2026-03-31,129.0,0.0,True,24,15,2026-07-30,8.0,True,452,2023-01-03,2026-08-04,452,3.0,COMPLETE,
REGN,True,False,False,True,842,2023-01-03,2026-05-12,1.0,0,0,False,902,2023-01-03,2026-08-07,2026-03-31,129.0,3.0,True,24,13,2026-01-30,189.0,False,0,,,0,,BROKEN,inactive: OHLCV ends 2026-05-12 (harvest/listing ended; no current bar to score)
RKLB,False,True,False,True,902,2023-01-03,2026-08-07,1.0,0,0,True,902,2023-01-03,2026-08-07,2026-03-31,129.0,0.0,True,19,14,2026-05-07,92.0,True,28,2026-06-23,2026-08-07,28,0.0,COMPLETE,
ROST,True,True,False,True,902,2023-01-03,2026-08-07,1.0,0,0,True,902,2023-01-03,2026-08-07,2026-05-02,97.0,0.0,True,25,14,2026-05-21,78.0,True,228,2023-01-13,2026-08-06,228,1.0,COMPLETE,
RTX,True,True,False,True,902,2023-01-03,2026-08-07,1.0,0,0,True,902,2023-01-03,2026-08-07,2026-03-31,129.0,0.0,True,25,15,2026-07-23,15.0,True,567,2023-01-05,2026-08-07,567,0.0,COMPLETE,
SBUX,True,False,False,True,842,2023-01-03,2026-05-12,1.0,0,0,False,902,2023-01-03,2026-08-07,2026-03-29,131.0,2.0,True,24,13,2026-01-28,191.0,False,0,,,0,,BROKEN,inactive: OHLCV ends 2026-05-12 (harvest/listing ended; no current bar to score)
SCHW,True,True,False,True,902,2023-01-03,2026-08-07,1.0,0,0,True,902,2023-01-03,2026-08-07,2026-03-31,129.0,1.0,True,25,15,2026-07-21,17.0,True,472,2023-01-03,2026-08-03,472,4.0,COMPLETE,
SHOP,True,False,False,True,890,2023-01-03,2026-07-22,1.0,0,0,False,0,,,,,,True,24,13,2026-02-11,177.0,True,521,2023-01-03,2026-05-15,521,84.0,BROKEN,inactive: OHLCV ends 2026-07-22 (harvest/listing ended; no current bar to score)
SHW,True,False,False,True,842,2023-01-03,2026-05-12,1.0,0,0,False,902,2023-01-03,2026-08-07,2026-03-31,129.0,2.0,True,24,13,2026-01-29,190.0,False,0,,,0,,BROKEN,inactive: OHLCV ends 2026-05-12 (harvest/listing ended; no current bar to score)
SLB,True,False,False,True,842,2023-01-03,2026-05-12,1.0,0,0,False,902,2023-01-03,2026-08-07,2026-03-31,129.0,2.0,True,24,14,2026-04-24,105.0,False,0,,,0,,BROKEN,inactive: OHLCV ends 2026-05-12 (harvest/listing ended; no current bar to score)
SMCI,True,True,False,True,902,2023-01-03,2026-08-07,1.0,0,0,True,902,2023-01-03,2026-08-07,2026-03-31,129.0,0.0,True,24,13,2026-05-05,94.0,True,701,2023-01-09,2026-08-07,701,0.0,COMPLETE,
SNOW,True,True,False,True,902,2023-01-03,2026-08-07,1.0,0,0,True,902,2023-01-03,2026-08-07,2026-04-30,99.0,0.0,True,23,14,2026-05-27,72.0,True,532,2023-01-03,2026-08-03,532,4.0,COMPLETE,
SO,True,True,False,True,902,2023-01-03,2026-08-07,1.0,0,0,True,902,2023-01-03,2026-08-07,2026-03-31,129.0,0.0,True,26,15,2026-07-30,8.0,True,217,2023-01-05,2026-08-04,217,3.0,COMPLETE,
SOFI,True,True,False,True,902,2023-01-03,2026-08-07,1.0,0,0,True,902,2023-01-03,2026-08-07,2026-03-31,129.0,0.0,True,21,15,2026-07-29,9.0,True,522,2023-01-03,2026-08-04,522,3.0,COMPLETE,
SPCX,False,True,False,True,39,2026-06-12,2026-08-07,1.0,0,0,True,0,,,,,,True,1,1,2026-08-04,3.0,True,33,2026-06-23,2026-08-07,33,0.0,DEGRADED,OHLCV short history: 39 bars (< 120; 60d feature windows cannot warm up); SEC fundamentals absent (all 5 fund cols median-imputed at panel build)
SPG,True,True,False,True,902,2023-01-03,2026-08-07,1.0,0,0,True,902,2023-01-03,2026-08-07,2026-03-31,129.0,3.0,True,25,14,2026-05-11,88.0,True,170,2023-01-12,2026-07-21,170,17.0,DEGRADED,SEC fund vector majority-null: 3/5 cols null on last row
SPGI,True,False,False,True,842,2023-01-03,2026-05-12,1.0,0,0,False,902,2023-01-03,2026-08-07,2026-03-31,129.0,2.0,True,24,13,2026-02-10,178.0,False,0,,,0,,BROKEN,inactive: OHLCV ends 2026-05-12 (harvest/listing ended; no current bar to score)
SPOT,True,True,False,True,902,2023-01-03,2026-08-07,1.0,0,0,True,0,,,,,,True,25,15,2026-08-04,3.0,True,540,2023-01-03,2026-08-06,540,1.0,DEGRADED,SEC fundamentals absent (all 5 fund cols median-imputed at panel build)
SPY,True,True,True,True,902,2023-01-03,2026-08-07,1.0,0,0,True,0,,,,,,False,0,0,,,True,422,2023-01-01,2026-08-07,422,0.0,COMPLETE,
SRE,True,False,False,True,842,2023-01-03,2026-05-12,1.0,0,0,False,902,2023-01-03,2026-08-07,2026-03-31,129.0,3.0,True,24,13,2026-02-26,162.0,False,0,,,0,,BROKEN,inactive: OHLCV ends 2026-05-12 (harvest/listing ended; no current bar to score)
STZ,True,False,False,True,842,2023-01-03,2026-05-12,1.0,0,0,False,902,2023-01-03,2026-08-07,2026-05-31,68.0,2.0,True,24,14,2026-04-08,121.0,False,0,,,0,,BROKEN,inactive: OHLCV ends 2026-05-12 (harvest/listing ended; no current bar to score)
SYK,True,False,False,True,842,2023-01-03,2026-05-12,1.0,0,0,False,902,2023-01-03,2026-08-07,2026-03-31,129.0,2.0,True,24,13,2026-01-29,190.0,False,0,,,0,,BROKEN,inactive: OHLCV ends 2026-05-12 (harvest/listing ended; no current bar to score)
T,True,True,False,True,902,2023-01-03,2026-08-07,1.0,0,0,True,902,2023-01-03,2026-08-07,2026-03-31,129.0,0.0,True,25,15,2026-07-22,16.0,True,557,2023-01-03,2026-08-07,557,0.0,COMPLETE,
TEAM,True,True,False,True,902,2023-01-03,2026-08-07,1.0,0,0,True,902,2023-01-03,2026-08-07,2026-03-31,129.0,0.0,True,26,15,2026-08-06,1.0,True,286,2023-01-05,2026-08-07,286,0.0,COMPLETE,
TGT,True,False,False,True,842,2023-01-03,2026-05-12,1.0,0,0,False,902,2023-01-03,2026-08-07,2026-05-02,97.0,2.0,True,24,13,2026-03-03,157.0,False,0,,,0,,BROKEN,inactive: OHLCV ends 2026-05-12 (harvest/listing ended; no current bar to score)
TJX,True,True,False,True,902,2023-01-03,2026-08-07,1.0,0,0,True,902,2023-01-03,2026-08-07,2026-05-02,97.0,0.0,True,25,14,2026-05-20,79.0,True,281,2023-01-06,2026-08-06,281,1.0,COMPLETE,
TLT,True,False,True,True,902,2023-01-03,2026-08-07,1.0,0,0,True,0,,,,,,False,0,0,,,False,0,,,0,,COMPLETE,
TMO,True,True,False,True,902,2023-01-03,2026-08-07,1.0,0,0,True,902,2023-01-03,2026-08-07,2026-03-28,132.0,0.0,True,25,15,2026-07-23,15.0,True,385,2023-01-03,2026-07-27,385,11.0,COMPLETE,
TMUS,True,False,False,True,842,2023-01-03,2026-05-12,1.0,0,0,False,902,2023-01-03,2026-08-07,2026-03-31,129.0,2.0,True,24,13,2026-02-11,177.0,False,0,,,0,,BROKEN,inactive: OHLCV ends 2026-05-12 (harvest/listing ended; no current bar to score)
TRV,True,False,False,True,842,2023-01-03,2026-05-12,1.0,0,0,False,902,2023-01-03,2026-08-07,2026-03-31,129.0,3.0,True,24,14,2026-04-16,113.0,False,0,,,0,,BROKEN,inactive: OHLCV ends 2026-05-12 (harvest/listing ended; no current bar to score)
TSLA,True,True,False,True,902,2023-01-03,2026-08-07,1.0,0,0,True,902,2023-01-03,2026-08-07,2026-03-31,129.0,0.0,True,27,15,2026-07-22,16.0,True,822,2023-01-03,2026-08-07,822,0.0,COMPLETE,
TSM,True,True,False,True,902,2023-01-03,2026-08-07,1.0,0,0,True,0,,,,,,True,26,16,2026-07-16,22.0,True,929,2023-01-03,2026-08-07,929,0.0,DEGRADED,SEC fundamentals absent (all 5 fund cols median-imputed at panel build)
TXN,True,True,False,True,902,2023-01-03,2026-08-07,1.0,0,0,True,902,2023-01-03,2026-08-07,2026-03-31,129.0,0.0,True,25,15,2026-07-22,16.0,True,134,2025-05-21,2026-07-24,134,14.0,COMPLETE,
UNH,True,True,False,True,902,2023-01-03,2026-08-07,1.0,0,0,True,902,2023-01-03,2026-08-07,2026-03-31,129.0,0.0,True,25,15,2026-07-16,22.0,True,684,2023-01-04,2026-08-03,684,4.0,COMPLETE,
UNP,True,True,False,True,902,2023-01-03,2026-08-07,1.0,0,0,True,902,2023-01-03,2026-08-07,2026-03-31,129.0,1.0,True,25,15,2026-07-23,15.0,True,319,2023-01-04,2026-07-29,319,9.0,COMPLETE,
UPS,True,False,False,True,842,2023-01-03,2026-05-12,1.0,0,0,False,902,2023-01-03,2026-08-07,2026-03-31,129.0,3.0,True,24,13,2026-01-27,192.0,False,0,,,0,,BROKEN,inactive: OHLCV ends 2026-05-12 (harvest/listing ended; no current bar to score)
URI,True,False,False,True,842,2023-01-03,2026-05-12,1.0,0,0,False,902,2023-01-03,2026-08-07,2026-03-31,129.0,2.0,True,24,14,2026-04-22,107.0,False,0,,,0,,BROKEN,inactive: OHLCV ends 2026-05-12 (harvest/listing ended; no current bar to score)
USB,True,False,False,True,842,2023-01-03,2026-05-12,1.0,0,0,False,902,2023-01-03,2026-08-07,2026-03-31,129.0,3.0,True,24,14,2026-04-16,113.0,False,0,,,0,,BROKEN,inactive: OHLCV ends 2026-05-12 (harvest/listing ended; no current bar to score)
V,True,True,False,True,902,2023-01-03,2026-08-07,1.0,0,0,True,902,2023-01-03,2026-08-07,2026-03-31,129.0,3.0,True,26,15,2026-07-28,10.0,True,638,2023-01-03,2026-08-07,638,0.0,DEGRADED,SEC fund vector majority-null: 3/5 cols null on last row
VEEV,True,False,False,True,842,2023-01-03,2026-05-12,1.0,0,0,False,902,2023-01-03,2026-08-07,2026-04-30,99.0,2.0,True,24,13,2026-03-04,156.0,False,0,,,0,,BROKEN,inactive: OHLCV ends 2026-05-12 (harvest/listing ended; no current bar to score)
VLO,True,True,False,True,902,2023-01-03,2026-08-07,1.0,0,0,True,902,2023-01-03,2026-08-07,2026-03-31,129.0,0.0,True,26,15,2026-07-30,8.0,True,368,2023-01-05,2026-08-04,368,3.0,COMPLETE,
VRT,True,True,False,True,902,2023-01-03,2026-08-07,1.0,0,0,True,902,2023-01-03,2026-08-07,2026-03-31,129.0,0.0,True,26,15,2026-07-29,9.0,True,399,2023-01-13,2026-08-07,399,0.0,COMPLETE,
VRTX,True,False,False,True,842,2023-01-03,2026-05-12,1.0,0,0,False,902,2023-01-03,2026-08-07,2026-03-31,129.0,2.0,True,24,13,2026-02-12,176.0,False,0,,,0,,BROKEN,inactive: OHLCV ends 2026-05-12 (harvest/listing ended; no current bar to score)
VTR,True,True,False,True,902,2023-01-03,2026-08-07,1.0,0,0,True,902,2023-01-03,2026-08-07,2026-03-31,129.0,1.0,True,26,15,2026-07-29,9.0,True,146,2023-01-04,2026-07-31,146,7.0,COMPLETE,
VZ,True,False,False,True,842,2023-01-03,2026-05-12,1.0,0,0,False,902,2023-01-03,2026-08-07,2026-03-31,129.0,2.0,True,25,14,2026-04-27,102.0,False,0,,,0,,BROKEN,inactive: OHLCV ends 2026-05-12 (harvest/listing ended; no current bar to score)
WDAY,True,True,False,True,902,2023-01-03,2026-08-07,1.0,0,0,True,902,2023-01-03,2026-08-07,2026-04-30,99.0,2.0,True,25,14,2026-05-21,78.0,True,308,2023-01-09,2026-07-31,308,7.0,COMPLETE,
WDC,True,True,False,True,902,2023-01-03,2026-08-07,1.0,0,0,True,902,2023-01-03,2026-08-07,2026-04-03,126.0,0.0,True,26,15,2026-08-05,2.0,True,362,2023-01-04,2026-08-07,362,0.0,COMPLETE,
WELL,True,True,False,True,902,2023-01-03,2026-08-07,1.0,0,0,True,902,2023-01-03,2026-08-07,2026-03-31,129.0,0.0,True,26,15,2026-07-27,11.0,True,246,2023-01-09,2026-08-06,246,1.0,COMPLETE,
WFC,True,True,False,True,902,2023-01-03,2026-08-07,1.0,0,0,True,902,2023-01-03,2026-08-07,2026-03-31,129.0,1.0,True,25,15,2026-07-14,24.0,True,587,2023-01-03,2026-08-04,587,3.0,COMPLETE,
WIT,True,False,False,True,842,2023-01-03,2026-05-12,1.0,0,0,False,0,,,,,,True,24,14,2026-04-16,113.0,False,0,,,0,,BROKEN,inactive: OHLCV ends 2026-05-12 (harvest/listing ended; no current bar to score)
WM,True,False,False,True,842,2023-01-03,2026-05-12,1.0,0,0,False,902,2023-01-03,2026-08-07,2026-03-31,129.0,2.0,True,24,13,2026-01-28,191.0,False,0,,,0,,BROKEN,inactive: OHLCV ends 2026-05-12 (harvest/listing ended; no current bar to score)
WMB,True,True,False,True,902,2023-01-03,2026-08-07,1.0,0,0,True,902,2023-01-03,2026-08-07,2026-03-31,129.0,1.0,True,26,15,2026-08-03,4.0,True,222,2023-01-09,2026-08-05,222,2.0,COMPLETE,
WMT,True,True,False,True,902,2023-01-03,2026-08-07,1.0,0,0,True,902,2023-01-03,2026-08-07,2026-04-30,99.0,0.0,True,25,14,2026-05-21,78.0,True,796,2023-01-04,2026-08-07,796,0.0,COMPLETE,
XEL,True,False,False,True,842,2023-01-03,2026-05-12,1.0,0,0,False,902,2023-01-03,2026-08-07,2026-03-31,129.0,3.0,True,24,13,2026-02-05,183.0,False,0,,,0,,BROKEN,inactive: OHLCV ends 2026-05-12 (harvest/listing ended; no current bar to score)
XLE,True,True,True,True,902,2023-01-03,2026-08-07,1.0,0,0,True,0,,,,,,False,0,0,,,True,748,2023-01-03,2026-08-07,748,0.0,COMPLETE,
XLF,True,True,True,True,902,2023-01-03,2026-08-07,1.0,0,0,True,0,,,,,,False,0,0,,,True,665,2023-01-03,2026-08-07,665,0.0,COMPLETE,
XLI,True,True,True,True,902,2023-01-03,2026-08-07,1.0,0,0,True,0,,,,,,False,0,0,,,True,485,2023-01-26,2026-08-07,485,0.0,COMPLETE,
XLK,True,True,True,True,902,2023-01-03,2026-08-07,1.0,0,0,True,0,,,,,,False,0,0,,,True,752,2023-01-03,2026-08-07,752,0.0,COMPLETE,
XLU,True,True,True,True,902,2023-01-03,2026-08-07,1.0,0,0,True,0,,,,,,False,0,0,,,True,629,2023-01-03,2026-08-07,629,0.0,COMPLETE,
XLV,True,False,True,True,902,2023-01-03,2026-08-07,1.0,0,0,True,0,,,,,,False,0,0,,,False,0,,,0,,COMPLETE,
XLY,True,True,True,True,902,2023-01-03,2026-08-07,1.0,0,0,True,0,,,,,,False,0,0,,,True,633,2023-01-03,2026-08-07,633,0.0,COMPLETE,
XOM,True,True,False,True,902,2023-01-03,2026-08-07,1.0,0,0,True,902,2023-01-03,2026-08-07,2026-03-31,129.0,2.0,True,26,15,2026-07-31,7.0,True,730,2023-01-02,2026-08-07,730,0.0,COMPLETE,
YUM,True,False,False,True,842,2023-01-03,2026-05-12,1.0,0,0,False,902,2023-01-03,2026-08-07,2026-03-31,129.0,2.0,True,24,13,2026-02-04,184.0,False,0,,,0,,BROKEN,inactive: OHLCV ends 2026-05-12 (harvest/listing ended; no current bar to score)
ZM,True,True,False,True,902,2023-01-03,2026-08-07,1.0,0,0,True,902,2023-01-03,2026-08-07,2026-04-30,99.0,0.0,True,25,14,2026-05-21,78.0,True,355,2023-01-02,2026-08-04,355,3.0,COMPLETE,
ZS,True,True,False,True,902,2023-01-03,2026-08-07,1.0,0,0,True,902,2023-01-03,2026-08-07,2026-04-30,99.0,0.0,True,25,14,2026-05-26,73.0,True,362,2023-01-05,2026-08-05,362,2.0,COMPLETE,
ZTS,True,False,False,True,842,2023-01-03,2026-05-12,1.0,0,0,False,902,2023-01-03,2026-08-07,2026-03-31,129.0,2.0,True,24,13,2026-02-12,176.0,False,0,,,0,,BROKEN,inactive: OHLCV ends 2026-05-12 (harvest/listing ended; no current bar to score)
