candidate,h,date,obs_index,block,block_complete,kept,drop_reason,placebo_score_date,n_pairs_shared,n_pairs_genuine_leg_only,n_pairs_placebo_leg_only,coverage_gap_genuine_minus_placebo,ic_genuine,ic_placebo
tail_q90_60d,20,2019-01-14,0,0,True,True,,2018-11-13,131,131,131,0,0.28977206000106764,0.2918646239256926
tail_q90_60d,20,2019-01-22,1,0,True,True,,2018-11-20,131,131,131,0,0.385400096087119,0.36670581327069873
tail_q90_60d,20,2019-01-29,2,0,True,True,,2018-11-28,131,131,131,0,0.33596327336785353,0.4165269844659158
tail_q90_60d,20,2019-02-05,3,0,True,True,,2018-12-06,131,131,131,0,-0.12992330369320235,-0.07309303514264122
tail_q90_60d,20,2019-02-12,4,1,True,True,,2018-12-13,131,131,131,0,-0.023786900122777982,-0.08190359259061548
tail_q90_60d,20,2019-02-20,5,1,True,True,,2018-12-20,131,131,131,0,0.0410772433673197,0.05229274542251642
tail_q90_60d,20,2019-02-27,6,1,True,True,,2018-12-28,131,131,131,0,-0.10729194469652485,-0.1209950354988523
tail_q90_60d,20,2019-03-06,7,1,True,True,,2019-01-07,131,131,131,0,0.30265307211872094,0.2898734852933326
tail_q90_60d,20,2019-03-13,8,2,True,True,,2019-01-14,131,131,131,0,0.2657022366946031,0.3344472321571558
tail_q90_60d,20,2019-03-20,9,2,True,True,,2019-01-22,131,131,131,0,0.20224203277638395,0.11918005658463672
tail_q90_60d,20,2019-03-27,10,2,True,True,,2019-01-29,131,131,131,0,0.26979661559814233,0.2113276036940159
tail_q90_60d,20,2019-04-03,11,2,True,True,,2019-02-05,131,131,131,0,-0.018422035979287887,0.0018523461271552875
tail_q90_60d,20,2019-04-10,12,3,True,True,,2019-02-12,131,131,131,0,-0.16716489617252975,-0.15197245502589013
tail_q90_60d,20,2019-04-17,13,3,True,True,,2019-02-20,131,131,131,0,-0.08071851812309827,-0.24914856136230182
tail_q90_60d,20,2019-04-25,14,3,True,True,,2019-02-27,131,132,131,1,-0.24865211124753112,-0.39885763091869963
tail_q90_60d,20,2019-05-02,15,3,True,True,,2019-03-06,131,132,131,1,-0.2570971013719105,-0.3884481930283457
tail_q90_60d,20,2019-05-09,16,4,True,True,,2019-03-13,131,132,131,1,-0.3253456467196925,-0.34425879464047404
tail_q90_60d,20,2019-05-16,17,4,True,True,,2019-03-20,131,132,131,1,-0.24163241338813862,-0.4199540917098169
tail_q90_60d,20,2019-05-23,18,4,True,True,,2019-03-27,131,132,131,1,0.13806651363903272,0.09094111994875355
tail_q90_60d,20,2019-05-31,19,4,True,True,,2019-04-03,131,132,131,1,0.28474883894731223,0.18380398227726474
tail_q90_60d,20,2019-06-07,20,5,True,True,,2019-04-10,131,132,131,1,0.2458495702770512,0.08631826189078097
tail_q90_60d,20,2019-06-14,21,5,True,True,,2019-04-17,131,133,131,2,0.4717557251908397,0.34736561148774886
tail_q90_60d,20,2019-06-21,22,5,True,True,,2019-04-25,132,133,132,1,0.30339206795614987,0.3186801145820832
tail_q90_60d,20,2019-06-28,23,5,True,True,,2019-05-02,132,133,132,1,0.2209201003897669,0.24339300715355353
tail_q90_60d,20,2019-07-08,24,6,True,True,,2019-05-09,132,133,132,1,0.05814153704872868,-0.02768023459064037
tail_q90_60d,20,2019-07-15,25,6,True,True,,2019-05-16,132,133,132,1,-0.1446781422675356,-0.13591229983355332
tail_q90_60d,20,2019-07-22,26,6,True,True,,2019-05-23,132,133,132,1,-0.10392741047622524,-0.2435025801839783
tail_q90_60d,20,2019-07-29,27,6,True,True,,2019-05-31,132,133,132,1,-0.12803869493303,-0.2501708817498291
tail_q90_60d,20,2019-08-05,28,7,True,True,,2019-06-07,132,133,132,1,0.009042383891720974,-0.008828455594224977
tail_q90_60d,20,2019-08-12,29,7,True,True,,2019-06-14,133,133,133,0,0.029019291784413544,-0.02984054437314453
tail_q90_60d,20,2019-08-19,30,7,True,True,,2019-06-21,133,133,133,0,0.12983442323583722,-0.10907866681629447
tail_q90_60d,20,2019-08-26,31,7,True,True,,2019-06-28,133,133,133,0,-0.05157058181410106,-0.20875628691810938
tail_q90_60d,20,2019-09-03,32,8,True,True,,2019-07-08,133,133,133,0,-0.02827455341202395,-0.13665439038573368
tail_q90_60d,20,2019-09-10,33,8,True,True,,2019-07-15,133,133,133,0,-0.10864508625702655,-0.12789096214076573
tail_q90_60d,20,2019-09-17,34,8,True,True,,2019-07-22,133,134,133,1,-0.11390926434131461,-0.016409748931351446
tail_q90_60d,20,2019-09-24,35,8,True,True,,2019-07-29,133,135,133,2,-0.06722028952979464,0.017384029952765223
tail_q90_60d,20,2019-10-01,36,9,True,True,,2019-08-05,133,135,133,2,0.18252211260852264,0.1936217749257812
tail_q90_60d,20,2019-10-08,37,9,True,True,,2019-08-12,133,135,133,2,0.17785474541169746,0.188240275043103
tail_q90_60d,20,2019-10-15,38,9,True,True,,2019-08-19,133,135,133,2,0.19335652564246436,0.18036951265545137
tail_q90_60d,20,2019-10-22,39,9,True,True,,2019-08-26,133,135,133,2,0.31248916048601827,0.36405974230011934
tail_q90_60d,20,2019-10-29,40,10,True,True,,2019-09-03,133,135,133,2,0.21749421042429679,0.1498199365442099
tail_q90_60d,20,2019-11-05,41,10,True,True,,2019-09-10,133,135,133,2,0.08620601707797308,0.036573795411187396
tail_q90_60d,20,2019-11-12,42,10,True,True,,2019-09-17,134,135,134,1,0.008770682926221027,-0.17212932829586405
tail_q90_60d,20,2019-11-19,43,10,True,True,,2019-09-24,135,135,135,0,-0.02692420251682763,-0.038708418690859434
tail_q90_60d,20,2019-11-26,44,11,True,True,,2019-10-01,135,135,135,0,0.04170812603648426,0.0553750853575261
tail_q90_60d,20,2019-12-04,45,11,True,True,,2019-10-08,135,135,135,0,0.1261291581309141,0.13984001560823334
tail_q90_60d,20,2019-12-11,46,11,True,True,,2019-10-15,135,135,135,0,0.33869866354502004,0.26992000780411673
tail_q90_60d,20,2019-12-18,47,11,True,True,,2019-10-22,135,135,135,0,0.2522339283972296,0.2247488049946347
tail_q90_60d,20,2019-12-26,48,12,True,True,,2019-10-29,135,135,135,0,0.10494585894059118,0.014188859623451372
tail_q90_60d,20,2020-01-03,49,12,True,True,,2019-11-05,135,135,135,0,0.09592234903911814,0.13893766461808604
tail_q90_60d,20,2020-01-10,50,12,True,True,,2019-11-12,135,135,135,0,0.3186713491366696,0.15817968978636232
tail_q90_60d,20,2020-01-17,51,12,True,True,,2019-11-19,135,135,135,0,0.22554872695346795,0.10588723051409618
tail_q90_60d,20,2020-01-27,52,13,True,True,,2019-11-26,135,135,135,0,0.09353233830845772,0.009199102526582773
tail_q90_60d,20,2020-02-03,53,13,True,True,,2019-12-04,135,135,135,0,0.03400643839625403,-0.002194907813871818
tail_q90_60d,20,2020-02-10,54,13,True,True,,2019-12-11,135,135,135,0,-0.08990342405618965,-0.0784264949760999
tail_q90_60d,20,2020-02-18,55,13,True,True,,2019-12-18,135,135,135,0,-0.12763145059018635,-0.16707638279192275
tail_q90_60d,20,2020-02-25,56,14,True,True,,2019-12-26,135,135,135,0,0.20645790654570284,0.26400351185250226
tail_q90_60d,20,2020-03-03,57,14,True,True,,2020-01-03,135,135,135,0,0.02676324261047703,0.19884889279094725
tail_q90_60d,20,2020-03-10,58,14,True,True,,2020-01-10,135,135,135,0,0.0404058140669203,0.19967808018729885
tail_q90_60d,20,2020-03-17,59,14,True,True,,2020-01-17,135,135,135,0,0.41007218807921186,0.38194810262413426
tail_q90_60d,20,2020-03-24,60,15,True,True,,2020-01-27,135,135,135,0,0.06652521705199493,0.002960686762267096
tail_q90_60d,20,2020-03-31,61,15,True,True,,2020-02-03,135,135,135,0,0.14553702077846065,0.12609501512047608
tail_q90_60d,20,2020-04-07,62,15,True,True,,2020-02-10,135,135,135,0,0.1424300068286021,0.30015608233343094
tail_q90_60d,20,2020-04-15,63,15,True,True,,2020-02-18,135,135,135,0,0.057335869671251594,0.2837284167398303
tail_q90_60d,20,2020-04-22,64,16,True,True,,2020-02-25,135,135,135,0,0.29834650278021657,0.4261633011413521
tail_q90_60d,20,2020-04-29,65,16,True,True,,2020-03-03,135,135,135,0,0.09686372061262317,0.27125646278411863
tail_q90_60d,20,2020-05-06,66,16,True,True,,2020-03-10,135,135,135,0,0.547912398790362,0.3214369329821481
tail_q90_60d,20,2020-05-13,67,16,True,True,,2020-03-17,135,135,135,0,0.4985269729782461,0.12568042142230026
tail_q90_60d,20,2020-05-20,68,17,True,True,,2020-03-24,135,135,135,0,0.3774217149546386,0.15627743634767344
tail_q90_60d,20,2020-05-28,69,17,True,True,,2020-03-31,135,135,135,0,0.20562871914935132,0.24469320066334993
tail_q90_60d,20,2020-06-04,70,17,True,True,,2020-04-07,135,135,135,0,0.14852697297824605,0.062345137059799056
tail_q90_60d,20,2020-06-11,71,17,True,True,,2020-04-15,135,135,135,0,-0.04522485611159887,-0.03485025851136475
tail_q90_60d,20,2020-06-18,72,18,True,True,,2020-04-22,135,135,135,0,-0.34752219295678477,-0.31238415764315686
tail_q90_60d,20,2020-06-25,73,18,True,True,,2020-04-29,135,135,135,0,-0.2396888108477222,-0.19003024095210228
tail_q90_60d,20,2020-07-02,74,18,True,True,,2020-05-06,135,135,135,0,-0.1622183201638865,-0.08234318603063116
tail_q90_60d,20,2020-07-10,75,18,True,True,,2020-05-13,135,135,135,0,-0.1619402985074627,-0.020271193054336167
tail_q90_60d,20,2020-07-17,76,19,True,True,,2020-05-20,135,135,135,0,-0.11545702858257734,0.002204662959711248
tail_q90_60d,20,2020-07-24,77,19,True,True,,2020-05-28,135,135,135,0,-0.02239781484733197,-0.10658960101453518
tail_q90_60d,20,2020-07-31,78,19,True,True,,2020-06-04,135,135,135,0,0.012281728611842749,-0.05333138230416545
tail_q90_60d,20,2020-08-07,79,19,True,True,,2020-06-11,135,135,135,0,0.060335577016876404,0.019388352355867722
tail_q90_60d,20,2020-08-14,80,20,True,True,,2020-06-18,135,135,135,0,0.04111793971319872,-0.07811433030923814
tail_q90_60d,20,2020-08-21,81,20,True,True,,2020-06-25,135,135,135,0,0.13909862452443664,0.1129743439664423
tail_q90_60d,20,2020-08-28,82,20,True,True,,2020-07-02,135,135,135,0,0.010950151204760514,-0.08468442103209445
tail_q90_60d,20,2020-09-04,83,20,True,True,,2020-07-10,135,135,135,0,0.3148717198322115,-0.06325724319578578
tail_q90_60d,20,2020-09-14,84,21,True,True,,2020-07-17,135,135,135,0,0.38232855331187204,0.006028680128767926
tail_q90_60d,20,2020-09-21,85,21,True,True,,2020-07-24,135,136,135,1,0.29391278899619555,0.11548141644717591
tail_q90_60d,20,2020-09-28,86,21,True,True,,2020-07-31,135,136,135,1,0.08440152180275097,0.06410594088381621
tail_q90_60d,20,2020-10-05,87,21,True,True,,2020-08-07,135,137,135,2,-0.16063310896497904,-0.14067408057750463
tail_q90_60d,20,2020-10-12,88,22,True,True,,2020-08-14,135,137,135,2,-0.002365622866061848,0.06111598868403084
tail_q90_60d,20,2020-10-19,89,22,True,True,,2020-08-21,135,137,135,2,-0.04273729392254415,0.12438786459857576
tail_q90_60d,20,2020-10-26,90,22,True,True,,2020-08-28,135,137,135,2,0.19083991805677494,0.1581406692030046
tail_q90_60d,20,2020-11-02,91,22,True,True,,2020-09-04,135,137,135,2,0.32990927714369334,0.3063213345039508
tail_q90_60d,20,2020-11-09,92,23,True,True,,2020-09-14,135,137,135,2,0.36421324748805,0.3415569212759731
tail_q90_60d,20,2020-11-16,93,23,True,True,,2020-09-21,136,137,136,1,0.4370926959591623,0.4024044654358094
tail_q90_60d,20,2020-11-23,94,23,True,True,,2020-09-28,136,137,136,1,0.32365822241305275,0.3417203377701445
tail_q90_60d,20,2020-12-01,95,23,True,True,,2020-10-05,137,137,137,0,0.3337875931076969,0.1921005469785502
tail_q90_60d,20,2020-12-08,96,24,True,True,,2020-10-12,137,137,137,0,0.021132413612858662,-0.05632198928444751
tail_q90_60d,20,2020-12-15,97,24,True,True,,2020-10-19,137,137,137,0,0.2379823398734295,0.12447495659641195
tail_q90_60d,20,2020-12-22,98,24,True,True,,2020-10-26,137,137,137,0,0.2003658969141449,0.07625497041088729
tail_q90_60d,20,2020-12-30,99,24,True,True,,2020-11-02,137,137,137,0,0.1077109041014057,0.15085313719267457
tail_q90_60d,20,2021-01-07,100,25,True,True,,2020-11-09,137,138,137,1,0.27918307913454177,0.23284391509698132
tail_q90_60d,20,2021-01-14,101,25,True,True,,2020-11-16,137,139,137,2,0.34454048201317977,0.32350140944984784
tail_q90_60d,20,2021-01-22,102,25,True,True,,2020-11-23,137,139,137,2,0.16162936136053913,0.18212705583661581
tail_q90_60d,20,2021-01-29,103,25,True,True,,2020-12-01,137,139,137,2,0.22422386917318493,0.3322007952657419
tail_q90_60d,20,2021-02-05,104,26,True,True,,2020-12-08,137,139,137,2,-0.3299326077622416,-0.054828532492019334
tail_q90_60d,20,2021-02-12,105,26,True,True,,2020-12-15,137,139,137,2,-0.4285894300595516,-0.07521888476114025
tail_q90_60d,20,2021-02-22,106,26,True,True,,2020-12-22,137,139,137,2,-0.42222357048182646,-0.29499038587189874
tail_q90_60d,20,2021-03-01,107,26,True,True,,2020-12-30,137,139,137,2,-0.5775570780517856,-0.5918569268392854
tail_q90_60d,20,2021-03-08,108,27,True,True,,2021-01-07,138,139,138,1,0.04091655269881207,0.13016080312519263
tail_q90_60d,20,2021-03-15,109,27,True,True,,2021-01-14,139,140,139,1,-0.19722060860628265,-0.14797354662853565
tail_q90_60d,20,2021-03-22,110,27,True,True,,2021-01-22,139,140,139,1,-0.3251441083158318,-0.3185173600250234
tail_q90_60d,20,2021-03-29,111,27,True,True,,2021-01-29,139,140,139,1,0.28239867733142676,0.3124178917735376
tail_q90_60d,20,2021-04-06,112,28,True,True,,2021-02-05,139,140,139,1,-0.2791054113231154,-0.33091737789892306
tail_q90_60d,20,2021-04-13,113,28,True,True,,2021-02-12,139,140,139,1,-0.43846463202109115,-0.48347111130970993
tail_q90_60d,20,2021-04-20,114,28,True,True,,2021-02-22,139,142,139,3,-0.12198042807989633,-0.2579873989007551
tail_q90_60d,20,2021-04-27,115,28,True,True,,2021-03-01,139,142,139,3,-0.16536931945127126,-0.2485365744671343
tail_q90_60d,20,2021-05-04,116,29,True,True,,2021-03-08,139,142,139,3,0.2571473256177666,0.377988292595737
tail_q90_60d,20,2021-05-11,117,29,True,True,,2021-03-15,140,142,140,2,0.37766066781832897,0.4180490258249328
tail_q90_60d,20,2021-05-18,118,29,True,True,,2021-03-22,140,142,140,2,0.468496206074654,0.47626336620673076
tail_q90_60d,20,2021-05-25,119,29,True,True,,2021-03-29,140,142,140,2,0.3452493931906147,0.32205287441779107
tail_q90_60d,20,2021-06-02,120,30,True,True,,2021-04-06,140,142,140,2,0.29266361986398726,0.2495375128468654
tail_q90_60d,20,2021-06-09,121,30,True,True,,2021-04-13,140,142,140,2,0.24971244888587615,0.15527760162690518
tail_q90_60d,20,2021-06-16,122,30,True,True,,2021-04-20,142,142,142,0,0.01011125524161185,-0.07744278496451108
tail_q90_60d,20,2021-06-23,123,30,True,True,,2021-04-27,142,142,142,0,-0.0003038615564836722,-0.058435720707222055
tail_q90_60d,20,2021-06-30,124,31,True,True,,2021-05-04,142,142,142,0,-0.07112665578353322,-0.13477412608368558
tail_q90_60d,20,2021-07-08,125,31,True,True,,2021-05-11,142,142,142,0,-0.025358818586268393,0.009826254057599577
tail_q90_60d,20,2021-07-15,126,31,True,True,,2021-05-18,142,142,142,0,0.10305936197455527,0.19332510462267732
tail_q90_60d,20,2021-07-22,127,31,True,True,,2021-05-25,142,142,142,0,-0.07868756954762349,-0.03765578143762142
tail_q90_60d,20,2021-07-29,128,32,True,True,,2021-06-02,142,142,142,0,0.1696993447068365,0.13301382465302156
tail_q90_60d,20,2021-08-05,129,32,True,True,,2021-06-09,142,142,142,0,0.23991022462703612,0.19069722605832887
tail_q90_60d,20,2021-08-12,130,32,True,True,,2021-06-16,142,142,142,0,0.30612689677718147,0.20541250777990366
tail_q90_60d,20,2021-08-19,131,32,True,True,,2021-06-23,142,142,142,0,0.4957071696658152,0.38817370822165553
tail_q90_60d,20,2021-08-26,132,33,True,True,,2021-06-30,142,142,142,0,0.32599734697427235,0.1929604707548969
tail_q90_60d,20,2021-09-02,133,33,True,True,,2021-07-08,142,142,142,0,0.09711624904912289,-0.027689122384956973
tail_q90_60d,20,2021-09-10,134,33,True,True,,2021-07-15,142,142,142,0,0.03755938397832315,-0.088222535630387
tail_q90_60d,20,2021-09-17,135,33,True,True,,2021-07-22,142,142,142,0,0.07864146641491564,0.05566115035698494
tail_q90_60d,20,2021-09-24,136,34,True,True,,2021-07-29,142,142,142,0,0.0443407356802622,0.18651022336967796
tail_q90_60d,20,2021-10-01,137,34,True,True,,2021-08-05,142,142,142,0,0.3251674905855308,0.39251159389007756
tail_q90_60d,20,2021-10-08,138,34,True,True,,2021-08-12,142,142,142,0,0.3701431921389968,0.4590719439385907
tail_q90_60d,20,2021-10-15,139,34,True,True,,2021-08-19,142,142,142,0,0.2696509364174932,0.2967470048680717
tail_q90_60d,20,2021-10-22,140,35,True,True,,2021-08-26,142,142,142,0,0.16229769631028246,0.13404485834812477
tail_q90_60d,20,2021-10-29,141,35,True,True,,2021-09-02,142,142,142,0,0.016280692636701028,-0.09964353896029055
tail_q90_60d,20,2021-11-05,142,35,True,True,,2021-09-10,142,142,142,0,-0.318419668434652,-0.4118329976885566
tail_q90_60d,20,2021-11-12,143,35,True,True,,2021-09-17,142,142,142,0,-0.3831652315320281,-0.4911345771399712
tail_q90_60d,20,2021-11-19,144,36,True,True,,2021-09-24,142,142,142,0,-0.4242766523257983,-0.44757130792491895
tail_q90_60d,20,2021-11-29,145,36,True,True,,2021-10-01,142,142,142,0,-0.24851474566787726,-0.2776896462841923
tail_q90_60d,20,2021-12-06,146,36,True,True,,2021-10-08,142,142,142,0,-0.197549828056271,-0.20170749238774413
tail_q90_60d,20,2021-12-13,147,36,True,True,,2021-10-15,142,142,142,0,-0.23775595097141397,-0.12242686890574216
tail_q90_60d,20,2021-12-20,148,37,True,True,,2021-10-22,142,142,142,0,-0.3675697990951213,-0.21910094700025778
tail_q90_60d,20,2021-12-28,149,37,True,True,,2021-10-29,142,142,142,0,-0.5381597725019961,-0.3200332780794274
tail_q90_60d,20,2022-01-04,150,37,True,True,,2021-11-05,142,142,142,0,-0.4469761583935992,-0.36771649088100994
tail_q90_60d,20,2022-01-11,151,37,True,True,,2021-11-12,142,142,142,0,-0.12342856424366765,-0.17128361599443412
tail_q90_60d,20,2022-01-19,152,38,True,True,,2021-11-19,142,142,142,0,0.08529289110649615,0.052505181363437285
tail_q90_60d,20,2022-01-26,153,38,True,True,,2021-11-29,142,142,142,0,0.09334417455484283,0.16733551135708763
tail_q90_60d,20,2022-02-02,154,38,True,True,,2021-12-06,142,142,142,0,-0.2884149114295953,-0.1327204410812442
tail_q90_60d,20,2022-02-09,155,38,True,True,,2021-12-13,142,142,142,0,-0.4378183997602637,-0.3647658903877064
tail_q90_60d,20,2022-02-16,156,39,True,True,,2021-12-20,142,142,142,0,-0.4248382723060578,-0.38604877292321105
tail_q90_60d,20,2022-02-24,157,39,True,True,,2021-12-28,142,142,142,0,-0.12861307107636144,-0.04446647149673821
tail_q90_60d,20,2022-03-03,158,39,True,True,,2022-01-04,142,142,142,0,0.061009113751097584,0.12155929177205774
tail_q90_60d,20,2022-03-10,159,39,True,True,,2022-01-11,142,142,142,0,0.031004356746040896,0.14117827033619665
tail_q90_60d,20,2022-03-17,160,40,True,True,,2022-01-19,142,142,142,0,-0.31245140834592444,-0.23965456180020164
tail_q90_60d,20,2022-03-24,161,40,True,True,,2022-01-26,142,142,142,0,-0.5600880988954109,-0.5178743941105344
tail_q90_60d,20,2022-03-31,162,40,True,True,,2022-02-02,142,142,142,0,-0.5704529213669159,-0.5522505663350734
tail_q90_60d,20,2022-04-07,163,40,True,True,,2022-02-09,142,142,142,0,-0.4504380845405718,-0.44192996095902903
tail_q90_60d,20,2022-04-14,164,41,True,True,,2022-02-16,142,142,142,0,-0.2902380807684974,-0.2273995108876739
tail_q90_60d,20,2022-04-22,165,41,True,True,,2022-02-24,142,142,142,0,-0.23302409307803373,-0.20733207457810396
tail_q90_60d,20,2022-04-29,166,41,True,True,,2022-03-03,142,142,142,0,-0.07889293804786764,-0.10192354843238872
tail_q90_60d,20,2022-05-06,167,41,True,True,,2022-03-10,142,142,142,0,0.04051836685939174,0.10802173553147482
tail_q90_60d,20,2022-05-13,168,42,True,True,,2022-03-17,142,142,142,0,-0.25887537694549984,-0.2514234342223554
tail_q90_60d,20,2022-05-20,169,42,True,True,,2022-03-24,142,142,142,0,0.0018504120991385002,-0.002583871028581847
tail_q90_60d,20,2022-05-27,170,42,True,True,,2022-03-31,142,142,142,0,-0.05172142810740354,-0.18371469705002821
tail_q90_60d,20,2022-06-06,171,42,True,True,,2022-04-07,142,142,142,0,-0.01206435159087242,-0.13782112403628738
tail_q90_60d,20,2022-06-13,172,43,True,True,,2022-04-14,142,142,142,0,0.21892910805107393,0.1639825562510609
tail_q90_60d,20,2022-06-21,173,43,True,True,,2022-04-22,142,142,142,0,0.48698110400238065,0.46173754324788185
tail_q90_60d,20,2022-06-28,174,43,True,True,,2022-04-29,142,142,142,0,0.3437177147096237,0.23335519739475394
tail_q90_60d,20,2022-07-06,175,43,True,True,,2022-05-06,142,142,142,0,0.44335077568520787,0.30217040975207
tail_q90_60d,20,2022-07-13,176,44,True,True,,2022-05-13,142,142,142,0,0.5404062524230341,0.3921972543488876
tail_q90_60d,20,2022-07-20,177,44,True,True,,2022-05-20,142,142,142,0,0.030815753021326893,-0.003044902355660522
tail_q90_60d,20,2022-07-27,178,44,True,True,,2022-05-27,142,142,142,0,0.1307631535381011,0.0813489776630322
tail_q90_60d,20,2022-08-03,179,44,True,True,,2022-06-06,142,142,142,0,-0.23605851744898795,-0.3870630418427842
tail_q90_60d,20,2022-08-10,180,45,True,True,,2022-06-13,142,142,142,0,-0.42030759171903914,-0.4434052612056808
tail_q90_60d,20,2022-08-17,181,45,True,True,,2022-06-21,142,142,142,0,-0.286683948356109,-0.3082769792389211
tail_q90_60d,20,2022-08-24,182,45,True,True,,2022-06-28,142,142,142,0,-0.3946449115762871,-0.48869949349421926
tail_q90_60d,20,2022-08-31,183,45,True,True,,2022-07-06,142,142,142,0,-0.1678300722352266,-0.21926859475555913
tail_q90_60d,20,2022-09-08,184,46,True,True,,2022-07-13,142,142,142,0,0.11972354885150809,0.10599319769232866
tail_q90_60d,20,2022-09-15,185,46,True,True,,2022-07-20,142,142,142,0,-0.2958542805710921,-0.31246817312145453
tail_q90_60d,20,2022-09-22,186,46,True,True,,2022-07-27,142,142,142,0,-0.04358212958752366,-0.0352081242102219
tail_q90_60d,20,2022-09-29,187,46,True,True,,2022-08-03,142,142,142,0,-0.10989100800308473,-0.017504521250400785
tail_q90_60d,20,2022-10-06,188,47,True,True,,2022-08-10,142,142,142,0,-0.2836285680157421,-0.2990479703095826
tail_q90_60d,20,2022-10-13,189,47,True,True,,2022-08-17,142,142,142,0,-0.1858983090628281,-0.058238734594743
tail_q90_60d,20,2022-10-20,190,47,True,True,,2022-08-24,142,142,142,0,-0.18347999019260633,-0.07430777194037608
tail_q90_60d,20,2022-10-27,191,47,True,True,,2022-08-31,142,142,142,0,-0.2586909644146684,-0.1785176166356868
tail_q90_60d,20,2022-11-03,192,48,True,True,,2022-09-08,142,142,142,0,-0.2678529142418864,-0.02623896930160041
tail_q90_60d,20,2022-11-10,193,48,True,True,,2022-09-15,142,142,142,0,-0.23472571779434231,-0.16238152018793314
tail_q90_60d,20,2022-11-17,194,48,True,True,,2022-09-22,142,142,142,0,-0.2256224446814798,-0.27307095062564046
tail_q90_60d,20,2022-11-25,195,48,True,True,,2022-09-29,142,142,142,0,-0.32211211024516395,-0.22560987109983216
tail_q90_60d,20,2022-12-02,196,49,True,True,,2022-10-06,142,142,142,0,-0.29634884144923107,-0.35917483774840686
tail_q90_60d,20,2022-12-09,197,49,True,True,,2022-10-13,142,142,142,0,-0.12489967329643686,-0.08889312665159234
tail_q90_60d,20,2022-12-16,198,49,True,True,,2022-10-20,142,142,142,0,0.12851248242318067,0.08389303234972999
tail_q90_60d,20,2022-12-23,199,49,True,True,,2022-10-27,142,142,142,0,0.33199075422629515,0.22107499931893101
tail_q90_60d,20,2023-01-03,200,50,True,True,,2022-11-03,142,142,142,0,0.5105062752650407,0.16450226429249507
tail_q90_60d,20,2023-01-10,201,50,True,True,,2022-11-10,142,142,142,0,0.5480761372280701,0.27264344884962205
tail_q90_60d,20,2023-01-18,202,50,True,True,,2022-11-17,142,142,142,0,0.5077358961086861,0.32362513123675846
tail_q90_60d,20,2023-01-25,203,50,True,True,,2022-11-25,142,142,142,0,0.29461787837574477,0.26147810834655305
tail_q90_60d,20,2023-02-01,204,51,True,True,,2022-12-02,142,142,142,0,-0.04170866592203122,-0.013719873174473117
tail_q90_60d,20,2023-02-08,205,51,True,True,,2022-12-09,142,142,142,0,-0.12508408582726832,-0.09926214031698001
tail_q90_60d,20,2023-02-15,206,51,True,True,,2022-12-16,142,142,142,0,-0.12094318627132533,-0.12462305450018966
tail_q90_60d,20,2023-02-23,207,51,True,True,,2022-12-23,142,142,142,0,0.20250381922542549,0.034621357066667226
tail_q90_60d,20,2023-03-02,208,52,True,True,,2023-01-03,142,142,142,0,0.23057224465675172,0.1166262565723159
tail_q90_60d,20,2023-03-09,209,52,True,True,,2023-01-10,142,142,142,0,0.025124111728846522,0.012512809336303493
tail_q90_60d,20,2023-03-16,210,52,True,True,,2023-01-18,142,142,142,0,-0.030744502725323825,-0.03939512689887278
tail_q90_60d,20,2023-03-23,211,52,True,True,,2023-01-25,142,142,142,0,-0.2800618620217062,-0.3409724827165642
tail_q90_60d,20,2023-03-30,212,53,True,True,,2023-02-01,142,142,142,0,-0.2229316982088933,-0.29110146670829923
tail_q90_60d,20,2023-04-06,213,53,True,True,,2023-02-08,142,142,142,0,-0.08799201996684766,-0.14453960782998843
tail_q90_60d,20,2023-04-14,214,53,True,True,,2023-02-15,142,142,142,0,-0.03075288511308889,-0.01542149789078168
tail_q90_60d,20,2023-04-21,215,53,True,True,,2023-02-23,142,142,142,0,0.21838006165246204,0.2904183021054463
tail_q90_60d,20,2023-04-28,216,54,True,True,,2023-03-02,142,142,142,0,0.45535854615866606,0.5113738523987251
tail_q90_60d,20,2023-05-05,217,54,True,True,,2023-03-09,142,142,142,0,0.4910926652011459,0.6263676389537942
tail_q90_60d,20,2023-05-12,218,54,True,True,,2023-03-16,142,142,142,0,0.4364269233912626,0.5644637053087758
tail_q90_60d,20,2023-05-19,219,54,True,True,,2023-03-23,142,142,142,0,0.2897141815331807,0.40540370627275035
tail_q90_60d,20,2023-05-26,220,55,True,True,,2023-03-30,142,142,142,0,0.11238895955707463,0.14950198138690798
tail_q90_60d,20,2023-06-05,221,55,True,True,,2023-04-06,142,142,142,0,-0.07278217736713391,-0.02701853136375162
tail_q90_60d,20,2023-06-12,222,55,True,True,,2023-04-14,142,142,142,0,-0.021037697693376448,-0.00697624221747686
tail_q90_60d,20,2023-06-20,223,55,True,True,,2023-04-21,142,142,142,0,0.27343977568730343,0.29406883197713285
tail_q90_60d,20,2023-06-27,224,56,True,True,,2023-04-28,142,142,142,0,-0.04363661510799659,0.04733743930627359
tail_q90_60d,20,2023-07-05,225,56,True,True,,2023-05-05,142,142,142,0,0.16371012864869627,0.09899390390849788
tail_q90_60d,20,2023-07-12,226,56,True,True,,2023-05-12,142,142,142,0,-0.13947664561988807,-0.01063934567081106
tail_q90_60d,20,2023-07-19,227,56,True,True,,2023-05-19,142,142,142,0,-0.4191214838502822,-0.2376092591855253
tail_q90_60d,20,2023-07-26,228,57,True,True,,2023-05-26,142,142,142,0,-0.035664964343418044,-0.07654586947364893
tail_q90_60d,20,2023-08-02,229,57,True,True,,2023-06-05,142,142,142,0,-0.03910593452097798,-0.031570167920182905
tail_q90_60d,20,2023-08-09,230,57,True,True,,2023-06-12,142,142,142,0,0.25011159053712245,0.22362743639339386
tail_q90_60d,20,2023-08-16,231,57,True,True,,2023-06-20,142,142,142,0,0.2434853130088372,0.2596507478137685
tail_q90_60d,20,2023-08-23,232,58,True,True,,2023-06-27,142,142,142,0,-0.19050443113973234,-0.27539706323044655
tail_q90_60d,20,2023-08-30,233,58,True,True,,2023-07-05,142,142,142,0,0.021599317673635925,-0.01540892430913408
tail_q90_60d,20,2023-09-07,234,58,True,True,,2023-07-12,142,142,142,0,-0.04317558378091792,-0.04552684354901916
tail_q90_60d,20,2023-09-14,235,58,True,True,,2023-07-19,142,142,142,0,0.1798504162903324,0.22866944263408154
tail_q90_60d,20,2023-09-21,236,59,True,True,,2023-07-26,142,142,142,0,0.21968771414381244,0.2751162532403168
tail_q90_60d,20,2023-09-28,237,59,True,True,,2023-08-02,142,142,142,0,-0.22842635338889464,-0.2610799449277124
tail_q90_60d,20,2023-10-05,238,59,True,True,,2023-08-09,142,142,142,0,0.05859917726864086,-0.01919776357894428
tail_q90_60d,20,2023-10-12,239,59,True,True,,2023-08-16,142,142,142,0,0.030773841082501557,-0.002780857141060917
tail_q90_60d,20,2023-10-19,240,60,True,True,,2023-08-23,142,142,142,0,0.32578359608626317,0.31086294586444424
tail_q90_60d,20,2023-10-26,241,60,True,True,,2023-08-30,142,142,142,0,0.4632589466272416,0.4110450532386404
tail_q90_60d,20,2023-11-02,242,60,True,True,,2023-09-07,142,142,142,0,0.284546439476017,0.3691666439643665
tail_q90_60d,20,2023-11-09,243,60,True,True,,2023-09-14,142,142,142,0,0.1831279299064735,0.32311799677697195
tail_q90_60d,20,2023-11-16,244,61,True,True,,2023-09-21,142,142,142,0,0.214364897912995,0.3187130520064293
tail_q90_60d,20,2023-11-24,245,61,True,True,,2023-09-28,142,142,142,0,0.3568068132047755,0.4097625479105851
tail_q90_60d,20,2023-12-01,246,61,True,True,,2023-10-05,142,142,142,0,0.10557826949795786,0.13900304071116182
tail_q90_60d,20,2023-12-08,247,61,True,True,,2023-10-12,142,142,142,0,0.06885921989308265,0.12153414460876255
tail_q90_60d,20,2023-12-15,248,62,True,True,,2023-10-19,142,142,142,0,-0.15866812240800854,-0.0020390158238525035
tail_q90_60d,20,2023-12-22,249,62,True,True,,2023-10-26,142,142,142,0,-0.0003206263320138058,0.15718024857970916
tail_q90_60d,20,2024-01-02,250,62,True,True,,2023-11-02,142,142,142,0,0.08397685622738066,0.11362117055853946
tail_q90_60d,20,2024-01-09,251,62,True,True,,2023-11-09,142,142,142,0,0.12519305686821422,0.17687885982761622
tail_q90_60d,20,2024-01-17,252,63,True,True,,2023-11-16,142,142,142,0,0.23955816434090335,0.2828112852086481
tail_q90_60d,20,2024-01-24,253,63,True,True,,2023-11-24,142,142,142,0,-0.06398905260157883,0.059236238738785946
tail_q90_60d,20,2024-01-31,254,63,True,True,,2023-12-01,142,142,142,0,0.14807278427296408,0.1791127661670065
tail_q90_60d,20,2024-02-07,255,63,True,True,,2023-12-08,142,142,142,0,0.04784876495994266,0.03906821377603517
tail_q90_60d,20,2024-02-14,256,64,True,True,,2023-12-15,142,142,142,0,-0.20188352253081057,-0.2936161830378193
tail_q90_60d,20,2024-02-22,257,64,True,True,,2023-12-22,142,142,142,0,-0.04019564493043666,-0.10486157534404464
tail_q90_60d,20,2024-02-29,258,64,True,True,,2024-01-02,142,142,142,0,-0.19547937827829948,-0.20277624682779016
tail_q90_60d,20,2024-03-07,259,64,True,True,,2024-01-09,142,142,142,0,-0.26029619167167867,-0.286055269273729
tail_q90_60d,20,2024-03-14,260,65,True,True,,2024-01-17,142,142,142,0,0.06175514626218852,-0.12340760827425497
tail_q90_60d,20,2024-03-21,261,65,True,True,,2024-01-24,142,142,142,0,-0.3834125119710976,-0.43881590390430664
tail_q90_60d,20,2024-03-28,262,65,True,True,,2024-01-31,142,142,142,0,-0.08707414850657284,-0.24229082275231514
tail_q90_60d,20,2024-04-05,263,65,True,True,,2024-02-07,142,142,142,0,-0.09628220146649874,-0.14273739446049905
tail_q90_60d,20,2024-04-12,264,66,True,True,,2024-02-14,142,142,142,0,-0.3324853151044341,-0.31175147896754135
tail_q90_60d,20,2024-04-19,265,66,True,True,,2024-02-22,142,142,142,0,0.2021643325209403,0.1702777294626261
tail_q90_60d,20,2024-04-26,266,66,True,True,,2024-02-29,142,142,142,0,0.03748813368232008,0.06954657568981813
tail_q90_60d,20,2024-05-03,267,66,True,True,,2024-03-07,142,142,142,0,-0.14486652095282604,-0.09489072509749766
tail_q90_60d,20,2024-05-10,268,67,True,True,,2024-03-14,142,142,142,0,0.20244933370495255,0.18166101204758683
tail_q90_60d,20,2024-05-17,269,67,True,True,,2024-03-21,142,142,142,0,0.15789694273362243,0.16933471083905605
tail_q90_60d,20,2024-05-24,270,67,True,True,,2024-03-28,142,142,142,0,0.14807278427296408,0.05310452208863956
tail_q90_60d,20,2024-06-03,271,67,True,True,,2024-04-05,142,142,142,0,0.3866523048422959,0.36884811322929395
tail_q90_60d,20,2024-06-10,272,68,True,True,,2024-04-12,142,142,142,0,0.3264751430768812,0.25373278205163136
tail_q90_60d,20,2024-06-17,273,68,True,True,,2024-04-19,142,142,142,0,-0.15848370987717708,-0.18073056700566442
tail_q90_60d,20,2024-06-25,274,68,True,True,,2024-04-26,142,142,142,0,-0.24839320104528378,-0.19792284431181645
tail_q90_60d,20,2024-07-02,275,68,True,True,,2024-05-03,142,142,142,0,-0.4317327862428252,-0.3402935093075939
tail_q90_60d,20,2024-07-10,276,69,True,True,,2024-05-10,142,142,142,0,-0.49136928399739316,-0.3891167268452255
tail_q90_60d,20,2024-07-17,277,69,True,True,,2024-05-17,142,142,142,0,-0.27932840309226287,-0.22400045264893934
tail_q90_60d,20,2024-07-24,278,69,True,True,,2024-05-24,142,142,142,0,0.11316013923146077,0.13214624751933712
tail_q90_60d,20,2024-07-31,279,69,True,True,,2024-06-03,142,142,142,0,-0.04601302203939303,-0.06205272102784839
tail_q90_60d,20,2024-08-07,280,70,True,True,,2024-06-10,142,142,142,0,0.1980653449038226,0.1508473546232012
tail_q90_60d,20,2024-08-14,281,70,True,True,,2024-06-17,142,142,142,0,-0.07792477226100242,0.060942054648977034
tail_q90_60d,20,2024-08-21,282,70,True,True,,2024-06-25,142,142,142,0,-0.1374229606174467,-0.030849282572387157
tail_q90_60d,20,2024-08-28,283,70,True,True,,2024-07-02,142,142,142,0,0.1622767403408698,0.18793942048362186
tail_q90_60d,20,2024-09-05,284,71,True,True,,2024-07-10,142,142,142,0,0.11920384081007397,0.21161547472605308
tail_q90_60d,20,2024-09-12,285,71,True,True,,2024-07-17,142,142,142,0,0.27205668170606745,0.22934003365528685
tail_q90_60d,20,2024-09-19,286,71,True,True,,2024-07-24,142,142,142,0,0.08890150903935741,0.08525517036155333
tail_q90_60d,20,2024-09-26,287,71,True,True,,2024-07-31,142,142,142,0,-0.034210620066178955,-0.033024512197422
tail_q90_60d,20,2024-10-03,288,72,True,True,,2024-08-07,142,142,142,0,0.10329406883197714,0.10086736757399029
tail_q90_60d,20,2024-10-10,289,72,True,True,,2024-08-14,142,142,142,0,0.18905008686249325,0.16699183345871987
tail_q90_60d,20,2024-10-17,290,72,True,True,,2024-08-21,142,142,142,0,0.26040516271262454,0.18780949347326334
tail_q90_60d,20,2024-10-24,291,72,True,True,,2024-08-28,142,142,142,0,0.3312321481335566,0.2303459201870949
tail_q90_60d,20,2024-10-31,292,73,True,True,,2024-09-05,142,142,142,0,0.23283129815943723,0.1880944946572756
tail_q90_60d,20,2024-11-07,293,73,True,True,,2024-09-12,142,142,142,0,0.3331391413501093,0.13074219756868843
tail_q90_60d,20,2024-11-14,294,73,True,True,,2024-09-19,142,142,142,0,0.23107518792265574,0.21037488133682322
tail_q90_60d,20,2024-11-21,295,73,True,True,,2024-09-26,142,142,142,0,0.10992034636026247,0.0829793520833377
tail_q90_60d,20,2024-11-29,296,74,True,True,,2024-10-03,142,142,142,0,0.11440492381457322,0.03292811473812373
tail_q90_60d,20,2024-12-06,297,74,True,True,,2024-10-10,142,142,142,0,-0.12055759643413226,-0.16927184293081807
tail_q90_60d,20,2024-12-13,298,74,True,True,,2024-10-17,142,142,142,0,-0.19548776066606452,-0.17088964376947596
tail_q90_60d,20,2024-12-20,299,74,True,True,,2024-10-24,142,142,142,0,0.1709189821266537,0.20234036266400668
tail_q90_60d,20,2024-12-30,300,75,True,True,,2024-10-31,142,142,142,0,-0.013803697052123783,-0.06458839332678111
tail_q90_60d,20,2025-01-07,301,75,True,True,,2024-11-07,142,142,142,0,-0.003350859509085461,0.0916970353590072
tail_q90_60d,20,2025-01-15,302,75,True,True,,2024-11-14,142,142,142,0,0.07703623915790533,0.06712825681959635
tail_q90_60d,20,2025-01-23,303,75,True,True,,2024-11-21,142,142,142,0,-0.1545733259847734,-0.08662569076114178
tail_q90_60d,20,2025-01-30,304,76,True,True,,2024-11-29,142,142,142,0,-0.26313782112403633,-0.23544660314213808
tail_q90_60d,20,2025-02-06,305,76,True,True,,2024-12-06,142,142,142,0,-0.3852356813099996,-0.44773057329245525
tail_q90_60d,20,2025-02-13,306,76,True,True,,2024-12-13,142,142,142,0,-0.37776278261744256,-0.512300106246765
tail_q90_60d,20,2025-02-21,307,76,True,True,,2024-12-20,142,142,142,0,-0.39531550259749243,-0.39248225553289984
tail_q90_60d,20,2025-02-28,308,77,True,True,,2024-12-30,142,142,142,0,-0.4068999624888148,-0.4116695411271378
tail_q90_60d,20,2025-03-07,309,77,True,True,,2025-01-07,142,142,142,0,-0.42651055866518855,-0.40408767139363483
tail_q90_60d,20,2025-03-14,310,77,True,True,,2025-01-15,142,142,142,0,-0.30592571947081987,-0.2459623085934144
tail_q90_60d,20,2025-03-21,311,77,True,True,,2025-01-23,142,142,142,0,-0.36853377368810397,-0.4031949470966552
tail_q90_60d,20,2025-03-28,312,78,True,True,,2025-01-30,142,142,142,0,0.27676339243615244,0.30157945141463277
tail_q90_60d,20,2025-04-04,313,78,True,True,,2025-02-06,142,142,142,0,0.5451171543470016,0.474231492211714
tail_q90_60d,20,2025-04-11,314,78,True,True,,2025-02-13,142,142,142,0,0.44563916754507105,0.43142263789551777
tail_q90_60d,20,2025-04-21,315,78,True,True,,2025-02-21,142,142,142,0,0.48978920390367797,0.5334279146086159
tail_q90_60d,20,2025-04-28,316,79,True,True,,2025-02-28,142,142,142,0,0.37840822647535266,0.34906567810373623
tail_q90_60d,20,2025-05-05,317,79,True,True,,2025-03-07,142,142,142,0,0.4616537193702313,0.4008269225530238
tail_q90_60d,20,2025-05-12,318,79,True,True,,2025-03-14,142,142,142,0,0.43007307346534196,0.39526939946478457
tail_q90_60d,20,2025-05-19,319,79,True,True,,2025-03-21,142,142,142,0,0.36940554201567083,0.302115924231597
tail_q90_60d,20,2025-05-27,320,80,True,True,,2025-03-28,142,142,142,0,0.45333000831951986,0.49266855410097843
tail_q90_60d,20,2025-06-03,321,80,True,True,,2025-04-04,142,142,142,0,0.3778088857501504,0.3709101806195004
tail_q90_60d,20,2025-06-10,322,80,True,True,,2025-04-11,142,142,142,0,0.29355331512958127,0.21701373244675617
tail_q90_60d,20,2025-06-17,323,80,True,True,,2025-04-21,142,142,142,0,0.25801199100569794,0.19731931239273165
tail_q90_60d,20,2025-06-25,324,81,True,True,,2025-04-28,142,142,142,0,0.15625818592555185,0.13313536927561503
tail_q90_60d,20,2025-07-02,325,81,True,True,,2025-05-05,142,142,142,0,0.16429689579225093,0.09606006819072448
tail_q90_60d,20,2025-07-10,326,81,True,True,,2025-05-12,142,142,142,0,0.058460867870517255,-0.04591662458009477
tail_q90_60d,20,2025-07-17,327,81,True,True,,2025-05-19,142,142,142,0,-0.05661674256220256,-0.06263529697752053
tail_q90_60d,20,2025-07-24,328,82,True,True,,2025-05-27,142,142,142,0,-0.11654243269466524,-0.1499462479384565
tail_q90_60d,20,2025-07-31,329,82,True,True,,2025-06-03,142,142,142,0,0.016758488739309838,0.08081669603995047
tail_q90_60d,20,2025-08-07,330,82,True,True,,2025-06-10,142,142,142,0,0.035597905241297516,0.1475111642927046
tail_q90_60d,20,2025-08-14,331,82,True,True,,2025-06-17,142,142,142,0,0.19140972901835954,0.16381490849575955
tail_q90_60d,20,2025-08-21,332,83,True,True,,2025-06-25,142,142,142,0,0.4803841648312731,0.49200634546753824
tail_q90_60d,20,2025-08-28,333,83,True,True,,2025-07-02,142,142,142,0,0.19006854697594883,0.25756772445414944
tail_q90_60d,20,2025-09-05,334,83,True,True,,2025-07-10,142,142,142,0,0.2251195014155757,0.2543321227768336
tail_q90_60d,20,2025-09-12,335,83,True,True,,2025-07-17,142,142,142,0,0.20454493064621926,0.1765016523781882
tail_q90_60d,20,2025-09-19,336,84,True,True,,2025-07-24,142,142,142,0,0.1092707113084698,0.04950009534966083
tail_q90_60d,20,2025-09-26,337,84,True,True,,2025-07-31,142,142,142,0,0.3503062714929662,0.27740045390629753
tail_q90_60d,20,2025-10-03,338,84,True,True,,2025-08-07,142,142,142,0,0.39069261574505815,0.3262152890561641
tail_q90_60d,20,2025-10-10,339,84,True,True,,2025-08-14,142,142,142,0,0.2580455205567582,0.08885959710053208
tail_q90_60d,20,2025-10-17,340,85,True,True,,2025-08-21,142,142,142,0,-0.0066870498395820545,-0.1121458703118877
tail_q90_60d,20,2025-10-24,341,85,True,True,,2025-08-28,142,142,142,0,-0.3071663128600498,-0.4490130786205105
tail_q90_60d,20,2025-10-31,342,85,True,True,,2025-09-05,142,142,142,0,-0.27449595654570186,-0.31822268232217293
tail_q90_60d,20,2025-11-07,343,85,True,True,,2025-09-12,142,142,142,0,0.013728255562238183,-0.010379491650093988
tail_q90_60d,20,2025-11-14,344,86,True,True,,2025-09-19,142,142,142,0,-0.058083660421089256,-0.034319591107124826
tail_q90_60d,20,2025-11-21,345,86,True,True,,2025-09-26,142,142,142,0,0.2860217397226687,0.26886718316145947
tail_q90_60d,20,2025-12-01,346,86,True,True,,2025-10-03,142,142,142,0,-0.03339333725908494,-0.0016115140478340957
tail_q90_60d,20,2025-12-08,347,86,True,True,,2025-10-10,142,142,142,0,-0.146681307903963,-0.038267695744471295
tail_q90_60d,20,2025-12-15,348,87,True,True,,2025-10-17,142,142,142,0,-0.07053569744609602,-0.04895943133881402
tail_q90_60d,20,2025-12-22,349,87,True,True,,2025-10-24,142,142,142,0,-0.15235618442091323,-0.06399324379546137
tail_q90_60d,20,2025-12-30,350,87,True,True,,2025-10-31,142,142,142,0,-0.1409519458665398,-0.0583518968295714
tail_q90_60d,20,2026-01-07,351,87,True,True,,2025-11-07,142,142,142,0,-0.31312199936712976,-0.31106412317080584
tail_q90_60d,20,2026-01-14,352,88,True,True,,2025-11-14,142,142,142,0,-0.18611625114471983,-0.17997196091292586
tail_q90_60d,20,2026-01-22,353,88,True,True,,2025-11-21,142,142,142,0,-0.20859362393674652,-0.2896806519821204
tail_q90_60d,20,2026-01-29,354,88,True,True,,2025-12-01,142,142,142,0,-0.30839852386151456,-0.2925558109855383
tail_q90_60d,20,2026-02-05,355,88,True,True,,2025-12-08,142,142,142,0,0.09894360958190747,0.13614045528939148
tail_q90_60d,20,2026-02-12,356,89,False,True,,2025-12-15,142,142,142,0,-0.018066141230660263,0.0608498483835613
tail_q90_60d,20,2026-02-20,357,89,False,True,,2025-12-22,142,142,142,0,0.07151643681460883,0.07743440257674601
tail_q90_60d,20,2026-02-27,358,89,False,True,,2025-12-30,142,142,142,0,-0.008879044240147028,-0.13623685274868974
tail_q90_60d,60,2019-01-14,0,0,True,False,no_refit_placebo,2018-07-23,0,0,0,0,,
tail_q90_60d,60,2019-01-22,1,0,True,False,no_refit_placebo,2018-07-30,0,0,0,0,,
tail_q90_60d,60,2019-01-29,2,0,True,False,no_refit_placebo,2018-08-06,0,0,0,0,,
tail_q90_60d,60,2019-02-05,3,0,True,False,no_refit_placebo,2018-08-13,0,0,0,0,,
tail_q90_60d,60,2019-02-12,4,0,True,False,no_refit_placebo,2018-08-20,0,0,0,0,,
tail_q90_60d,60,2019-02-20,5,0,True,False,no_refit_placebo,2018-08-27,0,0,0,0,,
tail_q90_60d,60,2019-02-27,6,0,True,False,no_refit_placebo,2018-09-04,0,0,0,0,,
tail_q90_60d,60,2019-03-06,7,0,True,False,no_refit_placebo,2018-09-11,0,0,0,0,,
tail_q90_60d,60,2019-03-13,8,0,True,False,no_refit_placebo,2018-09-18,0,0,0,0,,
tail_q90_60d,60,2019-03-20,9,0,True,True,,2018-09-25,131,131,131,0,-0.3656168259221695,-0.26881972988843217
tail_q90_60d,60,2019-03-27,10,0,True,True,,2018-10-02,131,131,131,0,-0.2123632093097742,-0.17312229754977848
tail_q90_60d,60,2019-04-03,11,0,True,True,,2018-10-09,131,131,131,0,-0.22558586451716223,-0.20144664495809533
tail_q90_60d,60,2019-04-10,12,1,True,True,,2018-10-16,131,131,131,0,-0.2068702290076336,-0.23777825228206909
tail_q90_60d,60,2019-04-17,13,1,True,True,,2018-10-23,131,131,131,0,-0.10194309507286606,-0.22604494741899323
tail_q90_60d,60,2019-04-25,14,1,True,True,,2018-10-30,131,132,131,1,-0.07402978700688624,-0.15792985640313884
tail_q90_60d,60,2019-05-02,15,1,True,True,,2018-11-06,131,132,131,1,-0.08281642022100037,-0.20584529973842952
tail_q90_60d,60,2019-05-09,16,1,True,True,,2018-11-13,131,132,131,1,-0.20816740511396997,-0.33199167244968775
tail_q90_60d,60,2019-05-16,17,1,True,True,,2018-11-20,131,132,131,1,-0.03474083168739657,-0.1312816954038328
tail_q90_60d,60,2019-05-23,18,1,True,True,,2018-11-28,131,132,131,1,0.10211391661773342,0.0651257139806758
tail_q90_60d,60,2019-05-31,19,1,True,True,,2018-12-06,131,132,131,1,0.07224683713233332,0.05594405594405594
tail_q90_60d,60,2019-06-07,20,1,True,True,,2018-12-13,131,132,131,1,0.04749906581967651,-0.08888058506379118
tail_q90_60d,60,2019-06-14,21,1,True,True,,2018-12-20,131,133,131,2,0.09481129557465434,-0.03630491645758822
tail_q90_60d,60,2019-06-21,22,1,True,True,,2018-12-28,131,133,131,2,0.039160839160839164,-0.12270325094752577
tail_q90_60d,60,2019-06-28,23,1,True,True,,2019-01-07,131,133,131,2,-0.0548443922489724,-0.23472481716756524
tail_q90_60d,60,2019-07-08,24,2,True,True,,2019-01-14,131,133,131,2,-0.04883894731222975,-0.20954999199274005
tail_q90_60d,60,2019-07-15,25,2,True,True,,2019-01-22,131,133,131,2,-0.1888165269844659,-0.37022900763358774
tail_q90_60d,60,2019-07-22,26,2,True,True,,2019-01-29,131,133,131,2,-0.0911493087065606,-0.34800085410772436
tail_q90_60d,60,2019-07-29,27,2,True,True,,2019-02-05,131,133,131,2,-0.1318475417712059,-0.3208829338600331
tail_q90_60d,60,2019-08-05,28,2,True,True,,2019-02-12,131,133,131,2,0.1158703891528319,0.014722681898254417
tail_q90_60d,60,2019-08-12,29,2,True,True,,2019-02-20,131,133,131,2,0.15882133134041532,0.16144237441947365
tail_q90_60d,60,2019-08-19,30,2,True,True,,2019-02-27,131,133,131,2,0.20215662200395024,0.19630064591896654
tail_q90_60d,60,2019-08-26,31,2,True,True,,2019-03-06,131,133,131,2,0.162889019377569,0.19631132226552075
tail_q90_60d,60,2019-09-03,32,2,True,True,,2019-03-13,131,133,131,2,0.13358778625954199,0.2569422943468745
tail_q90_60d,60,2019-09-10,33,2,True,True,,2019-03-20,131,133,131,2,0.03306464527838574,0.15154540116372175
tail_q90_60d,60,2019-09-17,34,2,True,True,,2019-03-27,131,134,131,3,0.04398120963006459,0.1717343724977313
tail_q90_60d,60,2019-09-24,35,2,True,True,,2019-04-03,131,135,131,4,0.1591362835637645,0.16115945123578712
tail_q90_60d,60,2019-10-01,36,3,True,True,,2019-04-10,131,135,131,4,0.22231890247157424,0.17184647413655046
tail_q90_60d,60,2019-10-08,37,3,True,True,,2019-04-17,131,135,131,4,0.18952116585704373,0.14776597448353174
tail_q90_60d,60,2019-10-15,38,3,True,True,,2019-04-25,132,135,132,3,0.22033571089416806,0.21773204698074117
tail_q90_60d,60,2019-10-22,39,3,True,True,,2019-05-02,132,135,132,3,0.2871804772166363,0.35095719868721065
tail_q90_60d,60,2019-10-29,40,3,True,True,,2019-05-09,132,135,132,3,0.18007544885809246,0.2691426693033763
tail_q90_60d,60,2019-11-05,41,3,True,True,,2019-05-16,132,135,132,3,0.16816851288526657,0.2316791284248094
tail_q90_60d,60,2019-11-12,42,3,True,True,,2019-05-23,132,135,132,3,0.19580178760572486,0.21818077462914745
tail_q90_60d,60,2019-11-19,43,3,True,True,,2019-05-31,132,135,132,3,0.15378313931949927,0.22203148398407538
tail_q90_60d,60,2019-11-26,44,3,True,True,,2019-06-07,132,135,132,3,0.035809509895488194,0.1289152791764282
tail_q90_60d,60,2019-12-04,45,3,True,True,,2019-06-14,133,135,133,2,0.13923546995031674,0.13713387947480643
tail_q90_60d,60,2019-12-11,46,3,True,True,,2019-06-21,133,135,133,2,0.12898766590832575,0.15392619948786485
tail_q90_60d,60,2019-12-18,47,3,True,True,,2019-06-28,133,135,133,2,-0.032589955213678704,-0.01199742912233093
tail_q90_60d,60,2019-12-26,48,4,True,True,,2019-07-08,133,135,133,2,0.18514399975515453,0.1748349843400904
tail_q90_60d,60,2020-01-03,49,4,True,True,,2019-07-15,133,135,133,2,0.14168392487324144,0.09699452158210994
tail_q90_60d,60,2020-01-10,50,4,True,True,,2019-07-22,133,135,133,2,0.13408861366441885,0.1257995735607676
tail_q90_60d,60,2020-01-17,51,4,True,True,,2019-07-29,133,135,133,2,0.16974423847950948,0.20252802970791972
tail_q90_60d,60,2020-01-27,52,4,True,True,,2019-08-05,133,135,133,2,0.16297017985941786,0.15729792595464237
tail_q90_60d,60,2020-02-03,53,4,True,True,,2019-08-12,133,135,133,2,0.1798747207231103,0.20834311014986584
tail_q90_60d,60,2020-02-10,54,4,True,True,,2019-08-19,133,135,133,2,0.13852133726446372,0.14315299782699625
tail_q90_60d,60,2020-02-18,55,4,True,True,,2019-08-26,133,135,133,2,0.22519154058824128,0.19327491047836687
tail_q90_60d,60,2020-02-25,56,4,True,True,,2019-09-03,133,135,133,2,0.30194040052641774,0.2004468430234337
tail_q90_60d,60,2020-03-03,57,4,True,True,,2019-09-10,133,135,133,2,0.2266402097509717,0.18436865569622835
tail_q90_60d,60,2020-03-10,58,4,True,True,,2019-09-17,134,135,134,1,0.31353757528148735,0.27268918565069394
tail_q90_60d,60,2020-03-17,59,4,True,True,,2019-09-24,135,135,135,0,0.42789483952785096,0.3975709686859819
tail_q90_60d,60,2020-03-24,60,5,True,True,,2019-10-01,135,135,135,0,0.2854014242512926,0.22773387962150038
tail_q90_60d,60,2020-03-31,61,5,True,True,,2019-10-08,135,135,135,0,0.28451858355282417,0.35643839625402407
tail_q90_60d,60,2020-04-07,62,5,True,True,,2019-10-15,135,135,135,0,0.29872207589503463,0.3314603453321628
tail_q90_60d,60,2020-04-15,63,5,True,True,,2019-10-22,135,135,135,0,0.2457467564140084,0.34723441615452155
tail_q90_60d,60,2020-04-22,64,5,True,True,,2019-10-29,135,135,135,0,0.3243683543068969,0.37194907813871825
tail_q90_60d,60,2020-04-29,65,5,True,True,,2019-11-05,135,135,135,0,0.08698175787728028,0.3952833869866355
tail_q90_60d,60,2020-05-06,66,5,True,True,,2019-11-12,135,135,135,0,0.15441420349234222,0.42871914935128286
tail_q90_60d,60,2020-05-13,67,5,True,True,,2019-11-19,135,135,135,0,0.2730123890352161,0.22748512340259489
tail_q90_60d,60,2020-05-20,68,5,True,True,,2019-11-26,135,135,135,0,0.14051799824407377,0.17839722953858164
tail_q90_60d,60,2020-05-28,69,5,True,True,,2019-12-04,135,135,135,0,-0.01795434591747147,0.24614183982050536
tail_q90_60d,60,2020-06-04,70,5,True,True,,2019-12-11,135,135,135,0,0.08689883913764511,0.2771144278606965
tail_q90_60d,60,2020-06-11,71,5,True,True,,2019-12-18,135,135,135,0,-0.040752121744220084,0.16738854745878454
tail_q90_60d,60,2020-06-18,72,6,True,True,,2019-12-26,135,135,135,0,-0.18678177738757196,0.0511901277924105
tail_q90_60d,60,2020-06-25,73,6,True,True,,2020-01-03,135,135,135,0,-0.11630572627060776,-0.00651643742073944
tail_q90_60d,60,2020-07-02,74,6,True,True,,2020-01-10,135,135,135,0,-0.1349234221051605,0.09303970344356648
tail_q90_60d,60,2020-07-10,75,6,True,True,,2020-01-17,135,135,135,0,-0.09345429714174228,0.0007072480733586968
tail_q90_60d,60,2020-07-17,76,6,True,True,,2020-01-27,135,135,135,0,-0.03296263779143498,0.15706272558774756
tail_q90_60d,60,2020-07-24,77,6,True,True,,2020-02-03,135,135,135,0,0.11063798653789876,0.1342844600526778
tail_q90_60d,60,2020-07-31,78,6,True,True,,2020-02-10,135,135,135,0,0.08688908399180567,0.07841673983026047
tail_q90_60d,60,2020-08-07,79,6,True,True,,2020-02-18,135,135,135,0,0.1133840600916984,0.009794166422788022
tail_q90_60d,60,2020-08-14,80,6,True,True,,2020-02-25,135,135,135,0,0.2485074626865672,0.17363671836893965
tail_q90_60d,60,2020-08-21,81,6,True,True,,2020-03-03,135,135,135,0,0.21891035020973565,0.08988391376451078
tail_q90_60d,60,2020-08-28,82,6,True,True,,2020-03-10,135,135,135,0,0.23049946346697886,0.2882206613988879
tail_q90_60d,60,2020-09-04,83,6,True,True,,2020-03-17,135,135,135,0,0.3489464442493416,0.21323285533118727
tail_q90_60d,60,2020-09-14,84,7,True,True,,2020-03-24,135,135,135,0,0.37737293922544146,0.15042922641693496
tail_q90_60d,60,2020-09-21,85,7,True,True,,2020-03-31,135,136,135,1,0.41016973953760616,0.3592771436932983
tail_q90_60d,60,2020-09-28,86,7,True,True,,2020-04-07,135,136,135,1,0.41482294410301435,0.2976636425714565
tail_q90_60d,60,2020-10-05,87,7,True,True,,2020-04-15,135,137,135,2,0.2528972783143108,0.37495854063018247
tail_q90_60d,60,2020-10-12,88,7,True,True,,2020-04-22,135,137,135,2,0.18868403082626087,0.36847624621988107
tail_q90_60d,60,2020-10-19,89,7,True,True,,2020-04-29,135,137,135,2,0.23313823041654477,0.34027899717100774
tail_q90_60d,60,2020-10-26,90,7,True,True,,2020-05-06,135,137,135,2,0.35688713296263785,0.4123987903619159
tail_q90_60d,60,2020-11-02,91,7,True,True,,2020-05-13,135,137,135,2,0.39295190713101164,0.4137498780606771
tail_q90_60d,60,2020-11-09,92,7,True,True,,2020-05-20,135,137,135,2,0.39910252658277245,0.320822358794264
tail_q90_60d,60,2020-11-16,93,7,True,True,,2020-05-28,135,137,135,2,0.4768412837771925,0.45091210613598676
tail_q90_60d,60,2020-11-23,94,7,True,True,,2020-06-04,135,137,135,2,0.4347185640425325,0.34456150619451764
tail_q90_60d,60,2020-12-01,95,7,True,True,,2020-06-11,135,137,135,2,0.49279582479758083,0.48148961076968105
tail_q90_60d,60,2020-12-08,96,8,True,True,,2020-06-18,135,137,135,2,0.11535947712418301,0.3092625109745391
tail_q90_60d,60,2020-12-15,97,8,True,True,,2020-06-25,135,137,135,2,0.2672519754170325,0.41161837869476153
tail_q90_60d,60,2020-12-22,98,8,True,True,,2020-07-02,135,137,135,2,0.11340844795629697,0.3177689981465223
tail_q90_60d,60,2020-12-30,99,8,True,True,,2020-07-10,135,137,135,2,-0.17052482684616138,0.21819334699053755
tail_q90_60d,60,2021-01-07,100,8,True,True,,2020-07-17,135,138,135,3,-0.006321334503950835,0.20317529997073458
tail_q90_60d,60,2021-01-14,101,8,True,True,,2020-07-24,135,139,135,4,-0.02431957857769974,0.0980001951029168
tail_q90_60d,60,2021-01-22,102,8,True,True,,2020-07-31,135,139,135,4,-0.1551116964198615,-0.031474978050921865
tail_q90_60d,60,2021-01-29,103,8,True,True,,2020-08-07,135,139,135,4,-0.0006828602087601209,0.06871036972002734
tail_q90_60d,60,2021-02-05,104,8,True,True,,2020-08-14,135,139,135,4,-0.2716759340552142,-0.08717198322114918
tail_q90_60d,60,2021-02-12,105,8,True,True,,2020-08-21,135,139,135,4,-0.4696127207101746,-0.16655936006243294
tail_q90_60d,60,2021-02-22,106,8,True,True,,2020-08-28,135,139,135,4,-0.45480440932591953,-0.30420446785679445
tail_q90_60d,60,2021-03-01,107,8,True,True,,2020-09-04,135,139,135,4,-0.41721783240659455,-0.3638279192273925
tail_q90_60d,60,2021-03-08,108,9,True,True,,2020-09-14,135,139,135,4,-0.00914057165154619,0.06541313042629988
tail_q90_60d,60,2021-03-15,109,9,True,True,,2020-09-21,136,140,136,4,-0.13359095463002718,-0.1605028386050284
tail_q90_60d,60,2021-03-22,110,9,True,True,,2020-09-28,136,140,136,4,0.11393540384523639,0.024674395305567476
tail_q90_60d,60,2021-03-29,111,9,True,True,,2020-10-05,137,140,137,3,0.26059887617376365,0.29277353594563815
tail_q90_60d,60,2021-04-06,112,9,True,True,,2020-10-12,137,140,137,3,0.15980454384229095,0.12818059626262435
tail_q90_60d,60,2021-04-13,113,9,True,True,,2020-10-19,137,140,137,3,0.012507700636585958,0.07637164672279576
tail_q90_60d,60,2021-04-20,114,9,True,True,,2020-10-26,137,142,137,5,0.1376687139470196,0.11208393227173445
tail_q90_60d,60,2021-04-27,115,9,True,True,,2020-11-02,137,142,137,5,0.1224167864543469,0.05205630332107454
tail_q90_60d,60,2021-05-04,116,9,True,True,,2020-11-09,137,142,137,5,0.1528179662852129,0.20721246289693276
tail_q90_60d,60,2021-05-11,117,9,True,True,,2020-11-16,137,142,137,5,0.24246737730319037,0.28318274310676345
tail_q90_60d,60,2021-05-18,118,9,True,True,,2020-11-23,137,142,137,5,0.2836541154068736,0.17814139302182314
tail_q90_60d,60,2021-05-25,119,9,True,True,,2020-12-01,137,142,137,5,0.15349002184180557,-0.07485952172046222
tail_q90_60d,60,2021-06-02,120,10,True,True,,2020-12-08,137,142,137,5,0.18755017081412062,-0.05953292138816809
tail_q90_60d,60,2021-06-09,121,10,True,True,,2020-12-15,137,142,137,5,0.2569959116620307,-0.03328541826124292
tail_q90_60d,60,2021-06-16,122,10,True,True,,2020-12-22,137,142,137,5,0.2292782870050591,-0.029248417869210515
tail_q90_60d,60,2021-06-23,123,10,True,True,,2020-12-30,137,142,137,5,0.2215169787369089,0.15856777493606136
tail_q90_60d,60,2021-06-30,124,10,True,True,,2021-01-07,138,142,138,4,0.023738039083173318,0.1495722495313809
tail_q90_60d,60,2021-07-08,125,10,True,True,,2021-01-14,139,142,139,3,0.06662942937575404,0.22484025202198485
tail_q90_60d,60,2021-07-15,126,10,True,True,,2021-01-22,139,142,139,3,0.13130613521605075,0.30878502167210325
tail_q90_60d,60,2021-07-22,127,10,True,True,,2021-01-29,139,142,139,3,0.1456544081504982,0.31902676616470793
tail_q90_60d,60,2021-07-29,128,10,True,True,,2021-02-05,139,142,139,3,0.32299924035926536,0.2781670315921176
tail_q90_60d,60,2021-08-05,129,10,True,True,,2021-02-12,139,142,139,3,0.3637025783100228,0.27855578890924526
tail_q90_60d,60,2021-08-12,130,10,True,True,,2021-02-22,139,142,139,3,0.4167344385361276,0.39308280084007324
tail_q90_60d,60,2021-08-19,131,10,True,True,,2021-03-01,139,142,139,3,0.4592787881496045,0.3957192010366861
tail_q90_60d,60,2021-08-26,132,11,True,True,,2021-03-08,139,142,139,3,0.327043210152375,0.2853970239957102
tail_q90_60d,60,2021-09-02,133,11,True,True,,2021-03-15,140,142,140,2,0.24411886903850782,0.2494719118322364
tail_q90_60d,60,2021-09-10,134,11,True,True,,2021-03-22,140,142,140,2,0.035503269117229015,0.13795456036386697
tail_q90_60d,60,2021-09-17,135,11,True,True,,2021-03-29,140,142,140,2,-0.11068203188209312,0.023095930550392517
tail_q90_60d,60,2021-09-24,136,11,True,True,,2021-04-06,140,142,140,2,-0.1389735627911045,-0.07339878856792986
tail_q90_60d,60,2021-10-01,137,11,True,True,,2021-04-13,140,142,140,2,-0.013181430539459013,0.009490280116332466
tail_q90_60d,60,2021-10-08,138,11,True,True,,2021-04-20,142,142,142,0,-0.10220435842251847,-0.15630009786437715
tail_q90_60d,60,2021-10-15,139,11,True,True,,2021-04-27,142,142,142,0,-0.08131963930585447,-0.23416409781408287
tail_q90_60d,60,2021-10-22,140,11,True,True,,2021-05-04,142,142,142,0,-0.10483642818074944,-0.25827184502641504
tail_q90_60d,60,2021-10-29,141,11,True,True,,2021-05-11,142,142,142,0,-0.22594935780431738,-0.36295948582433446
tail_q90_60d,60,2021-11-05,142,11,True,True,,2021-05-18,142,142,142,0,-0.3890245205798098,-0.4181449356756519
tail_q90_60d,60,2021-11-12,143,11,True,True,,2021-05-25,142,142,142,0,-0.33724232016110955,-0.36324448700834683
tail_q90_60d,60,2021-11-19,144,12,True,True,,2021-06-02,142,142,142,0,-0.2920025733930439,-0.3522132647095189
tail_q90_60d,60,2021-11-29,145,12,True,True,,2021-06-09,142,142,142,0,-0.2791942848880218,-0.35939277983029855
tail_q90_60d,60,2021-12-06,146,12,True,True,,2021-06-16,142,142,142,0,-0.3273133818533878,-0.3375818068655947
tail_q90_60d,60,2021-12-13,147,12,True,True,,2021-06-23,142,142,142,0,-0.40451098197577073,-0.39826610309079596
tail_q90_60d,60,2021-12-20,148,12,True,True,,2021-06-30,142,142,142,0,-0.38396994075747454,-0.2079104593338936
tail_q90_60d,60,2021-12-28,149,12,True,True,,2021-07-08,142,142,142,0,-0.3579468179408246,-0.21705145319169894
tail_q90_60d,60,2022-01-04,150,12,True,True,,2021-07-15,142,142,142,0,-0.2726476400435046,-0.07956352906907298
tail_q90_60d,60,2022-01-11,151,12,True,True,,2021-07-22,142,142,142,0,-0.25120968333434623,-0.09974831880735388
tail_q90_60d,60,2022-01-19,152,12,True,True,,2021-07-29,142,142,142,0,-0.30360379805989635,-0.06437464243877189
tail_q90_60d,60,2022-01-26,153,12,True,True,,2021-08-05,142,142,142,0,-0.3069609443598056,-0.14076753333570835
tail_q90_60d,60,2022-02-02,154,12,True,True,,2021-08-12,142,142,142,0,-0.42792299100360237,-0.312715453560524
tail_q90_60d,60,2022-02-09,155,12,True,True,,2021-08-19,142,142,142,0,-0.5054894161876482,-0.33680643599732607
tail_q90_60d,60,2022-02-16,156,13,True,True,,2021-08-26,142,142,142,0,-0.4877061805440589,-0.3598286639940821
tail_q90_60d,60,2022-02-24,157,13,True,True,,2021-09-02,142,142,142,0,-0.4697385323696382,-0.34802626202086795
tail_q90_60d,60,2022-03-03,158,13,True,True,,2021-09-10,142,142,142,0,-0.46279791530016284,-0.3383907072849237
tail_q90_60d,60,2022-03-10,159,13,True,True,,2021-09-17,142,142,142,0,-0.3522132647095189,-0.18402484539733566
tail_q90_60d,60,2022-03-17,160,13,True,True,,2021-09-24,142,142,142,0,-0.45145235346014495,-0.34206219312602293
tail_q90_60d,60,2022-03-24,161,13,True,True,,2021-10-01,142,142,142,0,-0.5146932779536916,-0.3649628765001855
tail_q90_60d,60,2022-03-31,162,13,True,True,,2021-10-08,142,142,142,0,-0.5221410294829534,-0.3508343619221654
tail_q90_60d,60,2022-04-07,163,13,True,True,,2021-10-15,142,142,142,0,-0.47171677588219396,-0.31186883239625224
tail_q90_60d,60,2022-04-14,164,13,True,True,,2021-10-22,142,142,142,0,-0.3413832197170525,-0.29696075575608094
tail_q90_60d,60,2022-04-22,165,13,True,True,,2021-10-29,142,142,142,0,0.0641357443874675,0.01711893141320771
tail_q90_60d,60,2022-04-29,166,13,True,True,,2021-11-05,142,142,142,0,-0.09540205075116673,-0.04106322206412108
tail_q90_60d,60,2022-05-06,167,13,True,True,,2021-11-12,142,142,142,0,0.301298641424503,0.18496367282702317
tail_q90_60d,60,2022-05-13,168,14,True,True,,2021-11-19,142,142,142,0,0.36287985314056637,0.21532049011821264
tail_q90_60d,60,2022-05-20,169,14,True,True,,2021-11-29,142,142,142,0,0.33769077790654056,0.24977210383263726
tail_q90_60d,60,2022-05-27,170,14,True,True,,2021-12-06,142,142,142,0,0.14794704845648807,0.08973555662198157
tail_q90_60d,60,2022-06-06,171,14,True,True,,2021-12-13,142,142,142,0,0.05288658000674783,0.03390466291275401
tail_q90_60d,60,2022-06-13,172,14,True,True,,2021-12-20,142,142,142,0,0.22462494053743684,0.203325293226402
tail_q90_60d,60,2022-06-21,173,14,True,True,,2021-12-28,142,142,142,0,0.128680130178482,0.06921547137309798
tail_q90_60d,60,2022-06-28,174,14,True,True,,2022-01-04,142,142,142,0,0.017638639454641853,-0.06163779283347758
tail_q90_60d,60,2022-07-06,175,14,True,True,,2022-01-11,142,142,142,0,0.06870414571942891,-0.027165223149640295
tail_q90_60d,60,2022-07-13,176,14,True,True,,2022-01-19,142,142,142,0,0.21376555718779275,0.12216282369114255
tail_q90_60d,60,2022-07-20,177,14,True,True,,2022-01-26,142,142,142,0,-0.2696509364174932,-0.31750179697437714
tail_q90_60d,60,2022-07-27,178,14,True,True,,2022-02-02,142,142,142,0,-0.10955152129859953,-0.16830367714395283
tail_q90_60d,60,2022-08-03,179,14,True,True,,2022-02-09,142,142,142,0,-0.21192981426724314,-0.3310100148577823
tail_q90_60d,60,2022-08-10,180,15,True,True,,2022-02-16,142,142,142,0,-0.35660144470453137,-0.4029602402392334
tail_q90_60d,60,2022-08-17,181,15,True,True,,2022-02-24,142,142,142,0,-0.2671907056084461,-0.32378439660429476
tail_q90_60d,60,2022-08-24,182,15,True,True,,2022-03-03,142,142,142,0,-0.24054309490329873,-0.29790796557353344
tail_q90_60d,60,2022-08-31,183,15,True,True,,2022-03-10,142,142,142,0,-0.2603255300288564,-0.2820149583709668
tail_q90_60d,60,2022-09-08,184,15,True,True,,2022-03-17,142,142,142,0,-0.2793912710005009,-0.25750904773979394
tail_q90_60d,60,2022-09-15,185,15,True,True,,2022-03-24,142,142,142,0,-0.2078517826195381,-0.2454216445825676
tail_q90_60d,60,2022-09-22,186,15,True,True,,2022-03-31,142,142,142,0,-0.16471601518050427,-0.20516103614695166
tail_q90_60d,60,2022-09-29,187,15,True,True,,2022-04-07,142,142,142,0,-0.2800702444094713,-0.3379841614783179
tail_q90_60d,60,2022-10-06,188,15,True,True,,2022-04-14,142,142,142,0,-0.33903195994895124,-0.4721191304949171
tail_q90_60d,60,2022-10-13,189,15,True,True,,2022-04-22,142,142,142,0,-0.24848540731069954,-0.25188446554943406
tail_q90_60d,60,2022-10-20,190,15,True,True,,2022-04-29,142,142,142,0,-0.22137257408459088,-0.1194972243818513
tail_q90_60d,60,2022-10-27,191,15,True,True,,2022-05-06,142,142,142,0,-0.2153875492203332,-0.08955952647891516
tail_q90_60d,60,2022-11-03,192,16,True,True,,2022-05-13,142,142,142,0,-0.1284538057088252,0.2824298865653376
tail_q90_60d,60,2022-11-10,193,16,True,True,,2022-05-20,142,142,142,0,0.15184066757336165,0.4184550840229594
tail_q90_60d,60,2022-11-17,194,16,True,True,,2022-05-27,142,142,142,0,0.2717423421648774,0.47438237519148524
tail_q90_60d,60,2022-11-25,195,16,True,True,,2022-06-06,142,142,142,0,0.33984924275604533,0.49706930767763857
tail_q90_60d,60,2022-12-02,196,16,True,True,,2022-06-13,142,142,142,0,0.30278651525280237,0.38937238967206006
tail_q90_60d,60,2022-12-09,197,16,True,True,,2022-06-21,142,142,142,0,0.26654107055665344,0.3741248263274035
tail_q90_60d,60,2022-12-16,198,16,True,True,,2022-06-28,142,142,142,0,0.25431535800130345,0.4360119951968919
tail_q90_60d,60,2022-12-23,199,16,True,True,,2022-07-06,142,142,142,0,0.3259344790660344,0.5000450553342373
tail_q90_60d,60,2023-01-03,200,16,True,True,,2022-07-13,142,142,142,0,0.4133585922617988,0.53143290632053
tail_q90_60d,60,2023-01-10,201,16,True,True,,2022-07-20,142,142,142,0,0.30893499667847885,0.34791309978603957
tail_q90_60d,60,2023-01-18,202,16,True,True,,2022-07-27,142,142,142,0,0.2425129560280894,0.24080294892401577
tail_q90_60d,60,2023-01-25,203,16,True,True,,2022-08-03,142,142,142,0,0.13348323836786527,0.1119572665871737
tail_q90_60d,60,2023-02-01,204,17,True,True,,2022-08-10,142,142,142,0,-0.09437520824994604,-0.09466020943395832
tail_q90_60d,60,2023-02-08,205,17,True,True,,2022-08-17,142,142,142,0,-0.13686134063718722,-0.14673160223055337
tail_q90_60d,60,2023-02-15,206,17,True,True,,2022-08-24,142,142,142,0,-0.10357907001598941,-0.14748601712940942
tail_q90_60d,60,2023-02-23,207,17,True,True,,2022-08-31,142,142,142,0,0.165059693078872,0.20336301397134482
tail_q90_60d,60,2023-03-02,208,17,True,True,,2022-09-08,142,142,142,0,0.3389062241324753,0.3271289693225564
tail_q90_60d,60,2023-03-09,209,17,True,True,,2022-09-15,142,142,142,0,0.40487561584355114,0.4230151029671558
tail_q90_60d,60,2023-03-16,210,17,True,True,,2022-09-22,142,142,142,0,0.45688833192579076,0.45055124677540026
tail_q90_60d,60,2023-03-23,211,17,True,True,,2022-09-29,142,142,142,0,0.4366783950242146,0.31484458005285093
tail_q90_60d,60,2023-03-30,212,17,True,True,,2022-10-06,142,142,142,0,0.3729135712953514,0.2655519488003756
tail_q90_60d,60,2023-04-06,213,17,True,True,,2022-10-13,142,142,142,0,0.4203159741068042,0.19665291256540882
tail_q90_60d,60,2023-04-14,214,17,True,True,,2022-10-20,142,142,142,0,0.4064682695189138,0.20550890523920193
tail_q90_60d,60,2023-04-21,215,17,True,True,,2022-10-27,142,142,142,0,0.5147729106374597,0.287618584591914
tail_q90_60d,60,2023-04-28,216,18,True,True,,2022-11-03,142,142,142,0,0.49237097933531865,0.264479003166447
tail_q90_60d,60,2023-05-05,217,18,True,True,,2022-11-10,142,142,142,0,0.4588665754383465,0.36587655676657777
tail_q90_60d,60,2023-05-12,218,18,True,True,,2022-11-17,142,142,142,0,0.4147458774369173,0.22520751648710896
tail_q90_60d,60,2023-05-19,219,18,True,True,,2022-11-25,142,142,142,0,0.24416847761169008,0.0474757487043972
tail_q90_60d,60,2023-05-26,220,18,True,True,,2022-12-02,142,142,142,0,0.09701566039594209,-0.0016366612111292963
tail_q90_60d,60,2023-06-05,221,18,True,True,,2022-12-09,142,142,142,0,0.05711130344034151,0.042245138738995505
tail_q90_60d,60,2023-06-12,222,18,True,True,,2022-12-16,142,142,142,0,0.08986967482622263,0.024151754748098775
tail_q90_60d,60,2023-06-20,223,18,True,True,,2022-12-23,142,142,142,0,0.00805757023917048,0.047404498408394134
tail_q90_60d,60,2023-06-27,224,18,True,True,,2023-01-03,142,142,142,0,-0.12533974865410288,-0.07706138632120053
tail_q90_60d,60,2023-07-05,225,18,True,True,,2023-01-10,142,142,142,0,0.08198184793929475,0.04652015649917958
tail_q90_60d,60,2023-07-12,226,18,True,True,,2023-01-18,142,142,142,0,0.07887198207845496,0.03268502549293679
tail_q90_60d,60,2023-07-19,227,18,True,True,,2023-01-25,142,142,142,0,-0.04240440410653177,-0.10307612675008539
tail_q90_60d,60,2023-07-26,228,19,True,True,,2023-02-01,142,142,142,0,-0.006372710298392049,-0.007131316391130596
tail_q90_60d,60,2023-08-02,229,19,True,True,,2023-02-08,142,142,142,0,-0.23482630644752314,-0.16353409850562983
tail_q90_60d,60,2023-08-09,230,19,True,True,,2023-02-15,142,142,142,0,0.05248003420014208,0.129183073444386
tail_q90_60d,60,2023-08-16,231,19,True,True,,2023-02-23,142,142,142,0,0.27025027714269556,0.28287834431076864
tail_q90_60d,60,2023-08-23,232,19,True,True,,2023-03-02,142,142,142,0,0.24297398735516806,0.28693961118294353
tail_q90_60d,60,2023-08-30,233,19,True,True,,2023-03-09,142,142,142,0,0.2043018414010323,0.28819696934770356
tail_q90_60d,60,2023-09-07,234,19,True,True,,2023-03-16,142,142,142,0,0.26154516744867357,0.28830594038864943
tail_q90_60d,60,2023-09-14,235,19,True,True,,2023-03-23,142,142,142,0,0.34551573688523046,0.2857157825692438
tail_q90_60d,60,2023-09-21,236,19,True,True,,2023-03-30,142,142,142,0,0.464323509873405,0.4274787244520538
tail_q90_60d,60,2023-09-28,237,19,True,True,,2023-04-06,142,142,142,0,0.4869769128084981,0.3777250618724997
tail_q90_60d,60,2023-10-05,238,19,True,True,,2023-04-14,142,142,142,0,0.3175059881682597,0.259709424528124
tail_q90_60d,60,2023-10-12,239,19,True,True,,2023-04-21,142,142,142,0,0.2689845365901704,0.2690222573351132
tail_q90_60d,60,2023-10-19,240,20,True,True,,2023-04-28,142,142,142,0,0.36241463061960516,0.3562829139694588
tail_q90_60d,60,2023-10-26,241,20,True,True,,2023-05-05,142,142,142,0,0.4476006462820967,0.35898623402369284
tail_q90_60d,60,2023-11-02,242,20,True,True,,2023-05-12,142,142,142,0,0.24604194127718254,0.3265002902401764
tail_q90_60d,60,2023-11-09,243,20,True,True,,2023-05-19,142,142,142,0,0.2771783206305232,0.41180365933137886
tail_q90_60d,60,2023-11-16,244,20,True,True,,2023-05-26,142,142,142,0,0.3396061535108584,0.45040036379562903
tail_q90_60d,60,2023-11-24,245,20,True,True,,2023-06-05,142,142,142,0,0.31809275531181436,0.3556290877237836
tail_q90_60d,60,2023-12-01,246,20,True,True,,2023-06-12,142,142,142,0,0.18206336666031006,0.3139225173986936
tail_q90_60d,60,2023-12-08,247,20,True,True,,2023-06-20,142,142,142,0,0.11987024063739678,0.2235310389340956
tail_q90_60d,60,2023-12-15,248,20,True,True,,2023-06-27,142,142,142,0,-0.08810518220167607,0.10989100800308473
tail_q90_60d,60,2023-12-22,249,20,True,True,,2023-07-05,142,142,142,0,-0.05315062522134743,0.12365488871332445
tail_q90_60d,60,2024-01-02,250,20,True,True,,2023-07-12,142,142,142,0,0.029759572162928474,0.2078392090378905
tail_q90_60d,60,2024-01-09,251,20,True,True,,2023-07-19,142,142,142,0,-0.04570287369208557,0.146681307903963
tail_q90_60d,60,2024-01-17,252,21,True,True,,2023-07-26,142,142,142,0,-0.0839307530946728,0.1595524643172231
tail_q90_60d,60,2024-01-24,253,21,True,True,,2023-08-02,142,142,142,0,-0.2852505600482826,-0.11549044303014935
tail_q90_60d,60,2024-01-31,254,21,True,True,,2023-08-09,142,142,142,0,-0.0919107862470164,0.03504885884268563
tail_q90_60d,60,2024-02-07,255,21,True,True,,2023-08-16,142,142,142,0,-0.22357295087292095,-0.11182314838293263
tail_q90_60d,60,2024-02-14,256,21,True,True,,2023-08-23,142,142,142,0,-0.28073664423679406,-0.21390805777979885
tail_q90_60d,60,2024-02-22,257,21,True,True,,2023-08-30,142,142,142,0,-0.17166501463774464,-0.11350381712982853
tail_q90_60d,60,2024-02-29,258,21,True,True,,2023-09-07,142,142,142,0,-0.12067075866896065,-0.09581278775165501
tail_q90_60d,60,2024-03-07,259,21,True,True,,2023-09-14,142,142,142,0,-0.23037525854427265,-0.2079020769461285
tail_q90_60d,60,2024-03-14,260,21,True,True,,2023-09-21,142,142,142,0,0.005505133164707633,-0.07915698326246724
tail_q90_60d,60,2024-03-21,261,21,True,True,,2023-09-28,142,142,142,0,0.026905369128923225,-0.04442036836403034
tail_q90_60d,60,2024-03-28,262,21,True,True,,2023-10-05,142,142,142,0,0.0515663539337498,-0.10022192371608014
tail_q90_60d,60,2024-04-05,263,21,True,True,,2023-10-12,142,142,142,0,0.10108950084976456,-0.04845648807291001
tail_q90_60d,60,2024-04-12,264,22,True,True,,2023-10-19,142,142,142,0,0.0011882034656982216,0.021268213356915786
tail_q90_60d,60,2024-04-19,265,22,True,True,,2023-10-26,142,142,142,0,0.12463981927571981,0.09030136779612358
tail_q90_60d,60,2024-04-26,266,22,True,True,,2023-11-02,142,142,142,0,-0.1253313662663378,-0.09175152087948013
tail_q90_60d,60,2024-05-03,267,22,True,True,,2023-11-09,142,142,142,0,-0.12932557403639214,-0.09664683533427916
tail_q90_60d,60,2024-05-10,268,22,True,True,,2023-11-16,142,142,142,0,-0.16622065378433376,-0.21006054179563322
tail_q90_60d,60,2024-05-17,269,22,True,True,,2023-11-24,142,142,142,0,-0.06506618942938991,-0.09704499875311982
tail_q90_60d,60,2024-05-24,270,22,True,True,,2023-12-01,142,142,142,0,0.03418547290288375,-0.07555674771737103
tail_q90_60d,60,2024-06-03,271,22,True,True,,2023-12-08,142,142,142,0,0.018011655710187327,-0.029340452774675133
tail_q90_60d,60,2024-06-10,272,22,True,True,,2023-12-15,142,142,142,0,-0.0969779396509993,-0.11711662625657233
tail_q90_60d,60,2024-06-17,273,22,True,True,,2023-12-22,142,142,142,0,-0.13499625935945986,-0.06204852983396585
tail_q90_60d,60,2024-06-25,274,22,True,True,,2024-01-02,142,142,142,0,-0.07741763780121588,-0.02064372546841831
tail_q90_60d,60,2024-07-02,275,22,True,True,,2024-01-09,142,142,142,0,-0.15101081118462,-0.14361754517583109
tail_q90_60d,60,2024-07-10,276,23,True,True,,2024-01-17,142,142,142,0,-0.20815773977296304,-0.19775100536263257
tail_q90_60d,60,2024-07-17,277,23,True,True,,2024-01-24,142,142,142,0,-0.0051321169091621596,-0.0019426183645542352
tail_q90_60d,60,2024-07-24,278,23,True,True,,2024-01-31,142,142,142,0,0.04515801848735622,0.011703908916974546
tail_q90_60d,60,2024-07-31,279,23,True,True,,2024-02-07,142,142,142,0,0.07046025595621042,0.03250899534987039
tail_q90_60d,60,2024-08-07,280,23,True,True,,2024-02-14,142,142,142,0,0.2532005004285496,0.24930269011779352
tail_q90_60d,60,2024-08-14,281,23,True,True,,2024-02-22,142,142,142,0,0.2551913175227529,0.26403054542101595
tail_q90_60d,60,2024-08-21,282,23,True,True,,2024-02-29,142,142,142,0,0.11077954110618182,0.17156442598456384
tail_q90_60d,60,2024-08-28,283,23,True,True,,2024-03-07,142,142,142,0,0.21817888434610047,0.25791140235251714
tail_q90_60d,60,2024-09-05,284,23,True,True,,2024-03-14,142,142,142,0,0.19731512119884914,0.3012106263529698
tail_q90_60d,60,2024-09-12,285,23,True,True,,2024-03-21,142,142,142,0,0.25389623861305016,0.35766600795069486
tail_q90_60d,60,2024-09-19,286,23,True,True,,2024-03-28,142,142,142,0,0.1842888906119353,0.26774813439482303
tail_q90_60d,60,2024-09-26,287,23,True,True,,2024-04-05,142,142,142,0,0.1335712534393985,0.18042041865835695
tail_q90_60d,60,2024-10-03,288,24,True,True,,2024-04-12,142,142,142,0,0.1725367829653116,0.16097327904340192
tail_q90_60d,60,2024-10-10,289,24,True,True,,2024-04-19,142,142,142,0,0.18470381880630607,0.13223845378475288
tail_q90_60d,60,2024-10-17,290,24,True,True,,2024-04-26,142,142,142,0,0.22927297455316634,0.21403798479015743
tail_q90_60d,60,2024-10-24,291,24,True,True,,2024-05-03,142,142,142,0,0.320674530743455,0.2306812156976976
tail_q90_60d,60,2024-10-31,292,24,True,True,,2024-05-10,142,142,142,0,0.15932194865368374,0.1479638132320182
tail_q90_60d,60,2024-11-07,293,24,True,True,,2024-05-17,142,142,142,0,0.21179569606300205,0.12242686890574216
tail_q90_60d,60,2024-11-14,294,24,True,True,,2024-05-24,142,142,142,0,0.14238533417436625,0.1456628477905074
tail_q90_60d,60,2024-11-21,295,24,True,True,,2024-06-03,142,142,142,0,0.045501696385723954,0.012416411877005224
tail_q90_60d,60,2024-11-29,296,24,True,True,,2024-06-10,142,142,142,0,-0.08508333141236948,-0.143546294879828
tail_q90_60d,60,2024-12-06,297,24,True,True,,2024-06-17,142,142,142,0,-0.3355071658937407,-0.3576534343690472
tail_q90_60d,60,2024-12-13,298,24,True,True,,2024-06-25,142,142,142,0,-0.31955548197681855,-0.26067759031498916
tail_q90_60d,60,2024-12-20,299,24,True,True,,2024-07-02,142,142,142,0,-0.3169359858002352,-0.2864073295598618
tail_q90_60d,60,2024-12-30,300,25,True,True,,2024-07-10,142,142,142,0,-0.33028074712222155,-0.33702018688533525
tail_q90_60d,60,2025-01-07,301,25,True,True,,2024-07-17,142,142,142,0,-0.4568170816297877,-0.4460960076782672
tail_q90_60d,60,2025-01-15,302,25,True,True,,2024-07-24,142,142,142,0,-0.3337594380447243,-0.3429297702597074
tail_q90_60d,60,2025-01-23,303,25,True,True,,2024-07-31,142,142,142,0,-0.4146997743042095,-0.42932284976036855
tail_q90_60d,60,2025-01-30,304,25,True,True,,2024-08-07,142,142,142,0,-0.23611300296946086,-0.3613584497612068
tail_q90_60d,60,2025-02-06,305,25,True,True,,2024-08-14,142,142,142,0,-0.20135124090772877,-0.4076920981326136
tail_q90_60d,60,2025-02-13,306,25,True,True,,2024-08-21,142,142,142,0,-0.1927592934485353,-0.3650592739594838
tail_q90_60d,60,2025-02-21,307,25,True,True,,2024-08-28,142,142,142,0,0.020790417254306977,-0.1403358403658074
tail_q90_60d,60,2025-02-28,308,25,True,True,,2024-09-05,142,142,142,0,0.19467047785897054,0.1662374185598639
tail_q90_60d,60,2025-03-07,309,25,True,True,,2024-09-12,142,142,142,0,0.37462776959330757,0.298909660911459
tail_q90_60d,60,2025-03-14,310,25,True,True,,2024-09-19,142,142,142,0,0.45564354734267837,0.3474017741323705
tail_q90_60d,60,2025-03-21,311,25,True,True,,2024-09-26,142,142,142,0,0.4365149384627958,0.4206973727501148
tail_q90_60d,60,2025-03-28,312,26,True,True,,2024-10-03,142,142,142,0,0.5791915606119982,0.5295175307162122
tail_q90_60d,60,2025-04-04,313,26,True,True,,2024-10-10,142,142,142,0,0.5849460698127165,0.5194125622654241
tail_q90_60d,60,2025-04-11,314,26,True,True,,2024-10-17,142,142,142,0,0.48354851621258577,0.49470128313400724
tail_q90_60d,60,2025-04-21,315,26,True,True,,2024-10-24,142,142,142,0,0.474860171294094,0.44099951591710657
tail_q90_60d,60,2025-04-28,316,26,True,True,,2024-10-31,142,142,142,0,0.4719179531885556,0.40544142701769315
tail_q90_60d,60,2025-05-05,317,26,True,True,,2024-11-07,142,142,142,0,0.40580186969159104,0.3403479948280667
tail_q90_60d,60,2025-05-12,318,26,True,True,,2024-11-14,142,142,142,0,0.2634898814101691,0.3046767436938249
tail_q90_60d,60,2025-05-19,319,26,True,True,,2024-11-21,142,142,142,0,0.3585964529926172,0.30934573367896717
tail_q90_60d,60,2025-05-27,320,26,True,True,,2024-11-29,142,142,142,0,0.25560624571712376,0.15152213683828908
tail_q90_60d,60,2025-06-03,321,26,True,True,,2024-12-06,142,142,142,0,0.3512744372798314,0.2570228692494201
tail_q90_60d,60,2025-06-10,322,26,True,True,,2024-12-13,142,142,142,0,0.2516958618247201,0.14881881678405504
tail_q90_60d,60,2025-06-17,323,26,True,True,,2024-12-20,142,142,142,0,0.21851837105058564,0.2157144623431708
tail_q90_60d,60,2025-06-25,324,27,True,True,,2024-12-30,142,142,142,0,0.23089496658570677,0.2129692303501114
tail_q90_60d,60,2025-07-02,325,27,True,True,,2025-01-07,142,142,142,0,0.27765611673313206,0.20120874031572267
tail_q90_60d,60,2025-07-10,326,27,True,True,,2025-01-15,142,142,142,0,0.28526732482381273,0.2523245409071001
tail_q90_60d,60,2025-07-17,327,27,True,True,,2025-01-23,142,142,142,0,0.2523245409071001,0.2286149571136086
tail_q90_60d,60,2025-07-24,328,27,True,True,,2025-01-30,142,142,142,0,0.27165851828722676,0.2685528436202695
tail_q90_60d,60,2025-07-31,329,27,True,True,,2025-02-06,142,142,142,0,0.29266478202648416,0.2813820880947042
tail_q90_60d,60,2025-08-07,330,27,True,True,,2025-02-13,142,142,142,0,0.4075789358977852,0.3913925451234412
tail_q90_60d,60,2025-08-14,331,27,True,True,,2025-02-21,142,142,142,0,0.20496405003447257,0.23560167731579185
tail_q90_60d,60,2025-08-21,332,27,True,True,,2025-02-28,142,142,142,0,0.214796590882896,0.28773174682674235
tail_q90_60d,60,2025-08-28,333,27,True,True,,2025-03-07,142,142,142,0,-0.046390229488821044,0.036566071028162735
tail_q90_60d,60,2025-09-05,334,27,True,True,,2025-03-14,142,142,142,0,0.061994044313492924,0.12397341944839699
tail_q90_60d,60,2025-09-12,335,27,True,True,,2025-03-21,142,142,142,0,0.1375989907605131,0.18573485250140928
tail_q90_60d,60,2025-09-19,336,28,True,True,,2025-03-28,142,142,142,0,0.015698116687028887,0.023384766267595156
tail_q90_60d,60,2025-09-26,337,28,True,True,,2025-04-04,142,142,142,0,0.09297534949317988,0.08092566708089632
tail_q90_60d,60,2025-10-03,338,28,True,True,,2025-04-11,142,142,142,0,0.03994417329748466,-0.0028604898248290518
tail_q90_60d,60,2025-10-10,339,28,True,True,,2025-04-21,142,142,142,0,0.12814365736151773,-0.010040004945608782
tail_q90_60d,60,2025-10-17,340,28,True,True,,2025-04-28,142,142,142,0,-0.056880787776802166,-0.05681791986856416
tail_q90_60d,60,2025-10-24,341,28,True,True,,2025-05-05,142,142,142,0,-0.09048997152083757,-0.1118315307706977
tail_q90_60d,60,2025-10-31,342,28,True,True,,2025-05-12,142,142,142,0,-0.16542013575276987,-0.1382989201388962
tail_q90_60d,60,2025-11-07,343,28,True,True,,2025-05-19,142,142,142,0,-0.19448606532813906,-0.2173448367634763
tail_q90_60d,60,2025-11-14,344,28,True,True,,2025-05-27,142,142,142,0,-0.0684526740864769,-0.1304739611602063
tail_q90_60d,60,2025-11-21,345,28,True,True,,2025-06-03,142,142,142,0,-0.08022573770251325,-0.025568378280395064
tail_q90_60d,60,2025-12-01,346,28,True,True,,2025-06-10,142,142,142,0,-0.16922154860422767,-0.08664664673055443
tail_q90_60d,60,2025-12-08,347,28,True,True,,2025-06-17,142,142,142,0,-0.3059466754402325,-0.2074997223334053
tail_q90_60d,60,2025-12-15,348,29,False,True,,2025-06-25,142,142,142,0,-0.16824919162347993,-0.1561324501090758
tail_q90_60d,60,2025-12-22,349,29,False,True,,2025-07-02,142,142,142,0,-0.1935514290923341,-0.16126666261517925
tail_q90_60d,60,2025-12-30,350,29,False,True,,2025-07-10,142,142,142,0,-0.1906762700889162,-0.1970007816576591
tail_q90_60d,60,2026-01-07,351,29,False,True,,2025-07-17,142,142,142,0,-0.19129656678353116,-0.20897921377393958
tail_q90_60d,60,2026-01-14,352,29,False,True,,2025-07-24,142,142,142,0,-0.038762256622610236,-0.07861631925162044
tail_q90_60d,60,2026-01-22,353,29,False,True,,2025-07-31,142,142,142,0,0.06198566192572785,0.06314662263118961
tail_q90_60d,60,2026-01-29,354,29,False,True,,2025-08-07,142,142,142,0,0.05244231345519928,0.14865955141651876
tail_q90_60d,60,2026-02-05,355,29,False,True,,2025-08-14,142,142,142,0,0.34095990913491664,0.31253942341745755
tail_q90_60d,60,2026-02-12,356,29,False,True,,2025-08-21,142,142,142,0,0.378261534689464,0.32871743180403656
tail_q90_60d,60,2026-02-20,357,29,False,True,,2025-08-28,142,142,142,0,0.34135807255375733,0.3205697508963916
tail_q90_60d,60,2026-02-27,358,29,False,True,,2025-09-05,142,142,142,0,0.40512708747650317,0.40872732302159936
