,panel,mom_slow,mom_fast,hedge_book,w_panel,w_mom_slow,w_mom_fast
2024-01-03,-0.02741546304397402,-0.0037815183742080003,-0.01720595807787843,-0.018954600635008617,0.5,0.25,0.25
2024-01-04,-0.004825901863910668,0.012476285633481613,0.005300261102067383,0.0020337145206087747,0.5,0.25035239130883535,0.2496476086911647
2024-01-05,0.002580500750843188,0.009977021624550497,0.0034255296549147163,0.0046444309888827645,0.5,0.2505407613428035,0.2494592386571966
2024-02-02,0.013060042658733803,0.08433700195892646,0.010499680839934541,0.03029181861386925,0.5,0.25071273691934576,0.24928726308065435
2024-02-05,-0.04933533512566705,-0.009168359013630445,0.008792008897522333,-0.02479317843776207,0.5,0.2517495936640587,0.24825040633594125
2024-02-06,0.0723848868620612,-0.0037738180216640624,-0.003671411463936791,0.03433100516854177,0.5,0.2512781514340617,0.24872184856593837
2024-02-07,0.03316679752632368,0.029200474395036924,0.02532702966314167,0.030236836420211376,0.5028204210881174,0.24985805810062278,0.24732152081125985
2024-02-08,0.03170509901514925,0.003216864852224721,0.006402281935004546,0.018337153997502152,0.5031297805915319,0.24980362781531065,0.24706659159315744
2024-02-09,0.016124359317149544,0.020586896912095476,0.011865966123875324,0.016186110041384746,0.504542158238212,0.2490106936843535,0.24644714807743437
2024-02-12,-0.019058742576392545,-0.010450956362494232,-0.017105085611981652,-0.01643229392783695,0.504535510709246,0.24924087528990865,0.24622361400084541
2024-02-13,-0.015161748213963136,-0.005320337125702716,-0.0217676818080977,-0.014332090627554485,0.5042571696318291,0.24955406984219802,0.24618876052597283
2024-02-14,0.014659426782164142,0.02602610498724811,0.017877169697096518,0.018292334255269157,0.5041689409786753,0.2500266014381163,0.24580445758320837
2024-02-15,0.00905532020766057,-0.004056459693979979,0.0067004869035411545,0.0051929216481146,0.5037842112712106,0.2504328779356702,0.24578291079311906
2024-02-16,0.01965431496555936,-0.006892420604997247,-0.001627169928424858,0.007786766454689691,0.5041926704478509,0.2499467542038614,0.2458605753482876
2024-02-20,-0.04505128024238262,-0.009524319443990606,-0.00578666359702477,-0.02656426702615964,0.5054491446281282,0.24917664164918363,0.24537421372268808
2024-02-21,-0.019829535804957204,-0.05075406733431279,-0.056040116816058284,-0.0364866971233517,0.5034867600587464,0.2500679541777671,0.2464452857634866
2024-02-22,0.07061640666337987,0.18901430707363306,0.13379349763808,0.11564951242560692,0.5050705921142569,0.2492702601587122,0.24565914772703087
2024-02-23,-0.028277881814170753,-0.04130702802349776,-0.03632063654120247,-0.03350143675103576,0.5050705921142569,0.24927026015871218,0.24565914772703087
2024-02-26,0.01029590622841329,0.02584606195812193,0.01611841842003862,0.015595252250155171,0.5056245868381796,0.24886182783013042,0.2455135853316901
2024-02-27,0.009905686168935132,-0.006123642437055062,-0.00656529043888876,0.0018637160606069939,0.5050617588384441,0.24939789992036496,0.24554034124119103
2024-02-28,-0.017425672995842117,-0.016467971911618935,-0.018857282789324376,-0.017538120777502032,0.5059146982396749,0.24897956172497052,0.24510574003535462
2024-02-29,0.04870002068971694,0.03211287651156244,0.004947953733054715,0.03384832043639454,0.5059266370574064,0.24903551756081457,0.24503784538177903
2024-03-01,0.054041488930239336,0.03796674208186731,0.01619830349671832,0.04082295257920318,0.5075034689962903,0.2489430363094633,0.24355349469424625
2024-03-04,0.0001812564816282558,0.06472507446400085,-0.010278299378579233,0.013710804049734323,0.5086994157227809,0.24889991632493788,0.2424006679522811
2024-03-05,-0.027645445639822668,-0.007981252710923648,-0.005337729382731434,-0.01732554004828599,0.5076405822514737,0.25099403853486707,0.2413653792136593
2024-03-06,0.0014194480422723421,0.023719601213528046,0.017929771939191763,0.01102268957144295,0.5065403887966853,0.2514864340836492,0.2419731771196656
2024-03-07,0.00495799824455001,0.021671863122992335,0.014756372407295585,0.011546901869939579,0.5055187865018803,0.2521573306617942,0.24232388283632558
2024-03-08,-0.007462633791160152,-0.02231428663798189,-0.011627541850359044,-0.012225489943246506,0.5048192392230298,0.25269376825520734,0.24248699252176284
2024-03-11,-0.04465402570362768,-0.035550271768603404,-0.010523898865316794,-0.03408129010667581,0.5053239969259068,0.25215875893093764,0.24251724414315562
2024-03-12,0.02076611943467969,0.07586910582907169,0.03654695326056393,0.03850256364834254,0.5042011512404996,0.2520799173711316,0.24371893138836873
2024-03-13,-0.008082368230573733,0.009236988789194248,0.010282469497602845,0.0007801676057237346,0.50301337275193,0.2530347275272036,0.2439518997208664
2024-03-14,-0.03796475768575428,-0.0245601042273537,-0.024115158712380902,-0.03118151300222006,0.5020771872268988,0.2534840542761685,0.2444387584969328
2024-03-15,-0.004588238206086337,-0.022231580142901386,-0.016664472432963245,-0.012023042868278003,0.501361983585536,0.2538365081427548,0.24480150827170918
2024-03-18,0.004513881182367212,0.001121729827088691,-0.01686621933357328,-0.001574100628640957,0.5021447178772362,0.2532925861905626,0.2445626959322011
2024-03-19,-0.029349804041167493,-0.03072505969615243,-0.019039507896738656,-0.027184917709005583,0.5027862482958273,0.25343558830822105,0.2437781633959516
2024-03-20,0.02263934832552646,0.004301842717387354,-0.00497021907675262,0.011253298533476293,0.5025574798503483,0.25324712549535067,0.24419539465430112
2024-03-21,0.02256437576287133,0.04770164374755903,0.01966295527221777,0.028214908951663772,0.5037589946759914,0.2528769138462974,0.24336409147771135
2024-03-22,0.004731276648133109,0.0031656835659025586,-0.004616267786138439,0.00206298362775247,0.503160140180729,0.2539131326590736,0.24292672716019728
2024-03-25,-0.0016952137847466113,0.02430272447428598,-0.0034644321123938893,0.004478342959937978,0.5034419972591587,0.25397185490921137,0.24258614783163
2024-03-26,-0.021444126913709487,-0.011303615231551064,0.005145083578799392,-0.012418580701509094,0.5027882440250048,0.2550306182352267,0.24218113773976857
2024-03-27,-0.0005304623281631171,-0.015591249387649997,0.01695322326687602,-0.00012245957597379568,0.5018348953365244,0.2550896860518682,0.24307541861160742
2024-03-28,-0.0012416155678568834,-0.0012122010071637934,-0.007981958019473026,-0.002878429065460519,0.5017904389785305,0.25426164531764633,0.24394791570382326
2024-04-01,0.001468968440109945,0.003792583977737999,0.002302058272087256,0.0022629942009245946,0.5019628564746925,0.2543505819184609,0.24368656160684668
2024-04-02,-0.012306449144887358,-0.010581284756821999,-0.005001099404296457,-0.010087281489730336,0.5018791533579953,0.2544322908556234,0.24368855578638143
2024-04-03,0.02585128552382887,0.018951070770411065,0.02606935179419556,0.024149027573926285,0.501645221734603,0.2544058476572401,0.24394893060815687
2024-04-04,-0.014512436226257383,-0.04856017398031146,-0.004566240023133994,-0.020737585977122122,0.5018244769257605,0.25412824544941043,0.244047277624829
2024-04-05,0.015184450949053444,0.023900413645318586,0.030671746672833827,0.021178972250635402,0.5024778329238709,0.2526462104449007,0.24487595663122824
2024-04-08,0.02298444511721968,-0.014825586567346005,-0.008224859699100917,0.0057687803879637525,0.5018452221677109,0.2527904055853134,0.24536437224697566
2024-04-09,-0.008195130776732914,-0.024566817037665462,-0.01422602982427553,-0.013791264016900055,0.5036594456896247,0.2516978069667373,0.24464274734363792
2024-04-10,0.0007944086422297936,0.007944837560221648,0.0029836464441646746,0.0031256178760559567,0.5042511874849448,0.25112864311385025,0.24462016940120507
2024-04-11,0.025333990483389874,0.030416782943505433,0.004424961870208392,0.021497100803085055,0.504004294401356,0.25138287546866167,0.24461283012998247
2024-04-12,-0.0274843560184402,-0.03219276774924299,-0.012037846361562576,-0.024905302335602536,0.5044094607780204,0.25185364256565984,0.2437368966563197
2024-04-15,-0.05776698191616866,-0.03689516728543633,-0.011647662353061583,-0.041247002730164906,0.5041357110353109,0.2514681919539066,0.24439609701078263
2024-04-16,0.006416382821567719,0.047788952920635376,0.0014162049628745343,0.015592539438669534,0.5027935994574598,0.2514898850272552,0.24571651551528495
2024-04-17,-0.022028784746639163,-0.014025576029231934,-0.011531920320216807,-0.017430853986002567,0.5018217474876061,0.253194061191137,0.24498419132125698
2024-04-18,-0.008097618351359507,-0.01759877508193497,-0.009294214080624733,-0.010798484807229631,0.5013371956148454,0.2533750638314833,0.24528774055367134
2024-04-19,-0.032150914788029374,-0.13516306187189364,-0.019840311200973775,-0.05519377505320753,0.5016214495445176,0.25301339819224977,0.24536515226323252
2024-04-22,0.043923447462446585,0.010301232486435627,0.011584622138103665,0.027487923760603283,0.5017777290922323,0.2521453323540186,0.2460769385537491
2024-04-23,0.04556777193691867,0.039931738902227044,0.03834665951938954,0.04238078677139888,0.5035095643181381,0.2512354201807081,0.24525501550115383
2024-04-24,-0.0012207389958801551,0.02041062697819303,-0.007306392455891227,0.002719757981620671,0.5038465414886598,0.25110618425399867,0.24504727425734155
2024-04-25,0.005760777279487872,0.04750399257463848,0.014882399229279327,0.01851226668150558,0.5034285452108833,0.25204018189206895,0.24453127289704768
2024-04-26,0.04904073300265677,0.04569080409837101,0.036359341958836756,0.04509265229936464,0.5020789700207382,0.25357768712274115,0.24434334285652062
2024-04-29,-0.023433155627186397,0.02653193813700705,0.015732669125370746,-0.001209170650259583,0.5024951206689523,0.2536093930574222,0.2438954862736256
2024-04-30,-0.03658111921631472,-0.024080741710583387,-0.019772825238530745,-0.029278388305467824,0.5001497590727346,0.2550882522104993,0.24476198871676602
2024-05-01,-0.009909004787337769,-0.06462924923208109,-0.012693305999012564,-0.024547503049037543,0.5,0.255051643067651,0.24494835693234895
2024-05-02,0.056558065635252674,0.025664830153311263,0.010582973013543976,0.03744621010348234,0.501143345476111,0.25349168404735306,0.245364970476536
2024-05-03,0.00684010920179116,0.018857522238009333,0.005509050550679666,0.00955599499622338,0.5028100502072839,0.25303831460762544,0.2441516351850906
2024-05-06,0.028629642283569828,0.043038287117601014,0.022364057905962742,0.030754255599071592,0.502523033165305,0.25353289708957594,0.24394406974511904
2024-05-07,-0.02550624452531347,-0.009429138479415696,0.0048657407168313975,-0.014023632619857004,0.5022982337810015,0.2541874431572904,0.24351432306170817
2024-05-08,-0.0037720828878577972,0.01467882816298697,0.005918906927322294,0.0032916841851210743,0.5010867250847446,0.2544319232052857,0.2444813517099697
2024-05-09,0.04296195983563115,-0.005904252589533717,0.0016933249153163004,0.02040411852925726,0.5003433099409755,0.25504073865625587,0.24461595140276862
2024-05-10,0.011559726204722195,-0.010888872832908477,-0.01239470346653874,2.9437311606724144e-05,0.5027134046057632,0.25363269559459994,0.24365389979963695
2024-05-13,-0.009279171516398713,-0.0067348109371448235,-0.018252428655894676,-0.010815984015990349,0.5039306334603281,0.25305106981029996,0.2430182967293721
2024-05-14,0.026420070278979264,0.03131085608729552,0.005423905018765218,0.022564261336688568,0.5040930841611224,0.2532679340641123,0.24263898177476528
2024-05-15,0.07741830555445173,0.08445344384415836,0.024533219445811067,0.06641750196132327,0.5045003325403876,0.25373301151547945,0.24176665594413282
2024-05-16,-0.022685713258711788,-0.0410360272907467,-0.016213872836534565,-0.025789466427849843,0.5051517371146788,0.25406062843402055,0.24078763445130072
2024-05-17,-0.005218365567351964,-0.014370968023810956,-0.0014734598733998256,-0.006632703512303589,0.5054801383141719,0.2532480036189927,0.24127185806683543
2024-05-20,0.014193420525415354,0.022961654653440577,0.0032934341417243753,0.01377764218790628,0.5056300418742931,0.2528366748585478,0.24153328326715914
2024-05-21,-0.0013268752272013555,-0.00034651117539419296,0.009452558462296054,0.001519338298316017,0.5056736573862067,0.2533245091056325,0.2410018335081608
2024-05-22,0.014328145390281266,-0.0076832574167015055,-0.008630451559146768,0.003212017341972806,0.5053712795221666,0.25322515628550496,0.24140356419232836
2024-05-23,-0.008568286733450114,0.024878282890022734,-0.008642137805284408,-0.00013593719702715678,0.5065509782816419,0.252645733553042,0.2408032881653162
2024-05-24,0.03180981650148899,0.039164302767798,0.016392191543084172,0.029971701955733475,0.5056524137191409,0.25397518401099045,0.24037240226986858
2024-05-28,0.009652360906176901,0.016642650737098513,0.004299622695398075,0.010148164230681073,0.5058468827474806,0.2544655644130334,0.23968755283948617
2024-05-29,-0.007255765744686597,-0.019332395539148783,-0.0077614541969263096,-0.010454103334796287,0.505794004827508,0.25481274497214007,0.23939325020035196
2024-05-30,-0.006374265563594291,-0.020235082704629852,0.012485304346919598,-0.005382192694846619,0.5061335347858352,0.2543379528275831,0.23952851238658174
2024-05-31,-0.10056216391458032,-0.033821051427971205,0.007839535121953603,-0.05757744884037411,0.5060266150208067,0.25354513728960615,0.24042824768958712
2024-06-03,-0.0192069084924081,-0.02592141309295633,-0.02462683805840027,-0.022222697946508364,0.5041104777462917,0.2534446920523017,0.2424448302014066
2024-06-04,-0.001608744706156055,-0.0172624020958481,-0.002327507628895812,-0.005747172264941016,0.5044297348417096,0.2532478575557487,0.24232240760254165
2024-06-05,0.022600554081395385,0.03977348325810345,0.003464910732779695,0.02229873151957708,0.5048678087455768,0.25263594304202464,0.24249624821239857
2024-06-06,-0.03345531534138405,-0.044823929896666094,-0.004199071169864103,-0.02927148495884037,0.5048979928654693,0.2535638313788828,0.24153817575564798
2024-06-07,-0.02292937385019041,-0.003428457036595297,-0.01176395715379889,-0.015289695871132011,0.5044521104811849,0.2527358010847454,0.2428120884340696
2024-06-10,0.017694427015519192,0.025077366734032564,0.01140486918446304,0.018036701434707446,0.5036426949617365,0.25336573523120925,0.24299156980705425
2024-06-11,-0.008261685116152958,-0.014866146817174871,-0.014921412564784816,-0.011553509128151238,0.5036062368087761,0.2537404932065342,0.24265326998468958
2024-06-12,0.009581139667171593,0.018448746921211494,0.00010843606449247496,0.00953268860598792,0.5039543694515686,0.25356397755395665,0.24248165299447477
2024-06-13,0.0171027614771605,0.026772461850995983,7.130419826865501e-05,0.015437595137081334,0.5039590337654183,0.25403895490772843,0.24200201132685334
2024-06-14,-0.005857745630283702,-0.03392234648446457,0.0031860016114487744,-0.010822674297593681,0.5041342783012435,0.2546438579203,0.24122186377845659
2024-06-17,0.020828647989903026,0.004803682060177968,-0.006766686272824914,0.010091572862564683,0.5046580052994994,0.25341049709066776,0.24193149760983274
2024-06-18,0.0483735509754731,0.026173954749838375,-0.007706814537929096,0.029234581105702498,0.5057956905338432,0.2531285039766322,0.24107580548952473
2024-06-20,-0.020924879358043363,-0.021184329677676212,0.01616690187382271,-0.012117780986155447,0.5078268887619802,0.252962984241424,0.23921012699659586
2024-06-21,0.009631778653061676,-0.008026002647313716,-0.003604223313834217,0.0019885044400980685,0.5068857202435728,0.2524804048339022,0.2406338749225249
2024-06-24,-0.030502964836594575,-0.028152533821629782,0.006785535896457029,-0.020948442728117658,0.5076992703434167,0.251949637780002,0.24035109187658132
2024-06-25,0.029904064098329092,0.030199476966070688,0.020905640904016105,0.027802978159187315,0.5066788856740853,0.25156740474460215,0.24175370958131262
2024-06-26,-0.02512492197673148,-0.02511258556538054,0.003130637201948209,-0.01830081998398187,0.5069023262942748,0.2516939573813423,0.2414037163243829
2024-06-27,0.014736111635487529,-0.005171120852263751,0.006707409439267324,0.007785865131840467,0.5061747913670345,0.25133336307398174,0.2424918455589838
2024-06-28,-0.004422166638070786,-0.007169029856146203,-0.013562074427192298,-0.007326515995424717,0.5069133713008823,0.25065005306893984,0.24243657563017784
2024-07-01,0.012359952750491695,-0.002551492342742101,-4.96369896871481e-05,0.005617675236083799,0.5072224855601417,0.25065826697712545,0.24211924746273292
2024-07-02,0.0055057843078495,0.0035302424744322325,0.008929503197432501,0.0058394091084118145,0.5079406268410691,0.25022836262804815,0.24183101053088285
2024-07-03,0.016284592189869218,0.049066320249190776,0.0035907666307959385,0.02141177973495502,0.5079049997132856,0.25010702965069104,0.2419879706360234
2024-07-05,-0.01136059289971414,-0.019898048006002773,0.01670846378301727,-0.00674133403368965,0.5073552759477242,0.2515621775415803,0.2410825465106954
2024-07-08,0.027709580870892037,0.009471099573421146,-0.004012866460687177,0.015448696251922592,0.5068612662030691,0.25086705814214466,0.24227167565478622
2024-07-09,-0.0027414070265293633,0.008438255833087216,0.003501328956439953,0.0015659364000680952,0.5081660252432043,0.2505513663950439,0.24128260836175175
2024-07-10,0.0166802633176321,0.02220660165579617,0.009324089489700427,0.016291256515533266,0.5077063273265564,0.25091309729052197,0.24138057538292162
2024-07-11,-0.03226155222553839,-0.020533662089242417,-0.02295637912258819,-0.02707241142666117,0.507747573960829,0.2512248668987169,0.24102755914045396
2024-07-12,0.014008938017066411,-0.0057577543958997985,0.006558322560114386,0.0072388775134838886,0.5071942541462354,0.2515699120194849,0.24123583383427968
2024-07-15,0.0026568787235879596,-0.00497010168361763,0.00924116693026685,0.002331529279326021,0.5079151142944112,0.2508838760823072,0.24120100962328148
2024-07-16,-0.011021965561697433,0.010734696732160728,0.011831777861356215,-5.158866642452232e-05,0.5079495385816696,0.25049934217563447,0.241551119242696
2024-07-17,-0.07358051655229336,-0.07685528233761012,-0.008707183037784135,-0.05869336399125007,0.506779291950165,0.2510667077193116,0.24215400033052342
2024-07-18,0.004833245153725778,0.015249717184561437,-0.019726180592558002,0.0014566374359561,0.5057127603762096,0.2505383306226049,0.24374890900118557
2024-07-19,-0.0070505177822440075,0.0012896075863583583,-0.01312493207705164,-0.00642899780968701,0.5060696667821475,0.2512641772729223,0.2426661559449303
2024-07-22,-0.02904493574725135,0.036901436330578775,0.0017938396356872814,-0.004975096962630512,0.5060033286592579,0.25167163887666516,0.24232503246407694
2024-07-23,-0.0028102775925626564,0.012467283503297474,-0.0010010956752611506,0.0015075755743104674,0.5034438181345466,0.25389043895954666,0.24266574290590662
2024-07-24,-0.05685361407688627,-0.08789545864124974,-0.010603686983512994,-0.05353564267098722,0.5029870682828793,0.2544752181070322,0.24253771361008852
2024-07-25,-0.011878062613108087,-0.024162616695781125,-0.012364896827664765,-0.01511670824551052,0.501975641282121,0.2539635089143964,0.24406084980348255
2024-07-26,0.017223603316891767,0.021887088940723,0.004541212905671295,0.01530864775630662,0.502316850024675,0.25348137157229544,0.24420177840302965
2024-07-29,-0.012836334285187193,-0.0016108325275411284,0.0018344564692408898,-0.006412409457302355,0.5025184371838421,0.2538315610660555,0.24365000175010249
2024-07-30,-0.02852671681374978,-0.0487599535875309,-0.01798492600115135,-0.031094770226121803,0.501840507078559,0.25408739459654445,0.24407209832489657
2024-07-31,0.015291861647838542,0.08436680157735355,0.004709681135715867,0.030187968423449965,0.5021098399616744,0.25314586081630724,0.24474429922201843
2024-08-01,-0.03102561682729658,-0.05612554715060788,0.006339555304695173,-0.028304988572909452,0.5014536547377244,0.2546644626653085,0.24388188259696716
2024-08-02,-0.06487612673179843,-0.049969493532101304,0.009941936971707532,-0.04272464712047125,0.5009985126212047,0.25342151458991635,0.24557997278887891
2024-08-05,-0.043200795418203174,-0.032340355158408864,-0.029512265616042477,-0.037070216433321576,0.5,0.2523561950593601,0.2476438049406399
2024-08-06,-0.0017179118685545964,0.021814008113070882,0.017499619751995394,0.008979296311332124,0.5,0.2522819640975486,0.2477180359024513
2024-08-07,-0.03355886176332642,-0.032399449835024664,0.007762365755817753,-0.023034897758483757,0.5,0.25239520688005834,0.24760479311994157
2024-08-08,0.05790433701483274,0.058317554264795346,0.013991197428900795,0.04708879894636536,0.5,0.2513410196498898,0.24865898035011003
2024-08-09,0.0051567607302221985,0.00022795443074389668,0.0026554867121249734,0.0032971873352479935,0.5009383728283348,0.2518127228168606,0.24724890435480468
2024-08-12,0.029725165390552883,0.020519648756026188,-0.00042373129494414446,0.019955316467342023,0.5011339862050856,0.2516504486750009,0.24721556511991347
2024-08-13,0.031382849298640325,0.04215318998172209,0.0084933817000028,0.028459073559748714,0.5021615362484776,0.2516794384448476,0.24615902530667483
2024-08-14,0.03319221423554778,0.02629420219877458,-0.0003814955719219082,0.02322126656351295,0.502468297890278,0.25240341874054883,0.24512828336917325
2024-08-15,0.08442146507621724,0.03137762105618195,-0.0014597944942257672,0.05007667948795538,0.503519422902576,0.2525653004693417,0.24391527662808224
2024-08-16,-0.012712911907234522,-0.010810137852268439,0.003403798028502066,-0.008329541340286363,0.5053424312032129,0.25249037402241187,0.2421671947743753
2024-08-19,0.004827349661932138,0.014920592002315658,-4.861492810803725e-05,0.006190755906017229,0.5048769767648182,0.2523586313324184,0.24276439190276342
2024-08-20,0.0037219287098293474,-0.007524564110505949,0.007026687907479401,0.001679800000953845,0.5047321136960906,0.25282153088215126,0.24244635542175832
2024-08-21,0.01121153867062108,0.0053644298377508726,0.0220265446877268,0.012361122130569823,0.5049482740107832,0.2523331505789784,0.2427185754102383
2024-08-22,-0.018017526927658123,-0.01049887309165635,0.006897825666476454,-0.010063407073204193,0.5048259904484714,0.2519624700016493,0.24321153954987926
2024-08-23,0.01723624715457291,0.016877909755328657,0.0064371333232858445,0.014510133073571909,0.5039823168344153,0.2519388628763854,0.24407882028919925
2024-08-26,0.002618927127102396,-0.006266324179297326,0.0029576136944822937,0.00046180085518838414,0.5042706870885875,0.2520640493322042,0.24366526357920823
2024-08-27,0.008011289906154776,0.011219082336934324,0.001441544476545061,0.00721705970347067,0.5044990018357423,0.25170807318915334,0.2437929249751044
2024-08-28,-0.011895043956256438,-0.0043892259638134146,0.004472435582115668,-0.006018743121588231,0.5045830145569197,0.2519196344797152,0.24349735096336517
2024-08-29,-0.008159178780640616,-0.017878058666841445,-0.0007021427526938314,-0.008788619465567943,0.503960232450873,0.25200560624951807,0.244034161299609
2024-08-30,0.03682010268288242,0.010069006515968612,0.009341852895009476,0.023374514527243904,0.5040264406858873,0.25152483616026877,0.24444872315384394
2024-09-03,-0.07604704764922432,-0.045473816339290596,0.010657116036484412,-0.04724633804916454,0.5054495591999811,0.2508220008827186,0.24372843991730034
2024-09-04,0.009072008681925222,-0.002764835040023191,0.001827093080836173,0.004327770865160955,0.5037554355776406,0.25021903648832533,0.246025527934034
2024-09-05,-0.005929655828458724,-0.003226202240889172,-0.009347621630006242,-0.006094672339761082,0.5042572890437347,0.24984648557680525,0.2458962253794602
2024-09-06,-0.0398346147969452,-0.020697418510472947,0.002823136349798583,-0.024568157136939744,0.5042747116684837,0.2499970073716318,0.2457282809598844
2024-09-09,0.029957226091809286,0.01665370030026425,0.020558719187486457,0.02430591629959337,0.5026572276826872,0.25019861388470616,0.2471441584326067
2024-09-10,0.0046478025117765815,0.005225389422306252,0.0010287572277598207,0.003898360138523324,0.5032537436632245,0.24979668803418464,0.2469495683025908
2024-09-11,0.06213784410502984,0.016589405628901915,-0.007680456403623766,0.033525613363986295,0.5033329228444763,0.2498662949310708,0.2468007822244529
2024-09-12,-0.005207947763779382,0.007081365275659723,-0.0035982786013231127,-0.0017499309039601294,0.5057191189562448,0.24929559437365525,0.24498528667009994
2024-09-13,0.027067824929612943,0.005177159911337825,0.008614563238009465,0.017081430941571458,0.5053517138854712,0.24975821498905088,0.24489007112547792
2024-09-16,-0.00708286415753175,-0.0054998603226629195,-0.0023801050373194834,-0.0055388734726320304,0.5064114666497485,0.2491340572758452,0.24445447607440643
2024-09-17,0.010678197174232018,-0.004624646182171732,-0.013079651381767587,0.0010541410648815114,0.5062472546909368,0.24913607834468832,0.24461666696437478
2024-09-18,-0.002801182101833962,-0.008750894714631788,-0.006729294025579387,-0.005239731832850911,0.5072702805277132,0.2488385799917393,0.24389113948054747
2024-09-19,0.01850581517074919,0.013886610672019831,-0.011981888790341863,0.009923872072017897,0.5075300437104198,0.24865513160961794,0.2438148246799622
2024-09-20,0.005791447537360421,-0.0016189773535397374,0.011250006820962147,0.005272044552974151,0.5084437703729552,0.24886127464316338,0.24269495498388138
2024-09-23,0.015875390346200113,-0.000808878680992553,0.013819189054759798,0.011229671634738625,0.5084990004503028,0.24850129129212936,0.24299970825756764
2024-09-24,0.007423020853305928,0.012082334170749923,-0.008502334939599251,0.004705983886781003,0.5089947892533428,0.24787358414329302,0.24313162660336426
2024-09-25,0.0023907607915126805,0.005659714147196089,0.007771223850099984,0.004506838584670917,0.5092846236066978,0.24825751976691157,0.24245785662639055
2024-09-26,0.020477298401248418,-0.005199292606356172,-0.012502805558851637,0.00609958097548172,0.5090583015425549,0.24831760270764827,0.24262409574979674
2024-09-27,-0.01143615024733613,-0.007640997105827552,0.0019393326745902328,-0.007263438943028925,0.5105951478569223,0.2477278957861647,0.24167695635691303
2024-09-30,-0.0032870187225474043,0.004211018717376873,0.006680259791705352,0.0009838256362282856,0.5101475941803918,0.24770809430644763,0.24214431151316057
2024-10-01,-0.030430445702742042,-0.017555931006522568,0.006369341505017075,-0.018317642300321728,0.5096900376041438,0.2478759176820733,0.24243404471378305
2024-10-02,0.009944151336137649,0.005882885232217398,0.005062832218017547,0.007747762106768196,0.5083926939774366,0.2479143526158173,0.24369295340674607
2024-10-03,-0.005264101623090989,0.005207209378294182,-0.005253531985719799,-0.00266655578399696,0.5086271831172069,0.24781725466643062,0.24355556221636254
2024-10-04,0.017839855629260788,0.02145870065430877,0.0023561323190335695,0.014969054498907699,0.50834958142977,0.2482272453065634,0.24342317326366655
2024-10-07,-0.006764805405070999,-0.005830822235105855,-0.025356648938197224,-0.011046358292769972,0.5086555433864175,0.24856547404270826,0.24277898257087419
2024-10-08,0.016962452246128985,0.01696733624797897,-0.0017753512012845807,0.012428179680552806,0.5091123563283694,0.24883750683737085,0.24205013683425988
2024-10-09,0.03365066900537683,0.0034370497515267364,-0.006718841119430404,0.01638289863873505,0.5095966391484468,0.24907446393780466,0.2413288969137487
2024-10-10,0.005599980195670169,-0.007948963585293253,-0.00878849275760274,-0.001221054578452869,0.5114442731038488,0.2483964767003275,0.24015925019582363
2024-10-11,0.057724353714924126,0.010504686486311532,0.01940662445552932,0.03682399254960208,0.5121768486538559,0.24804550797939848,0.23977764336674567
2024-10-14,0.01761551172822129,0.008734126186459523,0.008907186148370346,0.013340707900166261,0.5140192607243793,0.24688162666003718,0.2390991126155834
2024-10-15,-0.03081626856495027,0.005816859866814572,0.002273749844848553,-0.013876542994460965,0.5144806882182948,0.2466428081267773,0.23887650365492802
2024-10-16,0.00979737640182913,0.010012406621323485,0.023735594369376518,0.01319143316920096,0.5126503009719707,0.24766327084475354,0.23968642818327573
2024-10-17,0.004081269087076178,-0.0035311346493820763,-0.00365939904572384,0.00033777151657106853,0.5122846424754716,0.2474977957062183,0.24021756181831014
2024-10-18,-0.013832947048704858,0.006188249334883859,0.007376629221927204,-0.003791134861395435,0.5126873590173765,0.24729671248967372,0.24001592849294964
2024-10-21,-0.006363801576825627,-0.006976718687891699,0.02974955717101091,0.002172421187242972,0.5116061542629948,0.24781492771642416,0.24057891802058098
2024-10-22,0.003639838862253756,-0.005914067881424345,0.00013651906622780263,0.0004290797736415336,0.5106871499111388,0.24733793719413424,0.24197491289472692
2024-10-23,-0.021229218236899938,-5.412864938262688e-05,0.0018970928928988922,-0.010403147463824272,0.5110314299792998,0.2470086043393697,0.24195996568133055
2024-10-24,0.07687276654957782,-0.004304384151176103,-0.0044299422751725714,0.03705491462560517,0.5098695501245207,0.24754533922661165,0.24258511064886767
2024-10-25,-0.00104894426753314,-0.007702336634017352,-0.015446722576681485,-0.006158706942673878,0.5127223282720725,0.24610772648815832,0.2411699452397691
2024-10-28,0.028310851160699608,0.009571660676038244,0.012058372808193404,0.019788521243698107,0.5132724068270181,0.24602777196407444,0.24069982120890734
2024-10-29,0.003971374107097951,-0.0035638871249465596,0.009103837732020318,0.0033548442129127222,0.5141909505759708,0.2455000565710741,0.2403089928529551
2024-10-30,-0.015344207846313703,-0.0017027927764986517,-0.006192881617165025,-0.009798301805394649,0.5142573023367648,0.2451435127979995,0.2405991848652356
2024-10-31,-0.02929364269940593,9.231096592661932e-05,0.009641972475600983,-0.012702649618146164,0.5136583296256496,0.2455604355851104,0.24078123478923996
2024-11-01,-0.0041059761528606424,-0.006517419978482912,-0.020766425687425483,-0.008730085195409208,0.5118683951788492,0.2462194905009077,0.2419121143202431
2024-11-04,0.002141040939612019,-0.004600327627096353,-0.016972120670605717,-0.004131613388367375,0.5123651600762419,0.24633366914061924,0.24130117078313884
2024-11-05,0.018169828549792284,0.017865994373238585,0.024446646315529508,0.019605514269336925,0.5130398431563455,0.24630909799698666,0.24065105884666782
2024-11-06,0.049250784943217184,0.04309719373738,0.03444453228880059,0.04416888921186704,0.5128851038451485,0.24621909750072005,0.2408957986541314
2024-11-07,0.03254095482299676,-0.007864786957043512,0.18767059174315892,0.05988834806982798,0.5134323350947394,0.24616349361929135,0.2404041712859693
2024-11-08,-0.01086472466386675,0.0193160566075344,0.06506248933185572,0.014852954799919781,0.5140475861383219,0.2443760702084961,0.24157634365318195
2024-11-11,0.060105928034492995,0.0023583726927380124,-0.02077162792060198,0.026272355005229342,0.5116625667095437,0.24478879837933099,0.24354863491112524
2024-11-12,-0.016635434393772502,-0.00401302443296762,-0.001498478291721524,-0.009903577546314874,0.5147664558772734,0.24382213518137133,0.24141140894135524
2024-11-13,0.017560652514825786,-0.007500340850961888,-0.011708984864838068,0.004364170998307108,0.5140386962177229,0.24412367079509162,0.24183763298718555
2024-11-14,-0.035537736565001775,-0.000675418231738519,0.003956315426274985,-0.01752930808847049,0.5154630893879459,0.24351518160427638,0.24102172900777774
2024-11-15,-0.015530924111540778,-0.0011798183716722106,-0.0056004962095561606,-0.009619593997892634,0.5135134716128718,0.2443767127645042,0.2421098156226241
2024-11-18,-0.00894272942253238,0.0029033919751445905,0.013296389069451964,-0.0006538298209821221,0.5128759580569865,0.24481000662536334,0.2423140353176501
2024-11-19,-0.00855012030952603,-0.009476655154132577,0.016324318255607612,-0.0027320166923973164,0.5119830219228916,0.24499249010528482,0.24302448797182352
2024-11-20,-0.028814144255379315,0.0015363191577523565,0.007825911087963747,-0.012448938888643464,0.5113565448036187,0.24464510446709065,0.24399835072929071
2024-11-21,0.013704768664201375,0.010757947753567679,-0.004474694601851681,0.008527069976532301,0.5095989816523407,0.2453631171670945,0.24503790118056465
2024-11-22,0.024314878371518283,0.010786228466315828,0.02160135290012044,0.02033079254332079,0.5101527454897009,0.24547778828056896,0.24436946622973016
2024-11-25,-0.00806918069569651,-0.0035535503127048043,-0.01087059629030899,-0.007647676719362432,0.5105794002502411,0.24498608896053245,0.24443451078922643
2024-11-26,0.017651268361752532,0.010658745891668597,0.0056957254918614435,0.013016354785241395,0.5105341320511649,0.24519677395379955,0.24426909399503557
2024-11-27,0.0005433559392027757,-0.0060669750166554666,-0.004464090889825097,-0.002297957556437881,0.5110310066813706,0.24507527024497566,0.24389372307365378
2024-11-29,0.005176569653609538,0.003826767685731869,0.007939681871930207,0.005519627474592767,0.5113359188523752,0.24488132421288666,0.24378275693473822
2024-12-02,0.008486808040206814,-0.01576820918044804,-0.000506301288385432,0.00035583939946519675,0.5112990577553534,0.24479427241809618,0.24390666982655043
2024-12-03,-0.004657014381351021,0.016436100783091545,0.03335852878591583,0.009759540118304308,0.5121717464789901,0.24396626356430587,0.24386198995670402
2024-12-04,0.004597663315970335,-0.0024680956744415803,0.014226438133366845,0.005231192067794125,0.5106206519472359,0.24430719886008034,0.24507214919268383
2024-12-05,0.01757693120005858,0.004682731966685265,0.000131442604386837,0.010148393096688524,0.5105523343292133,0.24391232415668518,0.24553534151410142
2024-12-06,0.01728715286454437,-0.008947330632650444,0.02179661179766257,0.01200049127478162,0.5113487364054333,0.24363220210084496,0.24501906149372163
2024-12-09,-0.002849690726160111,-0.07600200829844035,-0.06908259503885487,-0.03685535693413068,0.5119151185166281,0.24256203427138395,0.24552284721198794
2024-12-10,-0.021489679930798273,-0.021886803194761956,-0.025147758514357726,-0.022479108737571515,0.5143887919779195,0.2413327004205373,0.24427850760154318
2024-12-11,0.008872605514349985,0.022053686638810206,0.029190533414717557,0.017014479099371392,0.5144956564049886,0.2413627078659417,0.24414163572906963
2024-12-12,-0.004426190651374284,-0.014022599588963236,-0.010426833376344868,-0.008213609412309345,0.5136158609604804,0.24161785391321117,0.24476628512630852
2024-12-13,0.0027558551948045165,0.004296454725940498,-0.012873494629331591,-0.0006961212763683768,0.5140243424233972,0.24132319795306414,0.24465245962353863
2024-12-16,-0.003996445162806173,0.009974975171528011,0.021920699304428675,0.005703208256495567,0.5143965526174265,0.24157608598642252,0.24402736139615094
2024-12-17,-0.010344394203250692,-0.01326699590276803,-0.018167667975899342,-0.01296665744641537,0.5133485060242949,0.24179227020154634,0.2448592237741587
2024-12-18,-0.029191108912514085,-0.04766862744004474,-0.05467407567370967,-0.03989147395090788,0.5136311569851167,0.24177696634688203,0.24459187666800125
2024-12-19,-0.008280968133129138,0.011465262139452426,0.008553531190431563,0.0005921254466118675,0.5146619457661301,0.2413239568988832,0.24401409733498677
2024-12-20,0.02718015737119835,0.030859288558661453,0.03132501535401403,0.029083142100260938,0.5137028861257914,0.24187516484611055,0.2444219490280981
2024-12-23,0.011756365657933069,0.0032308074468628822,0.002218575758271594,0.007361132948163642,0.5134975940899364,0.24196537832306336,0.24453702758700002
2024-12-24,0.008968937377209496,0.002623300206578083,0.0015979288914702572,0.005634306601708866,0.5139715380987713,0.2417554868482448,0.2442729750529841
2024-12-26,0.0003810423579097,0.002280691996134787,0.0025311018195146953,0.0013647589540317438,0.5143314494584761,0.24160260710681986,0.24406594343470422
2024-12-27,-0.018249898634858115,-0.01365688043458054,-0.018189059219693566,-0.017125147558162957,0.5142251978856586,0.24164907735552502,0.24412572475881644
2024-12-30,-0.009432294448675363,-0.006861296095063844,-0.010516699462046253,-0.00907523445361484,0.5141037099411423,0.24182512276569756,0.24407116729316017
2024-12-31,-0.00457411846676888,-0.012374424561648093,-0.01602393156171374,-0.009255028902655362,0.5140651426254843,0.24193757056899107,0.24399728680552454
2025-01-02,0.023278921955576386,0.027111399473981408,-0.010728963623624632,0.015919494005901896,0.5145704312439444,0.24177900348744674,0.24365056526860882
2025-01-03,0.036339048685036714,0.012795083972946708,0.03188042328780442,0.029552968049587736,0.5153636804762078,0.24234669116929414,0.24228962835449797
2025-01-06,0.012887510928203469,0.004639290459534595,0.014310792708061015,0.011240622550544697,0.5160975782007731,0.24149483894194534,0.2424075828572815
2025-01-07,-0.014870039535191873,-0.032862250713167805,-0.041628202987767704,-0.025699608110152674,0.5162759379415988,0.24116021594907924,0.242563846109322
2025-02-04,0.09208860351573349,0.05764631782838525,0.06307056025735099,0.0767798011916244,0.5174498597650593,0.2407970324958511,0.2417531077390897
2025-02-05,0.015933011120752443,-0.005218615909747666,-0.002801412656852594,0.006310656929411872,0.5174498597650592,0.24079703249585105,0.24175310773908965
2025-02-06,0.038323450955247064,0.010845810807354991,0.012624830990972002,0.02552210084605181,0.5184953818209165,0.24021420302200153,0.24129041515708197
2025-02-07,-0.0024548159131672818,-0.004606763498393988,-0.008303497438466145,-0.004377559808452148,0.5198890925206475,0.2394740637912438,0.2406368436881088
2025-02-10,0.020831055762446815,0.019912705622795235,0.011454362659293523,0.018356627280057446,0.5200989890459083,0.23946250772286345,0.24043850323122817
2025-02-11,-0.008313263797730452,-0.011646347236563622,-0.02186669299688219,-0.01236571796561791,0.5203691437339222,0.2395406908588813,0.24009016540719647
2025-02-12,0.018079451588678446,0.004308595531168284,0.025643185234052696,0.016592632273203477,0.5208118260524028,0.2395767202655329,0.23961145368206418
2025-02-13,0.03127165177554381,0.07951890215966084,0.01641541893315009,0.03923428463338205,0.5209738118193922,0.23895919331309862,0.24006699486750915
2025-02-14,0.012211427586462986,0.025087894925606924,0.0032589683912028025,0.013157824324380993,0.5208728303042567,0.23985435865147436,0.23927281104426895
2025-02-18,0.02248624043939736,-0.01063603686737602,-0.007645237475810696,0.007327136911626766,0.5207686538729037,0.2404557148482549,0.23877563127884138
2025-02-19,-0.040428564125014575,0.004370099467580417,-0.021909450533298958,-0.025289080321563677,0.5224262278403973,0.23954903596874566,0.23802473619085715
2025-02-20,-0.017796481716219874,-0.04773953337027,-0.012795912557899506,-0.02382297721596826,0.5207640905553416,0.24104393340644095,0.2381919760382175
2025-02-21,-0.05649926893488877,-0.057015308664532006,-0.021108592663839243,-0.04817374964839695,0.5214214347088514,0.2398353496828953,0.23874321560825326
2025-02-24,-0.05255711361512494,-0.0055646897592181626,-0.014541536126633151,-0.03218507361329044,0.5206649580686015,0.23948739728304316,0.23984764464835534
2025-02-25,-0.041181613215930425,-0.0354635523092531,-0.007099380076726207,-0.031602410380395504,0.518571044105691,0.24076045735568455,0.24066849853862454
2025-02-26,0.0046086785849001055,-0.03347319103433518,0.016967684956674445,-0.0015627035920894958,0.5175266828792988,0.24056427924959534,0.24190903787110582
2025-02-27,-0.034273595559079086,-0.01328064726023718,-0.019565852316647092,-0.0256854285361063,0.5181938588229342,0.23895576873532162,0.2428503724417441
2025-02-28,0.019090361410156815,0.02151331931153185,0.009860535233951584,0.01742650536460906,0.5172591714530517,0.23957861670750072,0.2431622118394475
2025-03-03,-0.04103389926844255,0.01117218009821297,0.001603446369554118,-0.018164378401296193,0.5174397177001978,0.23978421645159861,0.2427760658482037
2025-03-04,0.036111370831082734,-0.036762780786297355,-0.022796748901624826,0.0041687440735780346,0.5149541250899873,0.24126296647995843,0.2437829084300542
2025-03-05,0.032496493368235534,-0.008375647881961842,0.01130547661676573,0.01758348426305356,0.5184073747584732,0.23919221265069562,0.2424004125908312
2025-03-06,-0.07707473043775608,-0.07884530215218337,-0.014452877786787166,-0.062336464219583824,0.5200301547188692,0.23789032422520465,0.24207952105592628
2025-03-07,0.0027817018344207987,0.01185588290824254,0.008972883263169843,0.006443707518117552,0.5190886006269946,0.23745960572521166,0.2434517936477937
2025-03-10,-0.09658776422645084,-0.06481204007483894,-0.007193172714029823,-0.06725890681992816,0.5186893869546285,0.23772956437144543,0.24358104867392597
2025-03-11,0.07141401551686714,0.019323831435161587,-0.013114026186783109,0.03832806143896737,0.5175510194437646,0.2372078193362497,0.24524116121998576
2025-03-12,0.04612372908197667,0.03937778320563238,-0.006157822132919562,0.031813033821527566,0.5200222419397081,0.2368099951547505,0.24316776290554126
2025-03-13,-0.050772060512032126,-0.01198519882499823,0.007034129317694833,-0.02762761880297876,0.5215819838926216,0.2371840326938262,0.24123398341355218
2025-03-14,0.058086212705179184,0.05957584400776006,-0.0004888002577051465,0.04420853918123928,0.5190863642432252,0.23794112325673517,0.24297251250003973
2025-03-17,-0.0010403505247995233,0.032169683656709434,0.005260074944298587,0.008400560146661655,0.5204199628590394,0.2385524241393601,0.24102761300160047
2025-03-18,-0.044784766585826606,-0.04877127371249845,-0.010598453841636601,-0.037506132809736886,0.5193871007431745,0.23974516783816996,0.2408677314186555
2025-03-19,0.047580816409232986,0.034430233707486955,-0.008085058810010573,0.030951471128841355,0.5185911571272986,0.23917745108340913,0.24223139178929223
2025-03-20,-0.0027530573620255794,0.015269999511481669,-0.007870068588448076,0.00033138547366811776,0.5203994227615554,0.23934952782780894,0.24025104941063574
2025-03-21,0.057184261344171684,0.02440090432662097,-0.009387784218016856,0.03334648401482132,0.5200615969032628,0.24010117758586672,0.2398372255108703
2025-03-24,0.05759616597649272,0.029179226060428404,-0.005171526549031895,0.03584972006357173,0.5222864405203705,0.23983555753306543,0.23787800194656405
2025-03-25,0.0021839735372045643,0.01693110770658886,-0.009604005021272158,0.0029364793649577195,0.5242716021948467,0.23969681402787446,0.23603158377727892
2025-03-26,-0.06270649511271609,-0.035216452396634255,0.002447921201602643,-0.04075981271879775,0.5241877848549266,0.24040184115808114,0.23541037398699213
2025-03-27,-0.027478047632572073,-0.05820082132202353,0.0046825509578547475,-0.027232860480993756,0.5224351954399491,0.2403430713214029,0.23722173323864804
2025-03-28,-0.03179596364713803,0.002417071901490986,0.00708842752188014,-0.014333433988522503,0.5221879353747118,0.2390958125036361,0.23871625212165215
2025-03-31,-0.010671204398727744,-0.014496613446626819,0.014395013092169506,-0.005578411999877025,0.5202726569221681,0.23993656119567522,0.23979078188215672
2025-04-01,0.011290848935603837,0.025692007775990938,0.0037333451853443687,0.012919906720237531,0.5197150589038935,0.23948694536618514,0.24079799572992147
2025-04-02,0.018041086795490473,0.005665390654951345,-0.002890485307387632,0.010038753423602102,0.5195365972925349,0.24012982349447662,0.24033357921298867
2025-04-03,-0.07215915303693506,-0.02615357425803592,-0.04890670681143253,-0.05554882029084573,0.5204095120933628,0.2399089753011988,0.2396815126054384
2025-04-04,-0.08228600908778261,-0.07254760446335014,-0.06587856664279816,-0.07601238702972436,0.5197549055335098,0.24081010366108324,0.23943499080540695
2025-04-07,0.06847896691768203,0.005886371497497304,-0.011511101954147507,0.03425361612128072,0.5197549055335098,0.24081010366108324,0.23943499080540695
2025-04-08,-0.03205413456358704,-0.017087081034766454,-0.003965794251226784,-0.021789800535013254,0.5225208705176334,0.2398592687056133,0.2376198607767533
2025-04-09,0.1776147177268045,0.019505705113528782,0.027692845040195573,0.10389554739984315,0.5213942220430048,0.24009554430781369,0.23851023364918147
2025-04-10,-0.08008904391774996,0.0011608114782264052,-0.013582288065832948,-0.044824075637732386,0.5227781730540374,0.23919615665469962,0.23802567029126293
2025-04-11,-0.027175492035195387,0.014415113630817785,0.013572560102832401,-0.007433261816127708,0.5204822968502134,0.24071805918111613,0.23879964396867054
2025-04-14,0.01641010270518961,0.014984062582566793,0.012616699204717974,0.01515539399308092,0.5183240760430988,0.24182279293453143,0.23985313102236966
2025-04-15,0.02652585999336769,0.019649791005492617,0.010708571295060235,0.021071325726060547,0.5184606395619469,0.2418140797745055,0.23972528066354765
2025-04-16,-0.029278407604255558,-0.011983403484356706,0.0032392696413939825,-0.017319127601073264,0.5190543750702815,0.2417416816737985,0.23920394325591987
2025-04-17,-0.010512906750247186,0.009700862810289848,0.005810687401745544,-0.0016993911070151335,0.5177503508834498,0.24201173269584844,0.24023791642070175
2025-04-21,-0.035113889948980424,-0.024519995331509354,-0.0018593185732801814,-0.024542299207273747,0.516791993770068,0.2425913598886704,0.24061664634126162
2025-04-22,0.03439253889303225,0.03851773374234568,0.011823637527630196,0.029936915433585558,0.5156439044683888,0.24259152414261695,0.24176457138899424
2025-04-23,0.06652689811770629,0.02877457214251285,-0.003440746822542177,0.040500571193089,0.5161253869157472,0.24302848616071276,0.2408461269235402
2025-04-24,0.05316724793636659,0.047693339698581916,0.012906650778031178,0.04221317020801044,0.5180778404808173,0.24286290129583765,0.23905925822334503
2025-04-25,0.025476489663992668,0.005527676429922468,-0.011998477698153764,0.011717645182807317,0.5191017982411283,0.243225062560327,0.2376731391985447
2025-04-28,0.008081152473784048,0.009026834003752149,0.008247208949654547,0.008350136784998467,0.5206010696716119,0.24290780973836015,0.2364911205900279
2025-04-29,-0.0013445355249062836,0.008165173587345068,-0.0006094697390735723,0.001139608139171057,0.5205716617249566,0.24294233013831104,0.23648600813673246
2025-04-30,-0.0596049492053888,0.011569484240024833,0.00454353105068946,-0.027123501133035598,0.5202999830529716,0.24330093872260053,0.23639907822442782
2025-05-01,0.007091317083267268,-0.024864647058603917,-0.031066704739598383,-0.009809676911381389,0.5172536066046429,0.24502407065607917,0.23772232273927796
2025-05-02,0.01233424871927217,0.006413638207254491,0.0018087170064343683,0.00839715359838577,0.5190891535895754,0.24424896648695757,0.23666187992346702
2025-05-05,-0.022322745078137324,0.003638845596410367,0.014802060478005474,-0.0072104219853050934,0.519518287936323,0.24414714486127742,0.2363345672023996
2025-05-06,0.008680479889996576,-0.036231968984748675,0.007101516642901225,-0.00268460431121602,0.5178691729497528,0.2447026171890167,0.2374282098612306
2025-05-07,0.0006849475036951139,0.002980942087303854,0.0029559976284964096,0.0017831509984532802,0.5191024591495549,0.24298280591752547,0.2379147349329196
2025-05-08,-0.0009755653848450008,0.058284122302204665,-0.016332299386561295,0.009772648562048286,0.5189827412259646,0.24304392558201765,0.2379733331920177
2025-05-09,-0.00391942555384021,0.003109364451991836,0.0022180136195489863,-0.0007427664231415122,0.5180246435460973,0.2452061404276611,0.23676921602624149
2025-05-12,0.028444912009406947,-0.02377839027905722,-0.02095580901512295,0.0039252356299709495,0.5176790604666347,0.24540452036217902,0.23691641917118633
2025-05-13,0.04136362076105756,-0.0103534050769268,-0.011762990556617892,0.016225036325979346,0.5203441190361786,0.24397748421705853,0.23567839674676294
2025-05-14,0.060111956409422906,-0.00942386844594989,0.0014782262205031982,0.029503947964624754,0.5230904237227952,0.2426158555554942,0.23429372072171062
2025-05-15,0.009343839937875723,0.022241924302861166,0.028024404604452584,0.0168068614722494,0.5259220008376603,0.24090409535790377,0.23317390380443584
2025-05-16,0.034199465379154116,0.004840952837354047,0.011431954818717616,0.021797510570253774,0.5250976418811736,0.2411788616887809,0.23372349643004545
2025-05-19,-0.003178652462109873,0.007190020633667878,0.008235577432800345,0.0019751164514053457,0.5264649603827691,0.24032065228762217,0.23321438732960878
2025-05-20,0.0005364329325753628,0.0007056169155060429,0.003112106348111617,0.0011786098027114504,0.52589513612483,0.24058382142852935,0.23352104244664065
2025-05-21,-0.019558927293528445,-0.008186442795669194,-0.015768380143983702,-0.01593763135291556,0.5258242069295371,0.24055991971655974,0.2336158733539031
2025-05-22,-0.0027447738906565267,-0.005708899483821066,-0.0065128352871704305,-0.004339294808119175,0.5254242367892091,0.24095169639916586,0.23362406681162498
2025-05-23,-0.006843229653783182,0.010417964118535053,-0.000658508860954606,-0.0012410718902661566,0.5256001707242908,0.24088238920654614,0.2335174400691631
2025-05-27,0.01497602911097958,-0.004068946850023791,0.012627498942606211,0.009828699520267478,0.5249816192018891,0.24147262494964786,0.23354575584846307
2025-05-28,-0.00017104218299720161,-0.002499092974809473,0.002566675670631106,-9.180625917593684e-05,0.5255486768391056,0.24076858215221789,0.2336827410086765
2025-05-29,0.005580604747989233,-0.004742293348856082,0.010005525254887515,0.00413103644130245,0.5255398966754332,0.24064688093545247,0.23381322238911428
2025-05-30,-0.0015598246922760388,0.03950211182605886,0.033653906286818414,0.016546794431282097,0.5256995744138782,0.2401987283574301,0.2341016972286918
2025-06-02,0.0067306321093140165,0.01618501789574826,0.03918840504212865,0.016638223082979842,0.5237002113708836,0.24135747393527915,0.23494231469383725
2025-06-03,0.011073743024447266,7.362192908707173e-05,0.005192850440448815,0.007030820517561308,0.5226097650799301,0.24133359390565762,0.23605664101441215
2025-06-04,0.012358227977900723,0.002941882936766782,0.012151237147100055,0.010040223653568728,0.52305341395162,0.24098114846621635,0.23596543758216362
2025-06-05,0.013012387637668025,0.019249819941668855,0.01890182224520361,0.01590357050731119,0.5233079037390743,0.2406221122608677,0.23606998400005808
2025-06-06,0.03669399222735925,0.0010087708317674249,0.010129511729654705,0.021826279618357165,0.5229901686252023,0.24079121102340081,0.23621862035139682
2025-06-09,-0.004057594724037846,-0.015459912835645592,0.0036794443562292076,-0.00496804211236079,0.524622692941839,0.23973951397134582,0.23563779308681512
2025-06-10,0.010994272387308287,0.0020973582712419114,-0.014133701628748163,0.0029341700767622934,0.5247224930712949,0.23921164470454398,0.2360658622241611
2025-06-11,0.0030302895011639817,0.016760855066140667,0.01530729217406579,0.009202021523540174,0.5256102084153722,0.23916906863117435,0.2352207229534535
2025-06-12,-0.011441825143759058,-0.007430132012581543,0.0004804323939897233,-0.00767287169376314,0.5249289339426297,0.23954879208097646,0.2355222739763939
2025-06-13,-0.020058471496265346,0.011725517655644299,-0.0010052230959003057,-0.007949118957480718,0.5245133598862125,0.23956088126856506,0.23592575884522243
2025-06-16,0.013488509682227035,0.01834437049841516,0.01434047174924243,0.014857887835719705,0.523179146709263,0.2405517556921373,0.23626909759859954
2025-06-17,-0.008775433553337283,-0.009123534091257768,-0.00033790598230768837,-0.006865920821341865,0.5230286722465899,0.24072792181586192,0.23624340593754817
2025-06-18,-0.003098386892149918,0.0094091449323949,0.007762785856615532,0.0024804968720410388,0.5228188287740931,0.24061374998684926,0.23656742123905758
2025-06-20,0.007857018124104368,-0.006828017643316864,-0.004429185704035536,0.0014087150800671992,0.5222062744864469,0.24096391877477633,0.23682980673877682
2025-06-23,0.02492780854540196,0.017512619983486372,0.021341576909229037,0.022295820353625498,0.5229133639031017,0.24054723572838213,0.236539400368516
2025-06-24,0.016206806923425427,0.0119000485202189,0.006648598349534314,0.012911428955428416,0.5232023594167734,0.24030568456715043,0.23649195601607614
2025-06-25,0.002606993917668795,-0.011420869523857643,0.004229850077175468,-0.0003799765258283823,0.5235643806427345,0.2402545709611514,0.2361810483961142
2025-06-26,0.02535733443442778,0.016169072019586322,0.010471939437345515,0.019635876493821154,0.5238924466137448,0.23969795909244862,0.23640959429380667
2025-06-27,0.012294737861520725,0.007021773892258072,0.008828054056710721,0.010213759173614773,0.5245218237140236,0.2395233049386145,0.23595487134736198
2025-06-30,0.01079312217447296,0.01301114952980594,0.003851911970499796,0.00968669971387234,0.5247510329815361,0.2393627749580642,0.23588619206039965
2025-07-01,-0.02345115472776042,-0.026441284011976023,-0.033717821753782205,-0.02658617884105523,0.5248728414125275,0.23952988093895045,0.23559727764852192
2025-07-02,0.026688664976693383,-0.0030354166223342713,0.017168728409864647,0.017329131515908144,0.5252183093631991,0.23953707890724157,0.23524461172955916
2025-07-03,0.005895866267828269,0.007658638189262194,0.015503096049807338,0.008576277916093408,0.5262499568080284,0.2385141088351281,0.2352359343568435
2025-07-07,-0.011943109092306633,0.012063308805832987,0.011833651658875769,-0.000617056405604059,0.5259536440644716,0.23846807024848143,0.235578285687047
2025-07-08,0.004362782238884644,-0.013829812553297738,-0.014925351648948482,-0.0045428723487805096,0.5247025181723617,0.23910317707162332,0.236194304756015
2025-07-09,0.021985361308785183,0.011447991358413309,0.007141336034511836,0.01597232503310867,0.5256837119573111,0.23863685731358744,0.23567943072910155
2025-07-10,-0.017252118522882887,-0.009019017846784902,-0.03916704880197134,-0.020444588916351383,0.5263474412902157,0.2384100115145921,0.2352425471951922
2025-07-11,-0.010924097882408002,-0.006685582224874809,0.006656894078835555,-0.005791610809706096,0.5266990523472933,0.23898210576867038,0.2343188418840363
2025-07-14,0.007344846475136964,0.038250721739725733,0.026121122856336942,0.019140549901152774,0.5261310854542732,0.23893697936005448,0.23493193518567235
2025-07-15,0.03266680112436567,-0.0010546041263422106,0.012343204075864644,0.019795492857839443,0.5248274300184543,0.23989688292382216,0.23527568705772353
2025-07-16,0.013164909977897099,0.023744915347960527,0.019508319279961772,0.017182029477482354,0.5262455744881671,0.23884771020362647,0.23490671530820645
2025-07-17,0.016788223155181914,0.016119958055395085,0.01380592235043232,0.015927485005717824,0.5258015910039798,0.23917701274389888,0.23502139625212143
2025-07-18,-0.002652329858779464,0.004722378901376019,0.021863269602778363,0.004870725998163857,0.5258966239815129,0.2391866726367274,0.23491670338175966
2025-07-21,-0.006765059123368111,0.0016878594490066974,0.004319929978550796,-0.00212994854858258,0.5250653157547034,0.23917870631905952,0.2357559779262371
2025-07-22,-0.00844208380190973,-0.039117481289020074,-0.020987970274250218,-0.018746641418207297,0.5245541956359691,0.23937041255334265,0.23607539181068826
2025-07-23,0.028282559987318063,-0.0015523378361998648,0.01416432105765808,0.01784008932943875,0.5256887278630328,0.23834778219196298,0.23596348994500424
2025-07-24,0.003078709503281892,0.001104829271332708,0.003241896496028166,0.0026486294617661978,0.5268410421976193,0.2373783206575161,0.23578063714486472
2025-07-25,0.007713669937279917,0.011411276081740862,0.012910521712515907,0.00981658661664888,0.5268886182796191,0.23730137164050533,0.2358100100798757
2025-07-28,0.012553683163893381,-0.0024950382276440752,0.008490020178409127,0.008022530139775086,0.526655928766276,0.23738082639692412,0.2359632448367998
2025-07-29,-0.014281638657816472,-0.011205233173982069,0.0006130809995779826,-0.010038022197581714,0.527156871243741,0.23685691067322223,0.23598621808303663
2025-07-30,-0.022765222269009972,0.024124037257511333,0.024864724911434433,-0.00039673695598026193,0.5266868745687918,0.23679866964273633,0.23651445578847174
2025-07-31,-0.042837447245360726,0.026211395655371117,-0.030321748540559024,-0.02342671009888421,0.5242121892988069,0.2380182537466553,0.23776955695453783
2025-08-01,-0.04096641876880639,-0.02696348104184983,-0.023305576760494644,-0.03340553772863407,0.5220705407144883,0.24050810620474428,0.2374213530807674
2025-08-04,0.008367092932066314,0.0178401725649389,0.02617392278056944,0.014885218598230058,0.5212415265036442,0.24083335329040734,0.2379251202059485
2025-08-05,-0.004808903799047193,-0.014653317365185381,-0.012793646342418011,-0.009085513276620535,0.5205279093764013,0.2409825564444506,0.23848953417914803
2025-08-06,-0.008039017984664998,0.02396344201932199,-0.018069692858301734,-0.0027263465453192734,0.5209953663721394,0.24070084735978767,0.23830378626807297
2025-08-07,-0.0014787868131768505,-0.0037609868985253314,0.014073335097340581,0.0016629885690239983,0.5204116533101506,0.24205243425479556,0.23753591243505384
2025-08-08,-0.018040596902274626,0.006702449971630053,-0.009242885703511691,-0.00996308303861696,0.5200678526625168,0.24177662452039134,0.23815552281709185
2025-08-11,-0.0039709707652909225,0.00780451566472995,-0.0094737092599572,-0.002424661229039866,0.5191852615398895,0.24262372579654973,0.23819101266356085
2025-08-12,0.011744191950937713,0.008770374911472553,0.010629357425890587,0.010755971868758239,0.5190162561398656,0.24314526631213357,0.23783847754800078
2025-08-13,0.028696731724885332,-0.01738165474160802,-0.00932987988492399,0.008453710603890382,0.5191239599797928,0.243043893988031,0.23783214603217614
2025-08-14,0.0018598611613424392,0.00739295358925814,-0.00976165370224232,0.0004437163964829884,0.5213302972508728,0.24172644875652696,0.23694325399260027
2025-08-15,0.010560490021727468,-0.0259428152928927,0.0019858221158982983,-0.0003035618929281333,0.521484929056213,0.2420792677572671,0.23643580318651986
2025-08-18,0.00558759970661545,0.0031586103242426575,0.0027122275888196525,0.0043225875469005744,0.5226734745926757,0.24077817979192634,0.23654834561539811
2025-08-19,-0.010338910300906204,-0.044106386317747805,-0.011599811845020977,-0.018765557577372118,0.5228123221061902,0.2407193228908891,0.23646835500292082
2025-08-20,-0.002647188897696292,-0.0031645166942233516,-0.0047656315247621706,-0.0032727549819699373,0.5237359564799666,0.23944064469688123,0.23682339882315226
2025-08-21,-0.0010525239334885361,-0.011977476568745779,-0.0033854063673958157,-0.004220769013165735,0.5238047551090842,0.23944608337089282,0.2367491615200229
2025-08-22,0.03329429495812978,0.0056269901939662486,0.010366412980255571,0.02125114575568052,0.5241531457497745,0.23905626059253549,0.23679059365769006
2025-08-25,-0.025968245551126794,0.01703293160175597,0.007879292961196938,-0.007725803913899019,0.5254785570604308,0.23827233169804016,0.236249111241529
2025-08-26,0.013778412599122195,0.00562591274045036,0.004906195970782197,0.009722871738775387,0.5234649761229391,0.2395124161982919,0.23702260767876893
2025-08-27,0.006908675692355648,-0.008267310352889598,0.004450077637681127,0.0026948120452717243,0.5239107726527683,0.23930634192595288,0.23678288542127884
2025-08-28,0.0059059598213612174,0.01295685744611593,0.012373371664126257,0.009121338773901467,0.5243741441612326,0.2387558772868484,0.23686997855191894
2025-08-29,-0.0072583285549613725,-0.004957253949869456,-0.033327306015938585,-0.012887665972992478,0.5240200585670065,0.23894820253680718,0.23703173889618614
2025-09-02,-0.007809184502799993,0.008799088371993577,0.004650500924614165,-0.0008933814635419765,0.5246383908210306,0.2393457862979105,0.23601582288105905
2025-09-03,0.006465022485181586,0.007841748282083246,0.01814443557761621,0.009554940999023384,0.5238763682777305,0.2398331613135673,0.23629047040870224
2025-09-04,0.023154555654713322,-0.0002995894379751081,0.03648019621150611,0.020685905171983907,0.5235362769077181,0.23974676957185556,0.23671695352042632
2025-09-05,0.005188852768424994,-0.01174916439713558,0.024176575043959314,0.005655521281300119,0.5238058198415791,0.23869165847675533,0.23750252168166539
2025-09-08,-0.004774825324638428,0.0007727690603738235,0.006228776810415855,-0.0008319375713842715,0.5237527117462593,0.2378200295955449,0.23842725865819595
2025-09-09,0.005390720070702922,0.027979368154709732,0.005794740825668036,0.010861033653815723,0.5233189823988054,0.23790007739255578,0.23878094020863885
2025-09-10,0.012844535400496756,0.009155493079365806,0.03665193197565434,0.017642449279923433,0.5227171010732631,0.23875634945400667,0.2385265494727303
2025-09-11,0.02840764906540379,-0.0011462850844364085,0.009998523935194218,0.01695542435327116,0.5221893662829062,0.23833059524046912,0.23948003847662455
2025-09-12,0.0036221399068412743,0.016120122279451365,-0.00022397873181985903,0.005669758928216794,0.5234449008852209,0.23742550708379734,0.23912959203098177
2025-09-15,0.028712721432815152,0.009987630621937785,0.031113239426349065,0.024830467833183833,0.5232194474936737,0.23794693641397663,0.23883361609234968
2025-09-16,0.007458776449908962,-0.008537591907305594,0.009563431375383477,0.004167666359607769,0.5236453836110216,0.23720604702293463,0.2391485693660437
2025-09-17,0.0016288992885096591,-0.0025206324674600378,-0.029405892885550105,-0.006783103376431339,0.5240068293117797,0.23657373463118986,0.23941943605703034
2025-09-18,0.018036619099737267,0.013666565214642898,0.042435044827635014,0.02281560768567534,0.5249314209918221,0.23678473615180365,0.2382838428563743
2025-09-19,-0.002322043527904808,0.007154578253949421,-0.000943394372528846,0.00024742785246227583,0.5244034409396243,0.23632959435565207,0.23926696470472356
2025-09-22,-0.0047616918701206545,-0.002533218389533206,0.008451212636364799,-0.0010736533233303,0.5241203806523329,0.23667256083666696,0.23920705851100008
2025-09-23,-0.017732048065372947,-0.00676714080647256,-0.00011423848366687306,-0.010915012705612199,0.5237142739094482,0.23659987665704743,0.2396858494335043
2025-09-24,-0.013652519652483189,-0.008607254188254957,-0.02902562790971064,-0.016150850655474454,0.5229644226322836,0.2368057631030041,0.24022981426471232
2025-09-25,-0.02848126554559427,-0.0037814172032069417,0.0030888009833538455,-0.015059348833091004,0.5232382154146198,0.2371809018387133,0.23958088274666695
2025-09-26,0.0009192244320724482,0.004857302243748918,0.0033364976904188457,0.0024368130466342003,0.5217631516005222,0.2377422325427259,0.2404946158567519
2025-09-29,0.004534536985228543,0.017307383853973495,0.030770856386012402,0.01388361125072481,0.521596863431878,0.2378630936573699,0.24054004291075193
2025-09-30,-0.0006538951680153579,-0.0022928837204280925,0.019722642557843544,0.0038747438165295965,0.5205724706840683,0.2380335626384064,0.24139396667752536
2025-10-01,0.03774246901021875,-0.018327792170063195,0.02696128415458802,0.021801979882369215,0.5200767120008378,0.23772503917348067,0.2421982488256816
2025-10-02,0.015576430887855616,0.0012066877826355145,-0.010377534558566123,0.005896341910942265,0.52181459843463,0.23572738263018406,0.2424580189351859
2025-10-03,0.00633521936860922,-0.026954394141542732,0.0038989097509444606,-0.002092995225296766,0.5228750684272454,0.235494732091135,0.24163019948161973
2025-10-06,-0.010959009230658215,0.01889562584756928,-0.05495802861430662,-0.014609872822543266,0.5237991298856304,0.23426745567097926,0.24193341444339034
2025-10-07,-0.01428400838981947,0.0062922743866571,0.010140033279321966,-0.003567214141630924,0.52406224113704,0.23585921870734602,0.24007854015561397
2025-10-08,0.0034308710158350575,0.014600554865874379,0.010216834137711683,0.007704652605151645,0.5228826726511202,0.2363474010701849,0.2407699262786949
2025-10-09,0.00870571277341207,-0.0003163423516210721,-0.019164058784014244,-0.00014345611496276436,0.5224133420293765,0.2366897965672917,0.24089686140333194
2025-10-10,-0.03488314631032308,0.0013656856708608538,-0.04919138422462055,-0.029736813038672764,0.5233835817061685,0.23668053554520263,0.23993588274862895
2025-10-13,0.027696792276867537,0.008278052033485231,0.02815799360689919,0.02318087788945493,0.5228144005432142,0.2382297253271416,0.23895587412964434
2025-10-14,-0.02135411565561518,0.022514799770305904,-0.017158721376306734,-0.00993234687278445,0.523309641301224,0.2374849649499498,0.2392053937488262
2025-10-15,0.012846848266175584,0.018217350075238763,0.03523482061845118,0.01947813646842221,0.5220521362318249,0.23910694290858744,0.23884092085958766
2025-10-16,0.0035757665789943513,-0.01116523443383514,0.02334717487660683,0.004789894385487664,0.5213246972450489,0.239043208257327,0.23963209449762402
2025-10-17,-0.0321179162001212,-0.012355350089165143,-0.014102804777680037,-0.02307578456252019,0.5211901366939697,0.23824285843592713,0.24056700487010305
2025-10-20,0.029152784001381955,0.02175820619266518,0.0029158212261178873,0.021063471855472887,0.5202003899536499,0.2387793461629751,0.24102026388337494
2025-10-21,0.00307132350685857,-0.025669891781359516,-0.018742377350261668,-0.009030001665318699,0.5210835307275374,0.2388135878133956,0.24010288145906708
2025-10-22,-0.005596811468986458,-0.016402906143034968,-0.009944254579095424,-0.00921014534399691,0.5224075317482653,0.2379796733502653,0.2396127949014695
2025-10-23,0.02124601066798652,0.014734306087424617,0.006951154725246951,0.016273996021008378,0.522803863080494,0.23762038031347835,0.23957575660602773
2025-10-24,0.027971709522176164,-0.004004643328272735,0.008515072990091984,0.015723720644283103,0.5233496239050318,0.23754338211079298,0.23910699398417518
2025-10-27,0.012436910296904672,0.003864587963255358,0.0024818886957022057,0.008032333849083615,0.5246953314517365,0.23656032978748268,0.23874433876078066
2025-10-28,-0.004702633128238561,-0.0024475847740557852,-0.010613159514111495,-0.00557910531483213,0.5251806280948298,0.23635326367270323,0.23846610823246697
2025-10-29,-0.008316675775125626,0.006178661275294169,0.00713615165763241,-0.0012073210704520961,0.5252771998026465,0.23650869956398995,0.23821410063336348
2025-10-30,-0.03513672870614452,-0.050732304510072455,-0.009660003038320856,-0.03275138836233931,0.5244929166367276,0.23687552982243265,0.2386315535408397
2025-10-31,0.01131411985704415,0.009288621775602524,0.00010505801146998284,0.00814835489309828,0.5242088357297433,0.23600942701592956,0.23978173725432717
2025-11-03,-0.001626571869121629,-0.019879735155513483,0.011606233528521378,-0.002767891502127336,0.5245572075568093,0.23606583801524417,0.23937695442794643
2025-11-04,-0.03316622622993511,-0.03718959971563492,-0.03392925924276413,-0.03429580209321522,0.5246815675522861,0.23521844239816528,0.24009999004954855
2025-11-05,0.03558101698440256,-0.008492490117499085,0.03916653826389845,0.026081363770520682,0.5248060116083638,0.23507553031697132,0.2401184580746648
2025-11-06,0.04928185021512085,-0.0073373349127603404,-0.0017025712635172126,0.02379257102417552,0.5258497294213954,0.23337304515551502,0.2407772254230896
2025-11-07,0.00964906082171213,0.030535028508887747,-0.01543971406694448,0.00848299141135835,0.528663576201225,0.23184869399924396,0.2394877297995312
2025-11-10,-0.0004930843311839647,0.015549587208286845,0.04824308279092119,0.014856792970307179,0.5287901279098013,0.23292357206145428,0.23828630002874432
2025-11-11,-0.011098252513109252,-0.008571675943295923,-0.0385404420392067,-0.01709472128176993,0.5270837889585357,0.23295545443413146,0.23996075660733288
2025-11-12,-0.023617666647185637,-0.008864163871896405,0.0023220644310684158,-0.013978083951916891,0.5277462417285491,0.2333720289166259,0.23888172935482502
2025-11-13,-0.02315922619167521,-0.030433038979554333,-0.04550725257721725,-0.030215376622402413,0.5266776211151409,0.23362217595252505,0.23970020293233396
2025-11-14,0.01117879070422756,-0.007280801297059695,0.015238955919840222,0.007836525969206646,0.5274576696117046,0.23361107391601937,0.23893125647227603
2025-11-17,-0.02296472586354818,-0.020329168153097155,-0.0008949824497276696,-0.017069636242215448,0.5278271674758112,0.2328702477443295,0.23930258477985933
2025-11-18,-0.0011110576992757748,-0.0036943961478770695,-0.04207326603434528,-0.011547923912927997,0.527173167739971,0.23271047381577645,0.2401163584442526
2025-11-19,-0.01784160463433478,-0.0038214273650355457,-0.0008000113405596254,-0.010507806532078568,0.5283264247168895,0.2330930694198439,0.2385805058632666
2025-11-20,-0.06278883745987866,-0.027765539733842364,-0.05125456455688356,-0.05185622485113567,0.5275126633750769,0.23342027888375924,0.23906705774116394
2025-11-21,-0.03200002814203288,-0.01115690711220052,0.0167232972764008,-0.01548195410009271,0.526937014735052,0.23425680965272302,0.23880617561222514
2025-11-24,0.009399471102592058,0.030926135525266057,0.0600155190910295,0.026616121038015764,0.5251077566499505,0.23446762382914427,0.2404246195209053
2025-11-25,-0.0032333555777600553,0.008594893781537105,0.014223094949558535,0.0037636112767714417,0.5234740025098897,0.23479715919612723,0.24172883829398314
2025-11-26,0.028608954355900867,0.0056561830281703545,0.016170302241771628,0.02020085643365832,0.5227047305348991,0.23503519975784615,0.24226006970725478
2025-11-28,0.013728780791796883,0.014306538122688487,0.02495843912358679,0.016582350380866254,0.5236274400348592,0.23431793984649057,0.24205462011865025
2025-12-01,-0.010349394133638334,-0.008590961866501138,0.0017683291756369623,-0.006999245636472728,0.5233134912253693,0.23420586520455974,0.2424806435700711
2025-12-02,-0.004943224983476657,0.014129740414128364,-0.007199976469405622,-0.0010259466963102254,0.5229451637280649,0.2341274628754152,0.24292737339651987
2025-12-03,0.0006189104380588395,0.01094028722138681,-0.01156665092837302,8.676146294532994e-05,0.5225143317286787,0.23487343778277595,0.24261223048854533
2025-12-04,0.015792955007410552,-0.0011204304089321715,-0.021467703418545758,0.00279360690009789,0.5225720265511353,0.23540906597650202,0.24201890747236265
2025-12-05,-0.025175044889896598,0.0009272209325518569,0.0132663977018496,-0.009779186909864112,0.5239978195204503,0.2352144368042241,0.24078774367532543
2025-12-08,0.01540497887477151,0.010386200360797848,0.022314739812148526,0.015893686844755794,0.522303187304068,0.23574242410483542,0.2419543885910966
2025-12-09,0.011035417809635684,-0.0015322523859328345,0.0037008838551700527,0.00629909397662623,0.5222493880941318,0.23546983901176527,0.24228077289410294
2025-12-10,0.0036992937465574562,0.005277480360217061,0.027267040231485407,0.009777191883719213,0.5227687700586431,0.23508276359550123,0.24214846634585555
2025-12-11,-0.016216703418521255,0.006437458639082072,-0.004166007939081025,-0.007967353481940637,0.5221008244860446,0.2348602208748412,0.24303895463911426
2025-12-12,-0.030836392611411207,-0.035719651613888535,-0.042098333315484814,-0.034726019095098044,0.5211961299794621,0.23557129508271082,0.24323257493782702
2025-12-15,-0.024753588351822026,0.016860952301078164,0.005466903754545875,-0.007613213719737601,0.5216217827656653,0.23552203444951852,0.24285618278481624
2025-12-16,-0.0017443565106423458,-0.0025075969413664487,-0.008816781005391591,-0.003647335018140775,0.5197437410389664,0.2367338798452068,0.24352237911582683
2025-12-17,-0.03294402473672494,-0.028034196197247452,-0.04053861064904185,-0.03362886860115262,0.5199513857006853,0.23679050229595106,0.24325811200336359
2025-12-18,-0.009157870259493106,0.021892604469069637,0.03209449902611161,0.008223646025326797,0.5200259481096877,0.23706876578113895,0.24290528610917336
2025-12-19,0.0080786754828297,0.021332465095326752,0.0004299510963355531,0.009362505111921618,0.5181273686245942,0.23774846298952032,0.24412416838588546
2025-12-22,0.012843330323989136,0.012673504748947276,0.0017530953785499144,0.010100535710670488,0.5179870766350679,0.23834655508356,0.2436663682813721
2025-12-23,-0.0039055455734959463,0.010115060611853854,-0.0010351017932886952,0.0001362273414420084,0.5182852598309577,0.2384752561056155,0.2432394840634266
2025-12-24,-0.0030667199390063127,0.00278023199350134,0.003836452822142881,9.267422006104518e-06,0.5178451684897343,0.2389753465195024,0.2431794849907634
2025-12-26,0.004888097265157339,0.0024191723413005497,0.00266087511683973,0.003755691692975837,0.5175106531162931,0.23911439306349017,0.2433749538202167
2025-12-29,-0.002247087927939743,-0.01991318735438304,-0.01530008330798945,-0.009646162758820319,0.5176337186802029,0.23904728318096552,0.24331899813883162
2025-12-30,-0.0030200104908203094,-0.005889087718966309,-0.0020079313701987975,-0.003458412010931891,0.5184379452462812,0.2385321120354766,0.2430299427182423
2025-12-31,-0.01106276740782323,-0.012407768160669056,-0.006047069903250583,-0.01016409356537733,0.5184856539854049,0.2384103757015662,0.24310397031302894
2026-01-02,0.013475400477013752,0.03995732233709622,0.018250189326101268,0.020947764532315713,0.5183877482078846,0.2382980397844781,0.24331421200763748
2026-01-05,-0.009535586157925527,0.029572053077786986,-0.03215071277592629,-0.005678510802424369,0.517573599465589,0.239250611718412,0.2431757888159989
2026-01-06,-0.007589496192657992,0.017666028347505785,0.04273642979901793,0.010667809711147117,0.5171491160503643,0.24102573540939795,0.24182514854023765
2026-01-07,0.007372801617433848,-0.01744749279741986,0.003462601727374263,0.0004297658617270434,0.5151652236374039,0.2413779077130409,0.24345686864955518
2026-02-03,0.020803763197806264,0.023481469985752883,0.02088373569292945,0.021467161240502578,0.5159157171014543,0.24047286763267894,0.24361141526586672
2026-02-04,-0.05437084811506424,-0.0304965167056284,0.005324149659377479,-0.03408668943655047,0.5158438334124092,0.24057460351528784,0.24358156307230286
2026-02-05,-0.04361193893384152,-0.0386882975081978,-0.029636330679776186,-0.03899628858910078,0.5138737439057343,0.24063938961959055,0.24548686647467516
2026-02-06,0.054006523135956885,0.05355930561971552,0.037875661291063345,0.04993119498854725,0.5133755265437064,0.24065478183298375,0.24596969162330973
2026-02-09,0.03258496779660317,0.04360662903961073,0.028935893763526604,0.03434320377173594,0.5136968282799499,0.24080539828281497,0.24549777343723497
2026-02-10,-0.03853130502567607,-0.004977514800005338,0.0007124397265018493,-0.020812331223701096,0.5135068578921009,0.2412741409789726,0.24521900112892653
2026-02-11,0.000976580495698524,0.024708436443992083,0.002599198198741067,0.007121189588724757,0.5115958741434975,0.24207599795176432,0.24632812790473818
2026-02-12,0.0011101633065139598,-0.03434141296253468,-0.003140197015504609,-0.008549535385413557,0.5109350341156467,0.2429711835241762,0.2460937823601771
2026-02-13,0.01208841667499135,0.0369000744219623,0.01116876451218829,0.017857765137049002,0.5119700953217012,0.24165758530022038,0.24637231937807846
2026-02-17,-0.00243775786544013,-0.015434550971233732,-0.00508083701118182,-0.006241374003610764,0.5113488811753492,0.24262526144282812,0.24602585738182264
2026-02-18,0.01969852524667907,0.012098247877774656,0.0014532879203040066,0.013368172203848748,0.5117571705827896,0.24215715823134368,0.24608567118586686
2026-02-19,-0.020805414110173892,0.010658656555237714,0.010516850424050114,-0.005499516357086228,0.512437309076225,0.24209228943470798,0.24547040148906715
2026-02-20,-0.011826140082550932,-0.0024734365846800963,0.00017358173165438195,-0.006598754561014726,0.5107900842121418,0.24291383731688942,0.2462960784709688
2026-02-23,-0.07062180154850058,0.007685103899099599,0.002888363893972142,-0.033452475739788656,0.5102293409141974,0.24312421127662853,0.2466464478091741
2026-02-24,0.013470801414800318,0.0032494772875290012,0.003969016142299127,0.008613480528634478,0.5073285638826414,0.24468823207630397,0.24798320404105464
2026-02-25,0.0633399587400496,0.003714030037870667,-0.009875318374747902,0.0306281792262778,0.5078460492347547,0.244412629200374,0.2477413215648712
2026-02-26,0.0334157454668644,0.0007473077084135804,0.00840787926899722,0.01931333700768162,0.5106339815755049,0.24337721198677162,0.24598880643772345
2026-02-27,-0.02021483560542155,0.005674299511132889,0.008042787546491422,-0.007003432597821444,0.512146044310205,0.24242901668922784,0.24542493900056722
2026-03-02,-0.001012742471544481,-0.023825397374931834,0.017160762507793265,-0.002083584429039856,0.5107250470238002,0.24307431533425186,0.24620063764194794
2026-03-03,-0.0417703034686245,-0.04500942796019425,-0.027385023959791366,-0.03899807047808945,0.5108375828430985,0.2419659186992041,0.24719649845769737
2026-03-04,0.021899033639667904,0.003329521888604914,0.010013341722124203,0.014466245336232093,0.5105397574466957,0.24166041197890112,0.24779983057440316
2026-03-05,-0.01327138414736051,-0.017920726032121286,-0.02981398610524714,-0.018487736651535462,0.5113365625907085,0.24109556291792883,0.2475678744913627
2026-03-06,-0.046291357245853614,0.014386142468508703,-0.013030779447183857,-0.02344587375504819,0.5118964887982281,0.24112402927664753,0.24697948192512423
2026-03-09,0.029933846029550626,-0.0025504636792176294,0.01410147940511645,0.018119956636332788,0.5094393361692998,0.2430438953236572,0.24751676850704302
2026-03-10,-0.01261097249351717,0.0027993311035069413,-0.0031654048834199497,-0.006545874599707329,0.5107027678125655,0.24199022537016807,0.24730700681726647
2026-03-11,-0.0029608226929468775,-0.009567147413496216,-0.002260591441185659,-0.004389332732769124,0.5100522339726403,0.24246536727275184,0.2474823987546078
2026-03-12,-0.029027212865142687,-0.009789070331374808,-0.029962315596104034,-0.02459922459592555,0.5102051685874078,0.24220182174776053,0.24759300966483164
2026-03-13,0.009226854068392817,-0.022067125735672415,-0.010491725390409138,-0.0032528822977239587,0.5097301706431292,0.24295589749004748,0.2473139318668232
2026-03-16,0.016941596682287525,0.00281203544911246,-0.00012972306073007664,0.009306740891095141,0.5110657860462067,0.24199692331370376,0.24693729064008968
2026-03-17,0.010133775455552163,-0.0028510415812373533,0.004836297628130204,0.005690223467233732,0.5118851455121071,0.24166676125982522,0.24644809322806785
2026-03-18,-0.015717863683519278,0.002245488462978081,-0.009422557466169082,-0.0098333137315123,0.5123627166650477,0.24123353194774647,0.24640375138720577
2026-03-19,0.007346719235773643,-0.002780482095834924,0.019304950659016013,0.007844300662126635,0.511729354627365,0.241845926565134,0.246424718807501
2026-03-20,-0.0498666929124972,-0.05000817333242117,-0.002318559542616061,-0.038155579384945994,0.5116752110516581,0.24130660222800346,0.24701818672033826
2026-03-23,0.012118767256900531,0.011275718924272926,0.017628929037745305,0.01328722036939111,0.5104134163335696,0.24070479992463695,0.24888178374179348
2026-03-24,0.02643014831155373,0.03646279326674673,0.01353395701804246,0.025631479509620813,0.5102881173259258,0.2406031102450412,0.2491087724290329
2026-03-25,0.005347057906099202,0.00812957856358587,-0.0064253911321393575,0.0030928892632104206,0.5103729787624545,0.2411506575246004,0.24847636371294507
2026-03-26,-0.07372701088290723,-0.0575259829252609,0.009602974228810698,-0.049151818727264124,0.5106142825821011,0.2414056925312284,0.24798002488667062
2026-03-27,-0.018301349302293362,0.027631292429317684,0.016201851848255844,0.001389421401590432,0.5090244063481661,0.24065403871662855,0.25032155493520525
2026-03-30,-0.02985098857966595,-0.01950628097621983,-0.0034810489238306466,-0.020726290775906632,0.5069192314730087,0.24198166335895283,0.25109910516803846
2026-03-31,0.05852268161164109,0.05363394832392854,-0.01073458509720678,0.03988591152437573,0.5059475010333343,0.2420430414331319,0.2520094575335338
2026-04-01,0.0018653489573102755,0.05224824320305436,-0.039197694000252935,0.0038493858279226023,0.5075685655948676,0.2428185515325625,0.24961288287256983
2026-04-02,0.0005815412901741072,0.021486575224222593,0.0033599350712945433,0.006394928832030198,0.5074043153928011,0.24520610094522724,0.24738958366197175
2026-04-06,0.028331333013733584,-0.026942353210108887,0.00759927786693045,0.009609270051241604,0.5067844066507128,0.2459840435143575,0.24723154983492956
2026-04-07,-0.0004911755286145144,0.027381961083730328,0.008343675491429373,0.008495976290436642,0.5087751350161641,0.24410041004202246,0.24712445494181356
2026-04-08,0.011639377650930963,0.045075677089966515,-0.033348570066411086,0.008716368328635708,0.5078143921806068,0.24506975541873421,0.24711585240065892
2026-04-09,0.00415654166050657,0.004316024735819601,-0.006788771906771074,0.0015149974343693353,0.5081176281217518,0.24694397029919055,0.2449384015790576
2026-04-10,-0.05050377610813176,0.005881718165889079,-0.009560704769492112,-0.026560479311125824,0.5083993208065224,0.2470891475146283,0.24451153167884937
2026-04-13,0.04489154231667247,-0.006948817531554001,0.007879014659023223,0.022913909013049558,0.5058689607810647,0.2487615519666542,0.24536948725228117
2026-04-14,-0.0012545096393815995,0.030749482380424038,-0.02390015665509293,0.0011180203357369686,0.5082032514540047,0.2472035640964765,0.24459318444951886
2026-04-15,0.012746952914886403,-0.022068836705846955,-0.007268706614562322,-0.0007832856839839562,0.5079459319847058,0.24874456377676876,0.24330950423852546
2026-04-16,0.0010861118867547814,0.025256403730949655,0.01928263045318464,0.011492836767045007,0.5093888122539415,0.24763398689351065,0.2429772008525479
2026-04-17,0.007437391507143991,0.020128959183091173,-0.023761613420822503,0.002996305677850887,0.5082754938362907,0.24835013113359086,0.24337437503011838
2026-04-20,0.0037475868155729675,-0.002939181890644164,0.003884414995833881,0.002114064483749916,0.5087468646042338,0.2492438566757931,0.24200927871997296
2026-04-21,0.020677976625982364,-0.029107170386234043,-0.006874233798752997,0.0016121290053425323,0.508921319764121,0.2489794573874027,0.24209922284847624
2026-04-22,0.018545169252121612,0.025680229101446923,0.0007123438599081858,0.016000627824822415,0.5109581129432684,0.24737606306305687,0.24166582399367467
2026-04-23,0.022294415141227025,-0.0005352631174606234,-0.00011027937307587592,0.011238334422880778,0.5112302834574444,0.24787896657170463,0.24089074997085103
2026-04-24,0.009183538969505708,0.04333846405936481,-0.0017375038942418763,0.015004387451885665,0.5124171803486549,0.24726615669996707,0.24031666295137805
2026-04-27,-0.007336957674012805,-0.023759620712776302,-0.014136069124984033,-0.013050130223380994,0.5117879957243586,0.24874025963892762,0.23947174463671375
2026-04-28,-0.05389851842049712,-0.04517418479293348,-0.030924919644703897,-0.04623303482497924,0.5124018760762602,0.2481812241226347,0.2394168998011052
2026-04-29,0.03591932142337203,0.05585915204844083,0.011155070461353223,0.034921462726473985,0.5117812843000861,0.2481319760800793,0.24008673961983462
2026-04-30,0.014127641246557113,0.05081710159454674,0.027287332492337318,0.026407777493158258,0.5120426977360899,0.2489938928951968,0.23896340936871327
2026-05-01,-0.007097576667080256,0.025493775831251824,-0.00012454487980876708,0.0027247558488388843,0.510743315864913,0.25024005974530283,0.2390166243897843
2026-05-04,0.009960358691772067,0.017979255909251018,-0.006806331130860192,0.007971513300740302,0.5096888610564433,0.2514384421127851,0.23887269683077164
2026-05-05,0.03043672766545365,0.029433068833023546,0.005852287196128107,0.024329493737307875,0.5099008889878484,0.25196698659493993,0.23813212441721177
2026-05-06,0.037910212125488764,0.021793458740910394,0.011836249347444575,0.027659989484147985,0.5105540639908973,0.25223658324125636,0.23720935276784635
2026-05-07,-0.03387561046461666,-0.043470285174354285,-0.046263641504521856,-0.03922155264335027,0.5116528662751045,0.2519253503389997,0.23642178338589578
2026-05-08,0.011971207239575935,0.03253330782454111,0.023651379903606513,0.0199040629519652,0.5122272458932776,0.25170050280905454,0.2360722512976679
2026-05-11,0.037729226753834576,0.08220925371125865,0.06950028443886665,0.056460742144885584,0.5113737833232563,0.25236851280792644,0.23625770386881711
2026-05-12,-0.0317114967950343,-0.04439302665942139,-0.03661199030380646,-0.036075438107868646,0.5107298825627704,0.25270107842101397,0.2365690390162156
2026-05-13,0.03741136230007136,0.0235580755685237,0.028319030402913985,0.031766012710683286,0.5111978367117841,0.2522599206461299,0.23654224264208595
2026-05-14,0.005467545509025988,-0.00838628909865887,0.016810208106066222,0.0046598749628297045,0.511803825772224,0.2518252826999269,0.23637089152784901
