date,fold,n_universe,stat,oracle,turnover
2019-04-01,1,276,-0.5844582197202564,2.8496319962005288,0.0
2019-04-02,1,276,-0.7221094887984436,3.3227335297003906,0.2
2019-04-03,1,276,0.3117947636158136,3.1069583455321927,0.2
2019-04-04,1,276,0.7446249410100738,3.329498699803478,0.0
2019-04-05,1,276,0.3664333744884152,3.3138054388572384,0.0
2019-04-08,1,276,0.2986706681708438,3.6590302570520157,0.0
2019-04-09,1,276,-0.3206745811826085,2.9225878337227598,0.0
2019-04-10,1,276,-1.2176144829640212,3.0473419129595243,0.0
2019-04-11,1,276,-1.4697914983907534,3.3479494543907458,0.0
2019-04-12,1,276,-0.674404426508344,3.90510624509946,0.2
2019-04-15,1,276,-0.3412497215376753,4.0819991832088105,0.0
2019-04-16,1,276,-0.2241571368396114,3.7769908192175548,0.0
2019-04-17,1,276,1.2551551800476664,2.6471748777498605,0.0
2019-04-18,1,277,1.9504677168355236,2.679355094047653,0.0
2019-04-22,1,277,1.4107840965078347,2.50866703242383,0.0
2019-04-23,1,277,0.8333304984699158,2.6645845599034343,0.0
2019-04-24,1,277,0.3366413191496064,2.9695307520679495,0.0
2019-04-25,1,277,-0.04346073050227388,3.5231694892701606,0.0
2019-04-26,1,277,0.01893368168924281,3.584435738423882,0.2
2019-04-29,1,277,0.08767078341538888,3.2082578517617506,0.2
2019-04-30,1,277,0.015905457950467314,2.6126888291037895,0.2
2019-05-01,1,277,0.7191655020361619,2.830510723563776,0.0
2019-05-02,1,277,1.1080027091231215,3.0729461040617547,0.0
2019-05-03,1,277,1.20773279751245,3.2628314876860274,0.0
2019-05-06,1,277,-0.274674871012874,2.5245627792748837,0.2
2019-05-10,1,277,1.0361980273968174,2.4728964580959216,0.0
2019-05-14,1,277,0.8509727037698575,2.8005537404364875,0.0
2019-05-20,1,277,0.6073401892469916,2.8355793409870444,0.0
2019-05-21,1,277,-0.1587491872536416,2.4654587688248224,0.0
2019-05-22,1,277,0.72140369047666,2.628238194962056,0.0
2019-05-23,1,277,1.6622367261469964,2.8073872042349057,0.0
2019-05-24,1,277,-0.519225479941872,3.0166228187801765,0.2
2019-05-28,1,277,-0.1183169977778004,2.8046338088969547,0.2
2019-05-29,1,277,1.121418382705742,2.6252169421430316,0.2
2019-06-14,1,278,0.19800843856232977,2.750513193960327,0.2
2019-06-18,1,278,-1.285725828315421,2.1275558016570826,0.2
2019-06-19,1,278,-1.9348947094222257,2.8153393325939304,0.2
2019-06-20,1,278,-1.8772472812839482,3.0465756234406687,0.2
2019-06-21,1,278,-1.7314574988002889,3.617192094798754,0.2
2019-06-24,1,278,-0.8751725386087381,3.4852584549594416,0.2
2019-06-25,1,278,0.30981761405124547,3.7463814653355336,0.0
2019-06-26,1,278,1.0369023884866337,2.535621125737627,0.2
2019-06-27,1,278,1.1531249618053199,2.6508003183799773,0.2
2019-06-28,1,278,1.495261509067722,2.5298330574294647,0.0
2019-07-01,1,278,1.5426642644413944,2.673700378061932,0.2
2019-07-02,1,278,0.5512382319668667,3.401016702438413,0.2
2019-07-03,1,278,1.000707635291676,3.319632655336675,0.2
2019-07-05,1,278,0.43335764512330066,3.853994576981306,0.2
2019-07-08,1,278,0.18962789248108916,3.330598396389553,0.0
2019-07-09,1,278,-0.876580493999391,3.37178437009561,0.2
2019-07-10,1,278,0.1351496146575861,3.06832195027054,0.2
2019-07-11,1,278,-0.25153470899976316,2.84856550398183,0.2
2019-07-12,1,278,0.07803841577533487,3.0411437138003827,0.0
2019-07-15,1,278,0.0037643229924949314,3.7182091520181944,0.0
2019-07-16,1,278,-0.22308331029455447,3.8307553351253687,0.0
2019-07-17,1,278,-0.8796198104275967,3.342765212759236,0.0
2019-07-18,1,278,-0.8882347869963718,3.8113794984729545,0.0
2019-07-19,1,278,-0.39689030260173963,2.821986946381449,0.0
2019-07-22,1,278,-1.4449260123623469,2.9907133212790256,0.0
2019-07-23,1,278,-1.3270034113066056,3.016592891206783,0.0
2019-07-24,1,278,-1.1717789843805382,2.564231500133426,0.0
2019-07-25,1,278,-0.6310301611109922,3.058603644932437,0.0
2019-07-26,1,278,-1.0559443515693734,3.0875329650220316,0.0
2019-07-29,1,278,-0.3386592534065276,2.903907306802206,0.0
2019-07-30,1,278,0.09090725557436968,2.357531230843507,0.0
2019-07-31,1,278,0.057292433231191486,2.1982716940200056,0.0
2019-08-01,1,278,-0.030270282240009463,2.6841795538531508,0.0
2019-08-02,1,278,0.23487594162964393,3.067635213469946,0.0
2019-08-12,1,278,-0.7616890958161261,3.608982659059282,0.2
2019-08-13,1,278,-0.7517324154046914,3.2408149542134614,0.0
2019-08-21,1,278,0.028285979645175523,3.144482215498374,0.2
2019-08-22,1,278,0.4466717174596958,3.5891090399333523,0.0
2019-08-23,1,278,-1.1168034887177452,3.202522054497853,0.0
2019-08-26,1,278,-1.2879265496414083,2.9664948511283846,0.2
2019-08-27,1,278,-1.230967804059505,3.0922374556628713,0.0
2019-08-28,1,278,-1.204528539646583,3.1988831206503283,0.0
2019-08-30,1,278,-2.1156689487862668,3.16308153386675,0.2
2019-09-03,1,278,-1.8973453588693423,3.1478317804809457,0.2
2019-09-04,1,278,-1.9568532128710405,2.602668216481462,0.0
2019-09-05,1,278,-1.8722347284344782,2.785792402910688,0.2
2019-09-06,1,278,-2.066774955581877,2.2395953274289946,0.4
2019-09-09,1,278,-0.6555681009381148,3.1691143013384275,0.2
2019-09-18,1,279,-0.09108866720054201,3.4163529224455202,0.4
2019-09-19,1,280,0.22928794319760082,3.336529460496029,0.2
2019-09-20,1,280,-0.6302867018573443,2.938158876503839,0.0
2019-09-23,1,280,-0.5527299034300326,2.758352468325982,0.0
2019-09-24,1,280,-0.05335469358888462,3.2379023520925303,0.2
2019-09-25,1,280,0.19596598012988334,2.4462676740741944,0.0
2019-09-26,1,280,1.1715275615939753,2.716981283972435,0.2
2019-09-27,1,280,2.412153694190895,3.596436249989375,0.2
2019-09-30,1,280,1.8086131251159059,3.9622014117346125,0.2
2019-10-01,1,280,0.897215645875127,3.397358768065588,0.2
2019-10-02,1,280,1.0497703234354803,3.9054228763315004,0.0
2019-10-03,1,280,0.39772515920932777,2.569009763636088,0.2
2019-10-04,1,280,0.11500864798069099,3.0738987227764833,0.2
2019-10-07,1,280,-0.1513596507320911,2.860145503692545,0.0
2019-10-08,1,280,0.00797944949527775,2.67368714574962,0.0
2019-10-09,1,280,-1.0550136981196008,2.9345948492299354,0.0
2019-10-10,1,280,-1.061302950076217,3.245770731709282,0.0
2019-10-11,1,280,-1.272277380302159,2.3672384735584977,0.0
2019-10-14,1,280,-1.557073645443492,2.159414423324757,0.0
2019-10-15,1,280,-1.6000751648111187,2.1704894563739354,0.0
2019-10-16,1,280,-1.5491236385967322,2.2737663660523473,0.2
2019-10-17,1,280,-0.6099246738569191,3.0467154225929005,0.2
2019-10-18,1,280,0.471261854218878,3.3427417554481442,0.2
2019-10-21,1,280,0.464491711647954,3.7773412979665744,0.2
2019-10-22,1,280,0.6525455146619057,3.765602428053886,0.2
2019-10-23,1,280,1.3121030722221587,3.7306310619583534,0.2
2019-10-24,1,280,0.11731563820880422,4.055063987340521,0.0
2019-10-25,1,280,-0.020065444749862705,4.095531515099558,0.2
2019-10-28,1,280,-0.43224568910902506,3.6728104536301736,0.0
2019-10-29,1,280,-0.5375114555581508,3.5351195376229247,0.0
2019-10-30,1,280,-1.1196045338680085,3.4739938073046224,0.0
2019-10-31,1,280,-0.6757092153776689,2.9523358838531135,0.2
2019-11-01,1,280,-0.8538126922327187,3.1589026383563814,0.2
2019-11-04,1,280,-0.32331833190110004,3.671239934159403,0.2
2019-11-05,1,280,0.3335960434197395,3.6102985799049017,0.0
2019-11-06,1,280,0.6130275847808004,4.139165051218778,0.0
2019-11-07,1,280,1.1634865293521492,3.9663711159100843,0.0
2019-11-08,1,280,0.9883756814632653,4.222976511040381,0.2
2019-11-11,1,280,1.1925005645011368,3.8883453608868592,0.2
2019-11-12,1,280,1.2845131340584537,3.5864111465669977,0.2
2019-11-13,1,280,1.7971347044489803,3.879998120271164,0.2
2019-11-14,1,280,0.40675276976694974,3.8847720675766206,0.2
2019-11-15,1,280,0.5482579884495756,3.6875644624691524,0.2
2019-11-18,1,280,0.14518060406283137,3.948408979270096,0.0
2019-11-19,1,280,-0.03714194472969057,4.274071022786897,0.0
2019-11-20,1,280,-0.5178455094387066,3.848786138911371,0.0
2019-11-21,1,280,0.2186881687555366,4.063200228861826,0.2
2019-11-22,1,280,-0.9261644341520728,3.522803182944119,0.2
2019-11-25,1,280,-0.3471657264405508,3.1681281988308507,0.0
2019-11-26,1,280,-1.7089328608316954,2.9672401794909566,0.0
2019-11-27,1,280,-1.2777381974175752,2.334537070755532,0.0
2019-11-29,1,280,-1.409266608942892,2.215555934635265,0.0
2019-12-02,1,280,-0.26051495071696684,2.7320303857913943,0.0
2019-12-03,1,280,-1.2175473679924722,2.8677602357836234,0.2
2019-12-04,1,280,-0.8066173456066041,2.866398275475378,0.0
2019-12-05,1,280,-0.5006372660067141,3.04641187884211,0.0
2019-12-06,1,280,0.11938548105055569,2.726314984561893,0.0
2019-12-09,1,280,-0.3167175699947664,3.4104384234481713,0.2
2019-12-10,1,280,0.25571700839383293,3.3315726776964745,0.2
2019-12-11,1,280,-0.2540532448270685,3.4289192020547814,0.2
2019-12-12,1,280,0.33482867973511093,3.1396129122877996,0.2
2019-12-13,1,280,-0.4831946310400142,3.507222203993885,0.2
2019-12-16,1,280,-0.21557807987803893,4.105772808348586,0.2
2019-12-17,1,280,0.2031445454548358,4.056834456165399,0.2
2019-12-18,1,280,0.41665686474912655,4.25401284584963,0.0
2019-12-19,1,280,0.7017053016843817,3.9291504339874956,0.0
2019-12-20,1,280,-0.24926568060183793,3.829313627888413,0.0
2019-12-23,1,280,-0.5949079235110382,3.3510029718424774,0.2
2019-12-24,1,280,0.4146266090017953,3.7108314844613943,0.0
2019-12-26,1,280,-0.06803664730740067,3.6754462997196184,0.2
2019-12-27,1,280,0.6041604845034877,3.972249369654964,0.2
2019-12-30,1,280,0.6773847623128748,3.8272218722614646,0.0
2019-12-31,1,280,0.7355964259406349,3.7077192170852173,0.0
2020-04-01,2,281,-0.6697603060038883,4.394459748353064,0.0
2020-04-02,2,281,-0.07699967557881757,4.146920796270696,0.2
2020-04-03,2,281,0.07553968874408043,3.853839806484975,0.4
2020-04-06,2,281,0.4491128027527623,4.55779251078677,0.4
2020-04-07,2,281,1.358060472889137,4.422507479875682,0.2
2020-04-08,2,281,1.1531384794069455,3.6130037068473926,0.2
2020-04-09,2,281,1.6041997488510784,3.5704988580009767,0.4
2020-04-13,2,281,1.0947574054220646,3.702254788831577,0.0
2020-04-14,2,281,0.7512431536732036,3.8513613477102404,0.2
2020-04-15,2,281,0.3854462611056303,4.048607006552591,0.2
2020-04-16,2,281,-0.002854120884378451,4.661881369921685,0.4
2020-04-17,2,281,0.7502395092549129,4.52270347243949,0.4
2020-04-20,2,281,0.16283647911282303,3.3091246153729967,0.2
2020-04-21,2,281,-0.24834829000695538,2.8252938414471775,0.0
2020-04-22,2,281,-0.5036472083006013,2.975559037932107,0.2
2020-04-23,2,281,-1.1282096894112301,3.0057208039875123,0.2
2020-04-24,2,281,-1.3998807409698784,3.7044562825204985,0.4
2020-04-27,2,281,-1.0930796713790296,3.6128118660221977,0.2
2020-04-28,2,281,0.40305544663222675,3.286517422951005,0.2
2020-04-29,2,281,0.6187249390943933,2.805808971038243,0.2
2020-04-30,2,281,0.7656611771991552,3.5207636508703724,0.2
2020-05-01,2,281,-0.23179523827377344,2.7361703103045505,0.8
2020-05-04,2,281,-0.2468290513662712,3.166366792094268,0.4
2020-05-05,2,281,0.3051832229774302,4.4114053731995195,0.2
2020-05-07,2,281,0.17509474162577604,3.7423384632054697,0.2
2020-05-08,2,281,0.44872963455707165,3.287628603298356,0.2
2020-05-11,2,281,-0.5058880674766784,3.68112922775227,0.0
2020-05-12,2,281,-0.3011217657308171,3.350319676206811,0.2
2020-05-13,2,281,-0.2769624388797281,3.0103881035531606,0.2
2020-05-14,2,281,-0.14853887609056707,2.9337415405643243,0.4
2020-05-15,2,281,-0.35832549256471513,2.8662554987714755,0.2
2020-05-18,2,281,-0.974050573310727,2.962779207951738,0.2
2020-05-19,2,281,-0.7642878024479623,2.805961625441059,0.4
2020-05-20,2,281,-0.9551022381267421,2.9163051735346377,0.4
2020-05-21,2,281,-0.7827173895363806,3.2603400676789462,0.2
2020-05-22,2,281,0.05782065926777001,3.6382141342032157,0.4
2020-05-26,2,281,0.6059347364503975,4.067037962386759,0.0
2020-05-27,2,281,0.3108741652448474,4.585395822659897,0.2
2020-06-01,2,281,-0.6746172064330965,4.4009308646708725,0.4
2020-06-04,2,281,1.3022011384336918,3.0315749107213352,0.4
2020-06-05,2,281,0.9008537510452272,3.0704232860638148,0.4
2020-06-08,2,281,1.30830348687131,2.720534424285347,0.4
2020-06-11,2,281,0.5915469821251081,3.7019587925498505,0.4
2020-06-12,2,281,0.7564201379067107,4.013292860784142,0.2
2020-06-15,2,281,0.17585684135680815,3.8491470219492903,0.2
2020-06-16,2,281,-0.36987968384891906,3.709938088104523,0.2
2020-06-17,2,281,-0.09243368870562672,3.531960375588409,0.2
2020-06-23,2,281,1.0609806826423818,2.9306241989849346,0.4
2020-06-24,2,281,0.6394818190335971,3.356302612403822,0.2
2020-06-26,2,281,0.8413447617458745,4.718040394998828,0.2
2020-06-29,2,281,1.0048375284065718,4.342163859224837,0.2
2020-06-30,2,281,1.3311637891265764,3.4713995468655616,0.2
2020-07-01,2,281,1.6201412139243931,3.2602503640941833,0.0
2020-07-07,2,281,-0.14177781792824848,2.675612705857464,0.2
2020-07-09,2,281,-1.038034106561004,2.2184764659328655,0.2
2020-07-10,2,281,-0.7853288238088176,2.4511716976207394,0.2
2020-07-13,2,281,0.28305940227121307,3.43001945311939,0.2
2020-07-14,2,281,-0.34393109185217546,3.1580711015716547,0.2
2020-07-16,2,281,0.08364309381662055,3.5727381575508788,0.0
2020-09-03,2,281,-1.3780358507921742,1.9608693949554652,0.6
2020-09-04,2,281,0.21084374764923783,2.625846904553248,0.2
2020-09-08,2,281,0.2949560474649992,3.903046040733634,0.4
2020-09-09,2,281,-0.777443089727224,4.164906960875605,0.0
2020-09-10,2,281,-0.45752472345686374,4.528776652233987,0.0
2020-09-11,2,281,-0.3852620345383608,4.774032722247135,0.2
2020-09-14,2,281,1.3308370034673989,4.181778250980068,0.4
2020-09-23,2,282,0.19862082937409475,2.849866297551722,0.4
2020-09-25,2,282,-0.5604072095467869,2.62796167030236,0.0
2020-09-28,2,282,-0.2399856660292091,2.9933677311042777,0.2
2020-09-29,2,282,-0.004091006455009632,2.96840910308872,0.0
2020-10-28,2,283,-0.8112187771763881,3.497507384691288,0.6
2020-10-29,2,283,-0.14575465791848857,3.7685135009640747,0.2
2020-10-30,2,283,1.1582737442921223,3.852457747857028,0.0
2020-11-02,2,283,0.12774876592551776,3.287050584044253,0.2
2020-11-03,2,283,-1.0137702129096167,2.8422999086927403,0.2
2021-04-01,3,288,0.6815798627878616,2.1258612700111152,0.0
2021-04-05,3,288,1.4958681035045893,2.7200574859143343,0.0
2021-04-06,3,288,1.5306770460956582,3.465763380663804,0.0
2021-04-07,3,288,1.48429857279682,3.2328511646221436,0.0
2021-04-08,3,288,1.0857613873213967,3.345058262674839,0.0
2021-04-09,3,288,-0.17013589432423104,3.1462351540134135,0.6
2021-04-12,3,288,0.8686823610319877,3.506313864414248,0.0
2021-04-13,3,288,0.7277666273237633,2.6326798174816486,0.2
2021-04-14,3,289,-0.3110734193308393,3.1022298080504322,0.2
2021-04-15,3,290,-0.03142366187243381,2.7330212683600523,0.2
2021-04-16,3,290,-0.10814255580541801,3.21732308011011,0.2
2021-04-19,3,290,-0.3738522322322526,3.8468118009130876,0.2
2021-04-20,3,290,0.3762015386030563,3.3646280899891527,0.0
2021-04-21,3,291,0.15733235013147132,3.568487855057114,0.2
2021-04-22,3,291,0.3974950555404921,3.2518385017958513,0.0
2021-04-23,3,291,0.06144690999685835,3.1976622695029873,0.2
2021-04-26,3,291,-0.03198947932777838,2.6722835068850936,0.2
2021-04-27,3,291,-0.5039434137460214,2.009665264183725,0.2
2021-04-28,3,291,-0.12928241607653382,2.0836165928973043,0.2
2021-04-29,3,291,-0.016999020237622862,1.8330292883899404,0.0
2021-04-30,3,291,-0.1813655589337079,2.5831780900528694,0.2
2021-05-03,3,292,-0.4189910342466404,2.2762932833417437,0.2
2021-05-04,3,292,-0.6750948626910759,2.999416396904576,0.0
2021-05-05,3,292,-0.5432957408543538,2.8072368591765926,0.2
2021-05-06,3,292,0.8930528725583351,2.8909306500763527,0.2
2021-05-07,3,292,0.16860446596566153,2.4465899123238932,0.2
2021-05-10,3,292,1.105973228327632,4.210956475674921,0.4
2021-05-11,3,292,1.323881721330649,4.120851523948078,0.2
2021-05-12,3,292,0.952158553050807,4.017727373894492,0.0
2021-05-13,3,292,-0.41638328483176057,4.49823048837508,0.2
2021-05-19,3,292,2.829503772570379,4.894203706418188,0.2
2021-05-20,3,292,3.069965004537896,5.400652822729283,0.0
2021-05-21,3,292,2.1862061571867684,4.220758597355843,0.2
2021-05-25,3,292,1.7186939919202924,4.410161432761371,0.0
2021-06-02,3,292,0.39164339078512805,4.275648066426209,0.2
2021-06-03,3,292,-1.2346299437100483,4.134293788242078,0.2
2021-06-04,3,292,-0.4020322194250158,3.451694416142896,0.0
2021-06-07,3,292,-0.316030058842693,3.021955168870723,0.2
2021-06-08,3,292,-1.5008850401847589,2.418542624845349,0.0
2021-06-09,3,292,-1.803157431012042,2.938167702913748,0.2
2021-06-10,3,292,-0.1929796799068641,3.3702619982398345,0.0
2021-06-11,3,292,-0.23037108874593493,3.3893469990876723,0.4
2021-06-14,3,292,-0.3935444930066415,2.9414497884403596,0.0
2021-06-15,3,292,0.443094166222833,3.391884992880626,0.2
2021-06-16,3,292,0.9755876582007064,3.3414863137357464,0.2
2021-06-17,3,292,0.5374845516340414,3.5371244512044426,0.2
2021-06-18,3,292,0.1765638674054237,3.6517573794485996,0.0
2021-06-21,3,292,0.750301674754216,3.3561078801975377,0.2
2021-06-25,3,292,-0.06479747079973461,2.5983266850883435,0.4
2021-06-28,3,292,-0.5760790391136869,2.359930780143131,0.0
2021-06-29,3,292,-0.15523368141371816,2.0487097267866856,0.2
2021-06-30,3,292,-0.15224591761314218,2.195689171765423,0.2
2021-07-01,3,292,0.31612315255067935,3.0218458622750655,0.2
2021-07-02,3,292,-0.47475382133824073,2.8150574425065424,0.4
2021-07-06,3,292,-0.8039074824813849,3.1740852982405876,0.2
2021-07-07,3,292,-0.8053386433232604,2.4491782147546712,0.0
2021-07-08,3,292,-1.1087200953682934,2.154343150064561,0.0
2021-07-09,3,292,-0.9796752170654788,1.882440625843848,0.2
2021-07-12,3,292,-0.034902318594351445,1.979123862824455,0.0
2021-07-13,3,292,0.48313172615333216,2.5247989486416986,0.2
2021-07-14,3,292,0.8125512612615065,3.5045216759369433,0.2
2021-07-15,3,292,1.8361092721695045,3.537436934342243,0.2
2021-07-16,3,292,2.050004438525993,3.5537006164435505,0.2
2021-07-19,3,292,1.672888481288092,2.9064529049702883,0.2
2021-07-20,3,292,0.8991332931314202,3.687902215542807,0.0
2021-07-21,3,292,0.9532845678677688,3.4943855444301213,0.0
2021-07-22,3,292,-0.10265915090751176,3.0680957275700074,0.2
2021-07-23,3,292,-0.6780448994242212,3.7339465344826825,0.0
2021-07-26,3,292,-0.5234256043482659,4.314635327257553,0.0
2021-07-27,3,292,-0.17431106676391456,4.467484857145249,0.0
2021-07-28,3,292,-0.214544090323132,4.157758593803721,0.0
2021-07-29,3,292,-0.021104269668820112,4.225654656462827,0.0
2021-07-30,3,292,-0.13875775159311537,4.1458295444919635,0.0
2021-08-02,3,292,0.3577715758937206,3.7980644093999887,0.2
2021-08-03,3,292,0.462908449593065,3.814879101087359,0.0
2021-08-04,3,292,0.25438167181727966,2.899144034393154,0.0
2021-08-05,3,292,0.2536204687175865,2.766878618621884,0.0
2021-08-06,3,292,0.5541864221887327,2.7535803021813807,0.2
2021-08-09,3,292,0.20057378534497897,1.9716183643905771,0.0
2021-08-10,3,292,-0.2641572862362032,2.338501649967539,0.0
2021-08-11,3,292,0.02982545811080227,2.698755091060857,0.0
2021-08-12,3,292,-0.5118460709610451,2.577958769776724,0.2
2021-08-13,3,292,0.10608607011978462,3.075690848985123,0.2
2021-08-16,3,292,0.1835542756033985,3.9264034127942034,0.0
2021-08-17,3,292,1.896758750332871,4.688091060417793,0.0
2021-08-18,3,292,1.2981904046242934,4.903749019302802,0.2
2021-08-19,3,292,1.2724430332622254,4.968879340855687,0.0
2021-08-20,3,292,0.8549027984220382,4.215722930351864,0.0
2021-08-23,3,292,0.5829264952173231,5.538843461166886,0.0
2021-08-24,3,292,0.6307957995613798,4.714945112947824,0.2
2021-08-25,3,292,0.7340318730475011,3.956450835395535,0.2
2021-08-26,3,292,-0.2582997016441324,4.5386665580397025,0.2
2021-08-27,3,292,0.04862566706210989,4.515463600843296,0.2
2021-08-30,3,292,-0.25409972134893544,4.0485589313598656,0.0
2021-08-31,3,292,-0.7114781233310217,3.713511477940527,0.0
2021-09-01,3,292,-0.9075846663422894,3.72222441431762,0.0
2021-09-02,3,292,-0.42048369323847884,4.2098046483612634,0.0
2021-09-03,3,292,-0.4981733665323359,2.9888151922730715,0.2
2021-09-07,3,292,0.2538498442390297,3.3542283893650273,0.0
2021-09-08,3,292,0.5729729212342749,3.700320839669621,0.0
2021-09-09,3,292,0.669605161527827,3.703471205630182,0.0
2021-09-10,3,292,1.2413688172157995,3.063297344350886,0.2
2021-09-13,3,292,0.5054626904460243,3.6006312046973163,0.2
2021-09-14,3,292,0.798296839158731,3.383912631534163,0.2
2021-09-15,3,292,0.7159872086223119,3.402744784200331,0.0
2021-09-16,3,292,-0.05816308094742457,3.302097944293832,0.0
2021-09-17,3,292,-1.2026125810340624,3.40134195527319,0.2
2021-09-20,3,292,-1.0091234344485351,3.69263311184777,0.2
2021-09-21,3,292,-1.4538656327351693,3.2778941038508926,0.0
2021-09-22,3,292,-1.854823075012583,3.106223120138923,0.0
2021-09-27,3,292,-0.8039418213553124,3.279572000529549,0.0
2021-09-28,3,292,0.2009461981703364,3.6351704933203934,0.0
2021-09-29,3,292,0.5708814013003393,4.025348937753887,0.0
2021-09-30,3,292,0.7149323261351395,3.964878749808449,0.0
2021-10-01,3,292,0.4378789398958306,4.148079595425703,0.0
2021-10-04,3,292,0.5269079758628914,4.435138527716156,0.2
2021-10-05,3,292,0.4113813912463982,4.318019313036458,0.2
2021-10-06,3,292,0.9121932707542213,3.7493319984438194,0.0
2021-10-07,3,292,0.8615234186938097,4.0498797103777715,0.0
2021-10-08,3,292,0.815269768961486,3.7723389161726244,0.2
2021-10-11,3,292,1.514466439077474,3.657279162849438,0.0
2021-10-12,3,292,0.8061752325440923,3.490274168861011,0.0
2021-10-13,3,292,0.22982281498631876,3.71076247936304,0.0
2021-10-14,3,292,0.5160668442005225,3.2828817567799455,0.0
2021-10-15,3,292,0.12727428430297483,3.1648449964002325,0.0
2021-10-18,3,292,-0.2985523390167882,3.421506879358499,0.0
2021-10-20,3,292,-0.5345223043648956,3.01698032961147,0.0
2021-10-21,3,292,-0.4744028271152949,3.0057260936808468,0.0
2021-10-22,3,292,0.20484332484632173,3.1535367786505697,0.0
2021-10-26,3,292,0.49828768264829876,3.974149695544378,0.0
2021-10-28,3,292,1.3427239370502384,4.345928936237675,0.2
2021-10-29,3,292,1.0875529942922666,3.916809758129431,0.4
2021-11-01,3,292,0.39271001988789256,4.109795446104284,0.2
2021-11-02,3,292,-0.10568648717425005,4.111278932610048,0.0
2021-11-03,3,292,-1.3455235782943586,3.599571295988625,0.2
2021-11-04,3,292,-1.0263678982835882,3.861404621286634,0.2
2021-11-05,3,292,-1.238573601906564,3.807874810788955,0.2
2021-11-08,3,292,-0.9424685159368076,3.784152689828487,0.2
2021-11-09,3,292,-0.3617626130330575,3.1417336584886866,0.2
2021-11-10,3,292,-0.04057007556408195,4.115308801656668,0.0
2021-11-11,3,292,0.02109640522324572,3.972071712637247,0.0
2021-11-12,3,292,-0.6349596997512357,3.909435315072531,0.2
2021-11-15,3,292,-0.0057896305115724455,3.3186958897544003,0.0
2021-11-16,3,292,0.6212682607784551,2.1926703734791024,0.2
2021-11-17,3,292,1.1953634824746238,2.838053354945516,0.0
2021-11-18,3,292,0.14752637176021957,2.570816967648028,0.0
2021-11-19,3,292,-0.7955140307057403,2.2585369139841442,0.4
2021-11-22,3,292,-0.5360429126687876,2.2233389536580024,0.0
2021-11-23,3,292,-0.8187124798508303,2.8676845058234988,0.4
2021-11-24,3,292,-1.2720726457209135,2.678374830134634,0.0
2021-11-26,3,292,-1.8171782172817825,2.344900195242078,0.4
2021-12-01,3,292,-0.823425264686426,3.394127774742948,0.0
2021-12-02,3,292,-1.909671431706482,3.1798389994636773,0.0
2021-12-03,3,292,-0.7504045731932203,3.36190437289374,0.2
2021-12-06,3,292,-1.69524265633359,3.615581232308874,0.0
2021-12-08,3,292,-2.273364614554944,3.1258339676076927,0.2
2021-12-09,3,292,-1.554274647773415,3.1411556656428816,0.0
2021-12-10,3,292,-0.027474676973880497,2.9308341450143187,0.4
2021-12-13,3,292,0.22468645654450886,3.0979265847698816,0.2
2021-12-14,3,292,1.8606120207818564,3.0577518517011213,0.2
2021-12-15,3,292,0.04870490472815037,3.3481354727719754,0.2
2021-12-16,3,292,0.2453962745061229,3.175931227094048,0.2
2021-12-17,3,292,0.19301936768238107,3.051285627274754,0.2
2021-12-20,3,292,-0.3529797426690838,3.2359554257461127,0.2
2021-12-27,3,292,-0.15034857711786373,2.424876634671187,0.6
2021-12-31,3,292,-1.3023765541006307,2.383668667486684,0.2
2022-04-11,4,292,0.7079859324814173,3.701535265026642,0.0
2022-04-12,4,292,0.2854987922250749,3.0275308374108962,0.2
2022-04-14,4,292,-0.965514477685686,2.2879223714293637,0.2
2022-04-18,4,292,-1.5782679909253263,2.4140215976957586,0.0
2022-04-21,4,292,0.4499601609446128,2.797105976610223,0.2
2022-04-22,4,292,0.7768783851272245,2.934756252107242,0.0
2022-04-25,4,292,0.6588753933430594,3.2131694317042814,0.2
2022-04-26,4,292,1.2360895675108723,3.436240059281065,0.2
2022-04-27,4,292,0.7396518339950499,3.6103647350701893,0.0
2022-04-28,4,292,0.9204846397902063,3.384169697384963,0.0
2022-04-29,4,292,1.1312261436671354,3.2419778426334984,0.0
2022-05-02,4,292,0.03616134453850025,1.8643551876769646,0.0
2022-05-03,4,292,-0.11876167930648902,2.1883915830638854,0.0
2022-05-04,4,292,0.17458440722474483,1.5082763041703597,0.2
2022-05-05,4,292,-0.0174876791388577,1.7311324736356073,0.0
2022-05-06,4,292,0.041999098760083536,3.335239058154381,0.0
2022-05-09,4,292,1.4831981768062725,4.271849047836406,0.2
2022-05-10,4,292,1.0055291516989304,5.089800426846791,0.0
2022-05-11,4,292,0.15401494712424738,5.327089588229585,0.0
2022-05-12,4,292,0.4022511139912889,3.9891216210641205,0.0
2022-05-13,4,292,-0.040903354200842526,2.315578221970274,0.0
2022-05-16,4,292,-0.10089990207282587,2.234143952458851,0.2
2022-05-17,4,292,-0.03138503439032956,2.2580849475565405,0.0
2022-05-18,4,292,0.3737334554875677,3.8395682598615606,0.2
2022-05-19,4,292,0.26563009643272084,3.5100689798890423,0.4
2022-05-20,4,292,0.06355027727506209,4.244106359646956,0.4
2022-05-23,4,292,-0.5533146337605269,4.293837241947882,0.0
2022-05-24,4,292,0.9631823225006567,3.723259471850978,0.0
2022-05-25,4,292,1.4928713182496414,3.1330844907424753,0.0
2022-05-26,4,292,1.5370421372926888,4.090420743826998,0.0
2022-05-27,4,292,0.8741024645297018,3.234389547405615,0.0
2022-05-31,4,292,1.832312328531156,4.104878900928974,0.0
2022-06-01,4,292,1.9257035992896445,4.225554430553924,0.2
2022-06-02,4,292,0.38638583975069296,3.190764094733003,0.4
2022-06-03,4,292,0.6897631243963173,2.675326659591284,0.4
2022-06-06,4,292,-0.10789612254892032,2.216687806611249,0.0
2022-06-07,4,292,-0.6933219530732165,2.4337639396091637,0.0
2022-06-08,4,292,-1.1663368247977874,2.5166435317880222,0.0
2022-06-09,4,292,-1.4994046275185298,2.269751072403925,0.0
2022-06-10,4,292,-2.149760322878023,2.6595216673556115,0.0
2022-06-13,4,292,-1.5493560821003705,3.256737138723227,0.2
2022-06-14,4,292,-1.5957965453166598,2.513491092737137,0.0
2022-06-15,4,292,-1.1939221349333982,2.571111742799276,0.2
2022-06-16,4,292,-0.4890432835694666,3.672041418584174,0.2
2022-06-17,4,292,0.13088104373260193,3.8181989644247194,0.2
2022-06-21,4,292,0.1535299799706088,2.92801574459824,0.0
2022-06-22,4,292,0.7982274115331827,2.71345304277203,0.0
2022-06-23,4,292,0.48803019531870573,1.9588510936338182,0.0
2022-06-24,4,292,-0.1441791326395047,2.1007195115217723,0.4
2022-06-27,4,292,-1.297950711012484,3.0928357288459374,0.2
2022-06-28,4,292,-1.299721098216962,2.6264200775670026,0.0
2022-06-29,4,292,-0.9130262674529602,3.812234121503863,0.2
2022-06-30,4,292,0.489210820567903,4.248392120435073,0.2
2022-07-01,4,292,0.13486958275685343,3.7789818266760236,0.4
2022-07-05,4,292,0.24260852417835096,3.124014526619585,0.0
2022-07-06,4,292,0.932487065649555,3.6415431247938677,0.2
2022-07-07,4,292,0.09345824655099814,2.101549555722665,0.0
2022-07-08,4,292,0.6241436325555044,2.183625734572673,0.2
2022-07-11,4,292,0.754363032759264,2.809723504684258,0.0
2022-07-12,4,292,0.706644820348071,3.3345997111714594,0.0
2022-07-13,4,292,0.6129655967906531,4.300049830576661,0.2
2022-07-14,4,292,0.6885567764247099,3.909293684556644,0.2
2022-07-15,4,292,0.9279200711255768,3.725830077412064,0.4
2022-07-18,4,292,0.6782918108394997,3.4262322081642522,0.2
2022-07-19,4,292,-0.0053963715307965504,3.274842370250397,0.0
2022-07-26,4,292,1.503336653339148,3.1355626530636997,0.4
2022-08-23,4,292,0.2631416277787281,3.2441640227228694,0.6
2022-08-26,4,292,-0.4391329424089442,1.6110956930370506,0.2
2022-08-29,4,292,-0.9074956331936518,1.5744436364552497,0.2
2022-08-30,4,292,-0.3127928262720805,1.8495164553282328,0.2
2022-08-31,4,292,-0.395601619914351,2.549590498096058,0.0
2022-09-01,4,292,0.012291312354063368,4.38867008184071,0.2
2022-09-02,4,292,-0.8438271376775989,4.374119563062099,0.0
2022-09-06,4,292,-0.2952839197939424,4.490851570691186,0.0
2022-09-07,4,292,0.28832161644145277,4.08622606640166,0.0
2022-09-08,4,292,-0.0009667982525455559,3.4107880552655274,0.0
2022-09-13,4,292,-0.22507899883539662,2.4852035630304283,0.0
2022-09-14,4,292,-0.6023520389298234,2.469619493207105,0.0
2022-09-15,4,292,0.33874446871724206,2.139129652132185,0.0
2022-09-16,4,292,-0.17489573146098888,2.508693516237615,0.0
2022-09-19,4,292,-0.2962639182567902,2.773229515774235,0.0
2022-09-20,4,292,-0.03831934935592792,3.158862742002746,0.0
2022-09-21,4,292,1.0264784097010806,3.932123016686878,0.0
2022-09-22,4,292,0.4432010533160858,3.1189837426356934,0.0
2022-09-23,4,292,1.682191267587179,2.9599242157320567,0.2
2022-09-26,4,292,2.2736104464728824,3.376736334629837,0.2
2022-09-27,4,292,1.8779572320421913,3.3934361708799337,0.2
2022-09-28,4,292,1.3113738859623645,3.2160387161608215,0.2
2022-09-29,4,292,1.1593925676714785,3.5154172174987393,0.2
2022-09-30,4,292,0.8550502377463788,3.7890354275900675,0.2
2022-10-03,4,292,0.9165308390959922,3.0627463087259894,0.2
2022-10-04,4,292,0.44228555124346247,2.4897319284814055,0.2
2022-10-05,4,292,0.40387900110793973,2.2542212021209393,0.0
2022-10-06,4,292,0.3960670672271991,2.0255831427151105,0.0
2022-10-07,4,292,-0.01817447741806927,1.9638348711229638,0.2
2022-10-10,4,292,-0.10936522037838248,2.749334026339198,0.0
2022-10-11,4,292,-0.026088635976915898,3.5512557039088923,0.2
2022-10-12,4,292,0.2838731092012158,3.2409943444079596,0.0
2022-10-13,4,292,-0.17433127585935415,3.4882015762362477,0.2
2022-10-14,4,292,0.419188291308404,3.620201782588621,0.2
2022-10-17,4,292,0.4010042657761703,3.7789969084284847,0.2
2022-10-18,4,292,0.436184806914382,4.039414969373178,0.2
2022-10-19,4,292,-0.32898664649345766,3.5060169987480165,0.0
2022-10-20,4,292,-0.46996354773876003,2.510654518567204,0.2
2022-10-21,4,292,-0.5346472769482083,3.0425337990047767,0.2
2022-10-24,4,292,0.1335962063139109,3.2501780529861932,0.0
2022-10-25,4,292,0.5451236780308711,2.9024141539838815,0.2
2022-10-26,4,292,1.1878622320489023,3.0921727653000333,0.2
2022-10-27,4,292,1.2167608450309553,2.724698974406099,0.0
2022-11-02,4,292,-0.8094499481480399,2.1532184992978673,0.2
2022-11-03,4,292,-0.5944194344478775,2.8523134214597503,0.2
2022-11-04,4,292,-0.4713029945345383,3.1190009329177513,0.2
2022-11-07,4,292,-0.8174755068999303,3.3143237749904477,0.2
2022-11-08,4,292,-0.351206433351102,3.928677968790467,0.0
2022-11-09,4,292,0.37906999907783717,3.7793268805234943,0.2
2022-11-10,4,292,1.149523449541108,3.1095572770240385,0.2
2022-11-11,4,292,0.31064856241644845,2.3969141645085505,0.2
2022-11-14,4,292,-0.5949345526809903,2.7043486339860903,0.2
2022-11-15,4,292,-0.5301087903462192,2.015588265880789,0.0
2022-11-16,4,292,0.13491909549027506,3.6377939846293343,0.0
2022-11-17,4,292,-0.3520199583454767,3.457078984965129,0.0
2022-11-18,4,292,0.10233296540084504,2.9232309303991664,0.0
2022-11-23,4,292,-1.3976785939552294,4.211769178504033,0.2
2022-11-30,4,292,-0.9465505501535268,2.9616507520502546,0.2
2022-12-01,4,292,-1.2607525408167222,2.599535267092999,0.0
2022-12-02,4,292,-1.3082891152882659,2.6287884314729455,0.0
2022-12-05,4,292,-0.15073767513820377,4.624171972554764,0.2
2022-12-06,4,292,-0.256822676178439,4.710265935226263,0.0
2022-12-07,4,292,-0.16329631403759717,4.534978127380599,0.2
2022-12-08,4,292,0.9065699315038902,3.6303550120834784,0.2
2022-12-09,4,292,0.7174479743079074,3.1552394876230876,0.2
2022-12-12,4,292,0.05073661248115792,2.270342423845021,0.0
2022-12-13,4,292,0.5787106957429349,2.069222933753035,0.0
2022-12-14,4,292,0.52538318349659,2.359338778969538,0.0
2022-12-15,4,292,0.1555962294400488,2.3538188722976665,0.0
2022-12-16,4,292,0.6366166292304628,2.5496893582437776,0.0
2022-12-19,4,292,0.879820720765134,2.4673646678126215,0.0
2022-12-20,4,292,-0.2574986744682756,2.594488329164303,0.0
2022-12-21,4,292,-0.5150753026129965,2.1743881330093484,0.0
2022-12-22,4,292,-0.014597538426678693,3.428289045770498,0.0
2022-12-23,4,292,-1.453241782471593,2.6665865207654855,0.0
2022-12-27,4,292,-1.300224760446826,3.268893133504014,0.0
2022-12-28,4,292,-0.4435572649267895,3.023177838135788,0.0
2022-12-29,4,292,-0.3229903963410972,2.544787415045268,0.0
2022-12-30,4,292,-0.45343271089819775,2.8394898437350427,0.0
2024-04-01,6,292,0.5146867959465532,3.671676175187028,0.0
2024-04-09,6,292,1.2967148860155169,3.331873320605882,0.2
2024-04-17,6,292,-1.8808852249525523,2.388262551532093,0.0
2024-04-18,6,292,-0.7068356237536131,3.069464733702308,0.0
2024-04-19,6,292,2.161968299657385,3.3247885261865546,0.2
2024-04-22,6,292,2.079610925940435,4.345251897199978,0.0
2024-04-23,6,292,1.5921936540053312,4.1744729225177934,0.2
2024-04-24,6,292,0.3047555607878245,3.4071205613131688,0.2
2024-04-25,6,292,0.06526337070112946,3.2070137318748615,0.0
2024-04-26,6,292,-0.29026997771608964,3.879104312342425,0.2
2024-04-29,6,292,0.24327690337333135,3.9777153665628227,0.0
2024-04-30,6,292,0.06450565521963504,3.969243283267771,0.0
2024-05-01,6,292,1.0685630632565395,4.320072009865561,0.0
2024-05-02,6,292,0.3139308612655439,4.184443668459293,0.0
2024-05-03,6,292,0.12440837696423342,3.558031718833385,0.0
2024-05-07,6,292,-0.015066804029275911,4.36781717835349,0.0
2024-05-08,6,292,0.3784593569729592,4.147014999745465,0.2
2024-05-09,6,292,0.8825401049593491,4.071052828471472,0.2
2024-05-10,6,292,0.8661782022546568,3.82014842899804,0.2
2024-05-13,6,292,1.081102417459452,2.964547610367624,0.2
2024-05-14,6,292,0.6770220099123435,1.9794826499074816,0.2
2024-05-15,6,292,-0.6096185110026048,2.2021375459007624,0.0
2024-05-16,6,292,0.9231788110096415,2.821448575612527,0.0
2024-05-17,6,292,1.4798377514629486,3.736969164090889,0.0
2024-05-20,6,292,1.6437479519406595,4.170020547764336,0.0
2024-05-21,6,292,1.5951180726937124,4.8492078225933835,0.0
2024-05-22,6,292,0.9941302390559242,4.318660997400735,0.0
2024-05-23,6,292,-0.3624484923281351,3.891808560392606,0.0
2024-05-24,6,292,-0.7741743350888538,4.248563487929436,0.2
2024-05-28,6,292,-1.2883434219654386,2.979579563713696,0.0
2024-05-29,6,292,-0.5578574271010606,3.910715320637285,0.0
2024-05-30,6,292,-0.37802270168956537,4.404277055658882,0.0
2024-05-31,6,292,-0.14801931557858608,3.899476658486877,0.2
2024-06-03,6,292,0.17703726755509103,4.100051927464091,0.0
2024-06-04,6,292,0.002360510849776205,4.48895159402131,0.0
2024-06-05,6,292,-0.49567981003800193,3.4556048678707283,0.2
2024-06-06,6,292,1.2890673827969779,3.152806045384741,0.2
2024-06-07,6,292,1.502177516414904,3.6066005223563122,0.2
2024-06-10,6,292,1.2316122373254568,3.8594373773133226,0.0
2024-06-11,6,292,2.0120283505339644,3.8066830102486633,0.0
2024-06-12,6,292,1.4718184155388294,3.9801861819988615,0.0
2024-06-13,6,292,-0.28259194280842703,2.93721685535277,0.0
2024-06-14,6,292,-0.8963817246957504,3.5818068957871296,0.0
2024-06-17,6,292,-0.3096596374723597,3.8588351471984774,0.0
2024-06-18,6,292,-1.0110666910488013,4.4944931961842505,0.2
2024-06-20,6,292,-0.3156133694362209,4.379721092706316,0.2
2024-06-21,6,292,-0.6276462867661415,4.120144768352094,0.2
2024-06-24,6,292,0.28316245057842765,3.223164226245032,0.0
2024-06-25,6,292,-0.48352498406610156,3.6748525874373024,0.2
2024-06-26,6,292,0.6388014653828752,3.170424957189557,0.2
2024-06-27,6,292,0.3849008562257163,3.5277493818041163,0.0
2024-06-28,6,292,0.9173719623085703,3.8516964397499813,0.0
2024-07-01,6,292,1.0052227185129274,4.198033468870255,0.0
2024-07-02,6,292,0.8571187215219089,3.551549171658979,0.2
2024-07-03,6,292,-0.3544627259186096,2.891222089949831,0.2
2024-07-05,6,292,-0.3348449673537352,2.9509805873555432,0.2
2024-07-08,6,292,-0.29397568681603053,2.7958212227679047,0.2
2024-07-09,6,292,-0.882860945738831,3.0058315186157083,0.0
2024-07-10,6,292,-1.4055591630064497,2.2505054209144912,0.0
2024-07-11,6,292,-1.1968685960104333,2.5207486086034097,0.0
2024-07-12,6,292,-1.2586125355132998,2.5244058823212567,0.4
2024-07-15,6,292,-1.4389327128081937,2.3779512741299187,0.0
2024-07-16,6,292,-1.0386765329853305,2.4345536088664805,0.0
2024-07-18,6,292,-1.708146958017974,2.605388616261395,0.2
2024-07-19,6,292,-1.386959667892346,2.9748560297749735,0.2
2024-07-23,6,292,-1.8956371326203663,2.6939006573781494,0.0
2024-07-31,6,292,-0.7745822224053288,2.5211114181450043,0.0
2024-08-02,6,292,-0.8939346569020084,4.0764448104263185,0.2
2024-08-05,6,292,-0.15610391586145958,4.194308189055723,0.0
2024-08-06,6,292,0.3911011937270141,4.239602022707047,0.0
2024-08-07,6,292,2.5268898674841536,3.7555200889941114,0.0
2024-08-08,6,292,2.7971045878462055,4.107189583681451,0.0
2024-08-09,6,292,2.156894991835845,4.492851332182822,0.2
2024-08-12,6,292,1.568293426550651,3.426343200629983,0.0
2024-08-13,6,292,0.6579984207846696,3.701062271816171,0.0
2024-08-14,6,292,0.08043385452993246,3.894890819463227,0.2
2024-08-15,6,292,-0.7593908765537396,3.519999863591079,0.2
2024-08-16,6,292,-0.3945773786478723,4.065538008624421,0.0
2024-08-19,6,292,-1.3201660280866965,3.3730020333782127,0.0
2024-08-20,6,292,-0.7741579926123652,3.651985399271221,0.0
2024-08-21,6,292,-1.794444747562427,2.541279530817646,0.0
2024-08-22,6,292,-1.5169871391314302,3.7697514727370836,0.2
2024-08-23,6,292,-1.430212236247837,3.3726180211683037,0.4
2024-08-26,6,292,-1.1757330642115391,3.192396816232468,0.2
2024-08-27,6,292,-1.080642844701141,2.8634798737999265,0.0
2024-08-28,6,292,0.8574932673524331,3.564731045691812,0.4
2024-08-29,6,292,-0.6500861966764176,2.676120524648454,0.4
2024-08-30,6,292,0.040162392152935544,2.5770281500105408,0.2
2024-09-03,6,292,-0.03196880834259613,2.924707412600128,0.4
2024-09-04,6,292,0.7585600410976777,3.341452754881442,0.0
2024-09-05,6,292,0.9209082807970985,3.931983191178,0.2
2024-09-06,6,292,1.2155967316672753,3.93326550289122,0.2
2024-09-09,6,292,1.0355695215103697,4.159675540173921,0.0
2024-09-10,6,292,0.9537605321107037,4.0506708518718,0.0
2024-09-11,6,292,0.26009237772595495,3.3781052215455167,0.0
2024-09-12,6,292,0.19190223279718116,2.8034390876551365,0.2
2024-09-13,6,292,0.36949137821514205,2.962602023102908,0.4
2024-09-16,6,292,0.05264116887547458,2.959418542188991,0.2
2024-09-17,6,292,0.31077095025958523,3.222139473380145,0.2
2024-09-18,6,292,0.7343725705649928,3.170124918594454,0.2
2024-09-19,6,292,-0.1329119106215871,3.847964950108115,0.0
2024-09-20,6,292,-0.5032220617205054,3.703300326186377,0.4
2024-09-23,6,292,-0.28700109091673953,3.207733193483848,0.2
2024-09-24,6,292,-1.0768451605659028,2.5663164452189533,0.4
2024-09-25,6,292,-0.8155782146633161,2.5749952763640205,0.2
2024-09-26,6,292,0.1846958920466645,3.0863102879443156,0.4
2024-09-27,6,292,0.24171558779322222,2.864141807019872,0.4
2024-09-30,6,292,0.5289012184451712,3.108691759528976,0.0
2024-10-01,6,292,1.8731432445018872,3.0450662708051057,0.0
2024-10-02,6,292,1.5596046558836802,3.0087605996004974,0.0
2024-10-03,6,292,1.0798983269606022,3.5784420323084873,0.0
2024-10-04,6,292,2.4537820627067197,3.755121274729171,0.4
2024-10-07,6,292,0.04051858528918858,4.3096655407277,0.2
2024-10-08,6,292,1.1092087064680323,3.8226677697893208,0.2
2024-10-09,6,292,0.511551772308649,3.527944326337355,0.2
2024-10-10,6,292,-0.23260352675031312,3.1989211613320663,0.2
2024-10-11,6,292,-0.11441391222074007,3.2584357679199742,0.0
2024-10-14,6,292,0.4169651784196503,2.3889019386527552,0.2
2024-10-15,6,292,0.5733887098876526,2.98881775663256,0.2
2024-10-16,6,292,0.43556452582171107,2.973980882713113,0.2
2024-10-17,6,292,0.2683628637069492,3.7956135627280774,0.2
2024-10-18,6,292,-0.6817779267042061,3.720394052825829,0.4
2024-10-21,6,292,0.16926643521316917,3.4764918989349773,0.2
2024-10-22,6,292,-0.4061363536467443,3.4019056684809703,0.2
2024-10-23,6,292,0.5222569113805429,3.6827973948750286,0.2
2024-10-24,6,292,0.0806345317215352,3.6050802118194554,0.0
2024-10-25,6,292,-0.393713691440975,3.8414352052621097,0.2
2024-10-28,6,292,-0.34731058294497774,3.581098948640883,0.0
2024-10-29,6,292,0.31443614430509853,3.343760687335198,0.2
2024-10-30,6,292,0.6782483252843793,2.986766061690473,0.2
2024-10-31,6,292,0.966996601064017,4.256254849776052,0.0
2024-11-01,6,292,3.177785474205593,4.992486251846517,0.2
2024-11-04,6,292,1.8904862839591317,5.091211794699697,0.2
2024-11-06,6,292,2.4317066725314977,4.697829994194863,0.2
2024-11-07,6,292,0.9185782141102209,3.493584569232779,0.0
2024-11-08,6,292,-0.4667452163247635,3.5350177256874935,0.2
2024-11-11,6,292,0.15335517582831726,3.0121695855965585,0.2
2024-11-12,6,292,0.7697081324431454,3.5459955150875073,0.2
2024-11-13,6,292,1.145589813056804,3.8406286707332797,0.2
2024-11-14,6,292,0.26397206969452036,4.997940072571608,0.2
2024-11-15,6,292,-0.14021772002422397,5.108988793999231,0.2
2024-11-18,6,292,2.2254323838373926,5.226408560922762,0.2
2024-11-19,6,292,0.8495893587631784,4.300737981855961,0.2
2024-11-20,6,292,-0.6446868023046155,4.876113386685191,0.2
2024-11-21,6,292,-0.9496531325065742,3.0744947219188665,0.2
2024-11-22,6,292,-1.0135782528892185,3.6491431904671314,0.2
2024-11-25,6,292,0.022767591438608053,3.291409919397593,0.0
2024-11-26,6,292,-0.44265490900674287,4.038315271010044,0.2
2024-11-27,6,292,0.9825505362548276,4.078298435963331,0.2
2024-11-29,6,292,-0.05327926481398434,4.576398273944637,0.2
2024-12-02,6,292,-0.5971498659740314,3.555924764266141,0.0
2024-12-03,6,292,-0.6238065154802445,3.6349246196586074,0.0
2024-12-04,6,292,-0.6774538884400982,3.741315315540045,0.2
2024-12-05,6,292,-1.4620927236533992,3.3833564795178193,0.2
2024-12-06,6,292,-1.264795079649406,3.676744192183532,0.4
2024-12-09,6,292,-0.15825370762069943,4.125395564153122,0.4
2024-12-10,6,292,0.4535047473272953,4.19531275130016,0.4
2024-12-11,6,292,-0.40606272892023065,3.4744614416569917,0.4
2024-12-12,6,292,0.1401647509239809,3.2297818740811097,0.2
2024-12-13,6,292,1.1790935031747138,2.5248783415589515,0.4
2024-12-16,6,292,0.4431599254863491,2.491467212758331,0.2
2024-12-17,6,292,0.8974182992104474,2.8544983635524317,0.0
2024-12-24,6,292,-0.7544740484664665,3.0545318128570464,0.4
2024-12-26,6,292,-0.10573131911391846,3.3625627107837857,0.0
2024-12-27,6,292,0.11473070666338925,3.6568545715518326,0.0
2024-12-30,6,292,-0.6798142792141084,3.5684023248542696,0.0
2024-12-31,6,292,-0.09347456404090107,3.3875480887285305,0.0
2025-04-01,7,292,0.24907598512304951,2.787634642365029,0.0
2025-04-02,7,292,0.612524122947206,2.888367663301507,0.0
2025-04-03,7,292,0.4335717955068314,2.794836233971432,0.0
2025-04-04,7,292,0.9658162725645655,2.75690111447649,0.0
2025-04-07,7,292,0.38234631478892667,2.9460468194138354,0.0
2025-04-08,7,292,1.0300400102724314,3.23732576122388,0.0
2025-04-09,7,292,0.3138106180193492,2.4433926344652432,0.2
2025-04-10,7,292,0.015625827498794636,2.632428087762257,0.0
2025-04-11,7,292,0.1329403795565725,2.6360757994100164,0.0
2025-04-14,7,292,0.896230649720238,2.72831730916627,0.2
2025-04-15,7,292,0.5984910260875633,2.9486841048371244,0.0
2025-04-16,7,292,0.8432222059831134,2.675104744782255,0.2
2025-04-17,7,292,0.9109538702401137,2.8247487050418156,0.0
2025-04-21,7,292,1.4242628028348838,3.065920223226832,0.2
2025-04-22,7,292,1.5620814848988798,3.063423610066986,0.2
2025-04-23,7,292,0.9215357767332231,3.2897991242265263,0.2
2025-04-24,7,292,0.8187144402626687,3.5098601090875094,0.0
2025-04-25,7,292,1.2979932995574226,3.7210780629192954,0.2
2025-04-28,7,292,1.0658514100136318,3.3785633624596594,0.0
2025-04-29,7,292,0.3297290340855927,3.622284099284832,0.2
2025-04-30,7,292,0.2635103086546119,3.8185354537203913,0.0
2025-05-01,7,292,0.8264577831199068,4.291413309931913,0.0
2025-05-02,7,292,0.04972960335181934,3.6727754159638892,0.0
2025-05-05,7,292,-0.0507633751156931,3.291045753877748,0.0
2025-05-06,7,292,0.7010248204058735,3.06086744003139,0.0
2025-05-07,7,292,0.8837983281254488,3.122181211271325,0.0
2025-05-08,7,292,0.5660283034466563,3.462457316813631,0.0
2025-05-09,7,292,0.6932705419540083,4.100386560437428,0.4
2025-05-12,7,292,0.8805820957533961,4.361145494554232,0.0
2025-05-13,7,292,-0.19725567170853264,3.684374058749276,0.2
2025-05-14,7,292,-1.1398495017317707,2.6609523194985534,0.0
2025-05-15,7,292,-0.6969227419903663,3.188677306948507,0.0
2025-05-16,7,292,-0.6993545389354413,3.2758684341675766,0.2
2025-05-19,7,292,-0.9438445885931154,3.7591778025188725,0.0
2025-05-20,7,292,-0.03629486128534889,3.4351295861726685,0.0
2025-05-21,7,292,0.42530455512569476,4.063771874922578,0.0
2025-05-22,7,292,1.3192251386185807,3.4384094647485286,0.0
2025-05-23,7,292,1.6049742519918884,3.331170400532188,0.0
2025-05-27,7,292,1.703460445514827,3.679756653796334,0.0
2025-05-28,7,292,1.2396729874745551,4.4527883125312675,0.0
2025-05-29,7,292,1.0821666371513243,4.274291958173061,0.0
2025-05-30,7,292,0.34294333367066726,3.8457608370811114,0.2
2025-06-02,7,292,-0.408154342012525,3.9194952850229576,0.0
2025-06-03,7,292,-0.3920482204535252,2.896221468271742,0.0
2025-06-04,7,292,-0.40589254512756445,3.0269676110148476,0.0
2025-06-05,7,292,-0.3456487901872591,2.680418348432409,0.2
2025-06-06,7,292,-0.22454163788273304,3.496078829263189,0.2
2025-06-09,7,292,0.4190556869032934,3.6677051118801423,0.0
2025-06-10,7,292,0.5386801197952833,3.627612797617092,0.0
2025-06-11,7,292,0.12537865080528485,4.164661880785538,0.0
2025-06-12,7,292,-0.20533372713498155,3.9563198903402266,0.0
2025-06-13,7,292,-0.47352520732126335,3.2014025569869395,0.2
2025-06-16,7,292,-0.3786123740758355,3.3669062956867086,0.2
2025-06-17,7,292,-0.3532314712119951,3.4729497642919283,0.2
2025-06-18,7,292,-0.24482782024897862,3.328190811122954,0.0
2025-06-20,7,292,-0.27505596548317246,3.373084671908032,0.2
2025-06-23,7,292,-0.19435241562819333,3.710334032004898,0.0
2025-06-24,7,292,-1.6730365991533342,3.6013697406834275,0.0
2025-06-25,7,292,-1.2236916794376753,2.9290540079660676,0.0
2025-06-26,7,292,-1.4704480757678131,3.2381172106097056,0.2
2025-06-27,7,292,-0.10902665835629817,2.795525978656815,0.0
2025-06-30,7,292,-0.7284632159071519,2.1302543937474754,0.0
2025-07-01,7,292,0.6978404555407971,2.8656504948928494,0.0
2025-07-02,7,292,0.4487529822142958,3.393873185399078,0.0
2025-07-03,7,292,0.26892889800490716,2.759459947668091,0.2
2025-07-07,7,292,0.5844210255702605,2.5915103572668663,0.0
2025-07-08,7,292,0.7894776353649309,3.4184083803585152,0.2
2025-07-09,7,292,1.1924620659803478,3.4506048588256872,0.2
2025-07-10,7,292,1.470360780877431,3.235139417467997,0.2
2025-07-11,7,292,1.8521254009105632,2.9986372127696463,0.2
2025-07-14,7,292,0.9425390081959917,3.0494622956504953,0.2
2025-07-15,7,292,0.255466308433421,2.598774610124493,0.2
2025-07-16,7,292,-0.4266337342930198,2.568120137226596,0.2
2025-07-17,7,292,-0.4345679098342735,2.654269633034481,0.2
2025-07-18,7,292,-0.32519721426252857,3.003975266713791,0.2
2025-07-21,7,292,-0.1110125092469895,3.5305316223672327,0.0
2025-07-22,7,292,0.49090419147511016,2.95534193138271,0.0
2025-07-23,7,292,0.8627064709982184,2.6973418704828407,0.0
2025-07-24,7,292,1.6819935535819917,3.254931410222125,0.0
2025-07-25,7,292,0.5956955645668831,3.661814552407791,0.0
2025-07-28,7,292,0.4936274021776021,3.607782403273795,0.2
2025-07-29,7,292,0.9741325682619391,4.045838834841647,0.2
2025-07-30,7,292,0.9942546926248635,4.009687893991485,0.0
2025-07-31,7,292,0.4167247480713658,3.390544154842213,0.2
2025-08-01,7,292,0.7513337784869435,3.5377947954371303,0.2
2025-08-04,7,292,0.32195942990778453,3.2690174785933372,0.0
2025-08-05,7,292,0.05406107459838587,3.529938961982714,0.0
2025-08-06,7,292,-0.9590780939848453,3.1298663868312575,0.0
2025-08-07,7,292,-0.9919066333814417,3.0007130478489517,0.0
2025-08-08,7,292,-0.7660089569083399,3.645060848297996,0.4
2025-08-11,7,292,-0.651223804515765,3.318021180000007,0.2
2025-08-12,7,292,-1.6650033483990658,2.8805224963624605,0.2
2025-08-13,7,292,-1.9022594701051805,2.409987885130449,0.4
2025-08-14,7,292,-1.3631789173524353,2.6999528676424522,0.4
2025-08-15,7,292,-1.5192338882858074,2.9601277867573805,0.2
2025-08-18,7,292,-0.8785233894460035,3.1573210185358542,0.2
2025-08-19,7,292,1.1288584019359549,3.3403851662854995,0.2
2025-08-20,7,292,0.5078216554752782,3.9681483646728153,0.0
2025-08-21,7,292,0.5218952862161738,4.334965795056368,0.2
2025-08-22,7,292,0.2314921982712897,4.705278351235799,0.0
2025-08-25,7,292,-0.4237231537506954,4.339970651687487,0.2
2025-08-26,7,292,0.07056103206494183,4.464065853858325,0.2
2025-08-27,7,292,0.40689113753542105,3.7732247741435976,0.0
2025-08-28,7,292,-0.6708493038933403,3.6840082853274496,0.0
2025-08-29,7,292,0.9583362825431202,3.9608802248189185,0.2
2025-09-02,7,292,1.1369699644133153,3.3894066625386428,0.0
2025-09-03,7,292,0.7889310277651775,4.666709103807623,0.2
2025-09-04,7,292,0.8897380544771648,4.425368518200845,0.2
2025-09-05,7,292,1.5211534065730659,4.1422391439864095,0.2
2025-09-08,7,292,1.391032764526096,3.904495030676857,0.0
2025-09-09,7,292,0.9640308471531627,4.341647188062856,0.2
2025-09-10,7,292,0.9328205021853371,4.046116612074803,0.2
2025-09-11,7,292,1.8481597909225531,3.9281205116013873,0.2
2025-09-12,7,292,1.0899923611500395,3.867812374017949,0.2
2025-09-15,7,292,0.9373436593286639,3.7056463354297655,0.2
2025-09-16,7,292,1.131212229678194,3.410067893849844,0.2
2025-09-17,7,292,0.7513698744770586,3.838353736838844,0.2
2025-09-18,7,292,0.2975316901306287,3.3607403968820484,0.0
2025-09-19,7,292,-0.10008520020779169,3.083271385280333,0.0
2025-09-22,7,292,0.729124161351401,3.1952035538321235,0.0
2025-09-23,7,292,0.8478132110126598,3.1124555248221766,0.0
2025-09-24,7,292,0.6122441367691873,2.9097142128634688,0.0
2025-09-25,7,292,0.5815299239585178,3.330397395434944,0.0
2025-09-26,7,292,-0.8013767587328731,3.573455928130489,0.2
2025-09-29,7,292,-0.7383430488429995,3.4132907324462236,0.2
2025-09-30,7,292,-0.6990649645920448,3.944002825297383,0.0
2025-10-01,7,292,-0.2708822712894341,4.1396423689557915,0.0
2025-10-02,7,292,-0.3093598960990191,3.851066083221325,0.0
2025-10-03,7,292,0.2990936157190835,3.2507884804558884,0.0
2025-10-06,7,292,0.7777675596728251,2.7156278514473007,0.0
2025-10-07,7,292,0.2743499518482387,3.153771920996942,0.0
2025-10-08,7,292,0.2502040013841538,2.922292958803717,0.0
2025-10-09,7,292,0.2332941976483503,2.736444713362169,0.0
2025-10-10,7,292,0.17433839861148231,2.9749081773165207,0.0
2025-10-13,7,292,-0.3269467236403452,2.790127516749479,0.0
2025-10-14,7,292,-0.4478980935470321,3.0350167826568657,0.0
2025-10-15,7,292,-1.1429713031207644,3.736128633664405,0.0
2025-10-16,7,292,-0.6017679990302542,3.451096823283693,0.0
2025-10-17,7,292,0.35345615936388286,3.405264117268659,0.2
2025-10-20,7,292,0.7391801383213177,3.7157904269881983,0.0
2025-10-21,7,292,0.9813110025583638,3.4479684728929536,0.2
2025-10-22,7,292,1.6470807022907887,3.8571402557262635,0.0
2025-10-23,7,292,0.7809479615730576,3.15744330319067,0.0
2025-10-24,7,292,0.9745046137449327,3.516977234701808,0.0
2025-10-27,7,292,1.0217252119855598,3.68761340519299,0.0
2025-10-28,7,292,0.32089807549402394,3.7520099013715202,0.0
2025-10-29,7,292,-0.587907798730974,2.8524744729199463,0.0
2025-10-30,7,292,-0.024664511856192468,4.465346827457602,0.0
2025-10-31,7,292,-0.4794480424973602,3.773950420767696,0.0
2025-11-03,7,292,0.314630924912657,4.561663573984292,0.2
2025-11-04,7,292,0.04121635216116041,4.65000224663644,0.2
2025-11-05,7,292,-0.355480433043582,4.921591176172531,0.0
2025-11-06,7,292,-1.0551472652135228,4.059343139079734,0.2
2025-11-07,7,292,-1.2356860006195596,2.773207902967598,0.2
2025-11-10,7,292,-1.5098829395326467,2.249420719514867,0.0
2025-11-11,7,292,-1.5471848137593054,2.363099145862528,0.2
2025-11-12,7,292,-1.149104447515721,2.319460355321393,0.2
2025-11-13,7,292,-1.60576558133545,2.2514136678680794,0.2
2025-11-14,7,292,-2.3331078427526966,2.491922639560402,0.0
2025-11-17,7,292,-1.283059627059767,3.285779390426641,0.2
2025-11-18,7,292,-0.9609711386237745,2.710509764241494,0.2
2025-11-19,7,292,-0.7947419942975196,2.598403160263963,0.0
2025-11-20,7,292,0.8782614608792384,3.6838293510038462,0.2
2025-11-21,7,292,1.7503065307722578,3.7965058770854783,0.2
2025-11-24,7,292,0.7031912381325638,3.8898842447943984,0.2
2025-11-25,7,292,0.338790359672138,3.9014187123995496,0.0
2025-11-26,7,292,0.3184040768894301,3.825469668854364,0.2
2025-11-28,7,292,-0.31324406584224324,3.9221536706457725,0.2
2025-12-01,7,292,0.1515962895429764,3.78757418930154,0.2
2025-12-02,7,292,0.25471698907151474,3.3568819821829465,0.0
2025-12-03,7,292,1.6677443803848793,3.307931108594956,0.2
2025-12-04,7,292,0.3489925975911141,2.9353261362862186,0.2
2025-12-05,7,292,-0.2464706174739832,2.2106562943953274,0.4
2025-12-08,7,292,-1.165997808442277,2.2377995136237514,0.2
2025-12-09,7,292,-1.4135778878058018,2.2531503392094008,0.2
2025-12-10,7,292,-1.874482794206672,2.1053152884251145,0.0
2025-12-11,7,292,-1.4041436472472166,2.5593060916816484,0.0
2025-12-12,7,292,0.20594460638995252,3.332652490992777,0.2
2025-12-15,7,292,0.9573928684829542,3.787964765104337,0.0
2025-12-16,7,292,0.9681848424189315,3.9137506239257065,0.0
2025-12-17,7,292,0.3920175522706283,4.1282690317344235,0.2
2025-12-18,7,292,1.246962363437081,3.775279205946673,0.2
2025-12-19,7,292,1.073229302694551,2.893599424698573,0.2
2025-12-22,7,292,0.05529936348012942,3.19901015831534,0.2
2025-12-23,7,292,0.0025031349443043497,3.1996039301150274,0.0
2025-12-24,7,292,0.4527353455986718,2.8733967466596764,0.0
2025-12-26,7,292,-0.13954945660937612,3.0402234327620867,0.4
2025-12-29,7,292,1.3030850176855204,3.3573757001309326,0.0
2025-12-30,7,292,1.063290809389683,3.061664940507957,0.0
2025-12-31,7,292,-0.4259740596991592,2.715908505778825,0.0
