date,fold,regime,skip,n_scored,n_labelled,scored_only,labelled_only
2019-04-01,1,BULL_CALM,,276,276.0,,
2019-04-02,1,BULL_CALM,,276,276.0,,
2019-04-03,1,BULL_CALM,,276,276.0,,
2019-04-04,1,BULL_CALM,,276,276.0,,
2019-04-05,1,BULL_CALM,,276,276.0,,
2019-04-08,1,BULL_CALM,,276,276.0,,
2019-04-09,1,BULL_CALM,,276,276.0,,
2019-04-10,1,BULL_CALM,,276,276.0,,
2019-04-11,1,BULL_CALM,,276,276.0,,
2019-04-12,1,BULL_CALM,,276,276.0,,
2019-04-15,1,BULL_CALM,,276,276.0,,
2019-04-16,1,BULL_CALM,,276,276.0,,
2019-04-17,1,BULL_CALM,,276,276.0,,
2019-04-18,1,BULL_CALM,,277,277.0,,
2019-04-22,1,BULL_CALM,,277,277.0,,
2019-04-23,1,BULL_CALM,,277,277.0,,
2019-04-24,1,BULL_CALM,,277,277.0,,
2019-04-25,1,BULL_CALM,,277,277.0,,
2019-04-26,1,BULL_CALM,,277,277.0,,
2019-04-29,1,BULL_CALM,,277,277.0,,
2019-04-30,1,BULL_CALM,,277,277.0,,
2019-05-01,1,BULL_CALM,,277,277.0,,
2019-05-02,1,BULL_CALM,,277,277.0,,
2019-05-03,1,BULL_CALM,,277,277.0,,
2019-05-06,1,BULL_CALM,,277,277.0,,
2019-05-07,1,CHOPPY,gate_starved:ineligible,277,,,
2019-05-08,1,CHOPPY,gate_starved:ineligible,277,,,
2019-05-09,1,CHOPPY,gate_starved:ineligible,277,,,
2019-05-10,1,BULL_CALM,,277,277.0,,
2019-05-13,1,BEAR,gate_starved:failed,277,,,
2019-05-14,1,BULL_CALM,,277,277.0,,
2019-05-15,1,CHOPPY,gate_starved:ineligible,277,,,
2019-05-16,1,CHOPPY,gate_starved:ineligible,277,,,
2019-05-17,1,CHOPPY,gate_starved:ineligible,277,,,
2019-05-20,1,BULL_CALM,,277,277.0,,
2019-05-21,1,BULL_CALM,,277,277.0,,
2019-05-22,1,BULL_CALM,,277,277.0,,
2019-05-23,1,BULL_CALM,,277,277.0,,
2019-05-24,1,BULL_CALM,,277,277.0,,
2019-05-28,1,BULL_CALM,,277,277.0,,
2019-05-29,1,BULL_CALM,,277,277.0,,
2019-05-30,1,BULL_VOLATILE,gate_starved:no_stamps,277,,,
2019-05-31,1,BEAR,gate_starved:failed,277,,,
2019-06-03,1,BULL_VOLATILE,gate_starved:no_stamps,277,,,
2019-06-04,1,BULL_VOLATILE,gate_starved:no_stamps,277,,,
2019-06-05,1,CHOPPY,gate_starved:ineligible,277,,,
2019-06-06,1,CHOPPY,gate_starved:ineligible,277,,,
2019-06-07,1,BULL_VOLATILE,gate_starved:no_stamps,277,,,
2019-06-10,1,BULL_VOLATILE,gate_starved:no_stamps,277,,,
2019-06-11,1,BULL_VOLATILE,gate_starved:no_stamps,277,,,
2019-06-12,1,BULL_VOLATILE,gate_starved:no_stamps,278,,,
2019-06-13,1,BULL_VOLATILE,gate_starved:no_stamps,278,,,
2019-06-14,1,BULL_CALM,,278,278.0,,
2019-06-17,1,BULL_VOLATILE,gate_starved:no_stamps,278,,,
2019-06-18,1,BULL_CALM,,278,278.0,,
2019-06-19,1,BULL_CALM,,278,278.0,,
2019-06-20,1,BULL_CALM,,278,278.0,,
2019-06-21,1,BULL_CALM,,278,278.0,,
2019-06-24,1,BULL_CALM,,278,278.0,,
2019-06-25,1,BULL_CALM,,278,278.0,,
2019-06-26,1,BULL_CALM,,278,278.0,,
2019-06-27,1,BULL_CALM,,278,278.0,,
2019-06-28,1,BULL_CALM,,278,278.0,,
2019-07-01,1,BULL_CALM,,278,278.0,,
2019-07-02,1,BULL_CALM,,278,278.0,,
2019-07-03,1,BULL_CALM,,278,278.0,,
2019-07-05,1,BULL_CALM,,278,278.0,,
2019-07-08,1,BULL_CALM,,278,278.0,,
2019-07-09,1,BULL_CALM,,278,278.0,,
2019-07-10,1,BULL_CALM,,278,278.0,,
2019-07-11,1,BULL_CALM,,278,278.0,,
2019-07-12,1,BULL_CALM,,278,278.0,,
2019-07-15,1,BULL_CALM,,278,278.0,,
2019-07-16,1,BULL_CALM,,278,278.0,,
2019-07-17,1,BULL_CALM,,278,278.0,,
2019-07-18,1,BULL_CALM,,278,278.0,,
2019-07-19,1,BULL_CALM,,278,278.0,,
2019-07-22,1,BULL_CALM,,278,278.0,,
2019-07-23,1,BULL_CALM,,278,278.0,,
2019-07-24,1,BULL_CALM,,278,278.0,,
2019-07-25,1,BULL_CALM,,278,278.0,,
2019-07-26,1,BULL_CALM,,278,278.0,,
2019-07-29,1,BULL_CALM,,278,278.0,,
2019-07-30,1,BULL_CALM,,278,278.0,,
2019-07-31,1,BULL_CALM,,278,278.0,,
2019-08-01,1,BULL_CALM,,278,278.0,,
2019-08-02,1,BULL_CALM,,278,278.0,,
2019-08-05,1,BEAR,gate_starved:failed,278,,,
2019-08-06,1,BEAR,gate_starved:failed,278,,,
2019-08-07,1,BEAR,gate_starved:failed,278,,,
2019-08-08,1,BEAR,gate_starved:failed,278,,,
2019-08-09,1,BEAR,gate_starved:failed,278,,,
2019-08-12,1,BULL_CALM,,278,278.0,,
2019-08-13,1,BULL_CALM,,278,278.0,,
2019-08-14,1,BEAR,gate_starved:failed,278,,,
2019-08-15,1,BEAR,gate_starved:failed,278,,,
2019-08-16,1,BEAR,gate_starved:failed,278,,,
2019-08-19,1,BEAR,gate_starved:failed,278,,,
2019-08-20,1,BEAR,gate_starved:failed,278,,,
2019-08-21,1,BULL_CALM,,278,278.0,,
2019-08-22,1,BULL_CALM,,278,278.0,,
2019-08-23,1,BULL_CALM,,278,278.0,,
2019-08-26,1,BULL_CALM,,278,278.0,,
2019-08-27,1,BULL_CALM,,278,278.0,,
2019-08-28,1,BULL_CALM,,278,278.0,,
2019-08-29,1,BEAR,gate_starved:failed,278,,,
2019-08-30,1,BULL_CALM,,278,278.0,,
2019-09-03,1,BULL_CALM,,278,278.0,,
2019-09-04,1,BULL_CALM,,278,278.0,,
2019-09-05,1,BULL_CALM,,278,278.0,,
2019-09-06,1,BULL_CALM,,278,278.0,,
2019-09-09,1,BULL_CALM,,278,278.0,,
2019-09-10,1,BULL_VOLATILE,gate_starved:no_stamps,278,,,
2019-09-11,1,BULL_VOLATILE,gate_starved:no_stamps,278,,,
2019-09-12,1,BULL_VOLATILE,gate_starved:no_stamps,278,,,
2019-09-13,1,BULL_VOLATILE,gate_starved:no_stamps,279,,,
2019-09-16,1,BULL_VOLATILE,gate_starved:no_stamps,279,,,
2019-09-17,1,BULL_VOLATILE,gate_starved:no_stamps,279,,,
2019-09-18,1,BULL_CALM,,279,279.0,,
2019-09-19,1,BULL_CALM,,280,280.0,,
2019-09-20,1,BULL_CALM,,280,280.0,,
2019-09-23,1,BULL_CALM,,280,280.0,,
2019-09-24,1,BULL_CALM,,280,280.0,,
2019-09-25,1,BULL_CALM,,280,280.0,,
2019-09-26,1,BULL_CALM,,280,280.0,,
2019-09-27,1,BULL_CALM,,280,280.0,,
2019-09-30,1,BULL_CALM,,280,280.0,,
2019-10-01,1,BULL_CALM,,280,280.0,,
2019-10-02,1,BULL_CALM,,280,280.0,,
2019-10-03,1,BULL_CALM,,280,280.0,,
2019-10-04,1,BULL_CALM,,280,280.0,,
2019-10-07,1,BULL_CALM,,280,280.0,,
2019-10-08,1,BULL_CALM,,280,280.0,,
2019-10-09,1,BULL_CALM,,280,280.0,,
2019-10-10,1,BULL_CALM,,280,280.0,,
2019-10-11,1,BULL_CALM,,280,280.0,,
2019-10-14,1,BULL_CALM,,280,280.0,,
2019-10-15,1,BULL_CALM,,280,280.0,,
2019-10-16,1,BULL_CALM,,280,280.0,,
2019-10-17,1,BULL_CALM,,280,280.0,,
2019-10-18,1,BULL_CALM,,280,280.0,,
2019-10-21,1,BULL_CALM,,280,280.0,,
2019-10-22,1,BULL_CALM,,280,280.0,,
2019-10-23,1,BULL_CALM,,280,280.0,,
2019-10-24,1,BULL_CALM,,280,280.0,,
2019-10-25,1,BULL_CALM,,280,280.0,,
2019-10-28,1,BULL_CALM,,280,280.0,,
2019-10-29,1,BULL_CALM,,280,280.0,,
2019-10-30,1,BULL_CALM,,280,280.0,,
2019-10-31,1,BULL_CALM,,280,280.0,,
2019-11-01,1,BULL_CALM,,280,280.0,,
2019-11-04,1,BULL_CALM,,280,280.0,,
2019-11-05,1,BULL_CALM,,280,280.0,,
2019-11-06,1,BULL_CALM,,280,280.0,,
2019-11-07,1,BULL_CALM,,280,280.0,,
2019-11-08,1,BULL_CALM,,280,280.0,,
2019-11-11,1,BULL_CALM,,280,280.0,,
2019-11-12,1,BULL_CALM,,280,280.0,,
2019-11-13,1,BULL_CALM,,280,280.0,,
2019-11-14,1,BULL_CALM,,280,280.0,,
2019-11-15,1,BULL_CALM,,280,280.0,,
2019-11-18,1,BULL_CALM,,280,280.0,,
2019-11-19,1,BULL_CALM,,280,280.0,,
2019-11-20,1,BULL_CALM,,280,280.0,,
2019-11-21,1,BULL_CALM,,280,280.0,,
2019-11-22,1,BULL_CALM,,280,280.0,,
2019-11-25,1,BULL_CALM,,280,280.0,,
2019-11-26,1,BULL_CALM,,280,280.0,,
2019-11-27,1,BULL_CALM,,280,280.0,,
2019-11-29,1,BULL_CALM,,280,280.0,,
2019-12-02,1,BULL_CALM,,280,280.0,,
2019-12-03,1,BULL_CALM,,280,280.0,,
2019-12-04,1,BULL_CALM,,280,280.0,,
2019-12-05,1,BULL_CALM,,280,280.0,,
2019-12-06,1,BULL_CALM,,280,280.0,,
2019-12-09,1,BULL_CALM,,280,280.0,,
2019-12-10,1,BULL_CALM,,280,280.0,,
2019-12-11,1,BULL_CALM,,280,280.0,,
2019-12-12,1,BULL_CALM,,280,280.0,,
2019-12-13,1,BULL_CALM,,280,280.0,,
2019-12-16,1,BULL_CALM,,280,280.0,,
2019-12-17,1,BULL_CALM,,280,280.0,,
2019-12-18,1,BULL_CALM,,280,280.0,,
2019-12-19,1,BULL_CALM,,280,280.0,,
2019-12-20,1,BULL_CALM,,280,280.0,,
2019-12-23,1,BULL_CALM,,280,280.0,,
2019-12-24,1,BULL_CALM,,280,280.0,,
2019-12-26,1,BULL_CALM,,280,280.0,,
2019-12-27,1,BULL_CALM,,280,280.0,,
2019-12-30,1,BULL_CALM,,280,280.0,,
2019-12-31,1,BULL_CALM,,280,280.0,,
2020-04-01,2,BEAR,,281,281.0,,
2020-04-02,2,BEAR,,281,281.0,,
2020-04-03,2,BEAR,,281,281.0,,
2020-04-06,2,BEAR,,281,281.0,,
2020-04-07,2,BEAR,,281,281.0,,
2020-04-08,2,BEAR,,281,281.0,,
2020-04-09,2,BEAR,,281,281.0,,
2020-04-13,2,BEAR,,281,281.0,,
2020-04-14,2,BEAR,,281,281.0,,
2020-04-15,2,BEAR,,281,281.0,,
2020-04-16,2,BEAR,,281,281.0,,
2020-04-17,2,BEAR,,281,281.0,,
2020-04-20,2,BEAR,,281,281.0,,
2020-04-21,2,BEAR,,281,281.0,,
2020-04-22,2,BEAR,,281,281.0,,
2020-04-23,2,BEAR,,281,281.0,,
2020-04-24,2,BEAR,,281,281.0,,
2020-04-27,2,BEAR,,281,281.0,,
2020-04-28,2,BEAR,,281,281.0,,
2020-04-29,2,BEAR,,281,281.0,,
2020-04-30,2,BEAR,,281,281.0,,
2020-05-01,2,BEAR,,281,281.0,,
2020-05-04,2,BEAR,,281,281.0,,
2020-05-05,2,BEAR,,281,281.0,,
2020-05-06,2,BULL_CALM,gate_starved:failed,281,,,
2020-05-07,2,BULL_VOLATILE,,281,281.0,,
2020-05-08,2,BULL_VOLATILE,,281,281.0,,
2020-05-11,2,BULL_VOLATILE,,281,281.0,,
2020-05-12,2,BULL_VOLATILE,,281,281.0,,
2020-05-13,2,BEAR,,281,281.0,,
2020-05-14,2,BEAR,,281,281.0,,
2020-05-15,2,BULL_VOLATILE,,281,281.0,,
2020-05-18,2,BEAR,,281,281.0,,
2020-05-19,2,BEAR,,281,281.0,,
2020-05-20,2,BULL_VOLATILE,,281,281.0,,
2020-05-21,2,BEAR,,281,281.0,,
2020-05-22,2,BEAR,,281,281.0,,
2020-05-26,2,BULL_VOLATILE,,281,281.0,,
2020-05-27,2,BULL_VOLATILE,,281,281.0,,
2020-05-28,2,BULL_CALM,gate_starved:failed,281,,,
2020-05-29,2,BULL_CALM,gate_starved:failed,281,,,
2020-06-01,2,BULL_VOLATILE,,281,281.0,,
2020-06-02,2,BULL_CALM,gate_starved:failed,281,,,
2020-06-03,2,BULL_CALM,gate_starved:failed,281,,,
2020-06-04,2,BULL_VOLATILE,,281,281.0,,
2020-06-05,2,BULL_VOLATILE,,281,281.0,,
2020-06-08,2,BULL_VOLATILE,,281,281.0,,
2020-06-09,2,BULL_CALM,gate_starved:failed,281,,,
2020-06-10,2,BULL_CALM,gate_starved:failed,281,,,
2020-06-11,2,BEAR,,281,281.0,,
2020-06-12,2,BEAR,,281,281.0,,
2020-06-15,2,BEAR,,281,281.0,,
2020-06-16,2,BEAR,,281,281.0,,
2020-06-17,2,BEAR,,281,281.0,,
2020-06-18,2,BULL_CALM,gate_starved:failed,281,,,
2020-06-19,2,BULL_CALM,gate_starved:failed,281,,,
2020-06-22,2,BULL_CALM,gate_starved:failed,281,,,
2020-06-23,2,BULL_VOLATILE,,281,281.0,,
2020-06-24,2,BULL_VOLATILE,,281,281.0,,
2020-06-25,2,BULL_CALM,gate_starved:failed,281,,,
2020-06-26,2,BEAR,,281,281.0,,
2020-06-29,2,BEAR,,281,281.0,,
2020-06-30,2,BEAR,,281,281.0,,
2020-07-01,2,BEAR,,281,281.0,,
2020-07-02,2,BULL_CALM,gate_starved:failed,281,,,
2020-07-06,2,BULL_CALM,gate_starved:failed,281,,,
2020-07-07,2,BULL_VOLATILE,,281,281.0,,
2020-07-08,2,BULL_CALM,gate_starved:failed,281,,,
2020-07-09,2,BULL_VOLATILE,,281,281.0,,
2020-07-10,2,BULL_VOLATILE,,281,281.0,,
2020-07-13,2,BULL_VOLATILE,,281,281.0,,
2020-07-14,2,BULL_VOLATILE,,281,281.0,,
2020-07-15,2,BULL_CALM,gate_starved:failed,281,,,
2020-07-16,2,BULL_VOLATILE,,281,281.0,,
2020-07-17,2,BULL_CALM,gate_starved:failed,281,,,
2020-07-20,2,BULL_CALM,gate_starved:failed,281,,,
2020-07-21,2,BULL_CALM,gate_starved:failed,281,,,
2020-07-22,2,BULL_CALM,gate_starved:failed,281,,,
2020-07-23,2,BULL_CALM,gate_starved:failed,281,,,
2020-07-24,2,BULL_CALM,gate_starved:failed,281,,,
2020-07-27,2,BULL_CALM,gate_starved:failed,281,,,
2020-07-28,2,BULL_CALM,gate_starved:failed,281,,,
2020-07-29,2,BULL_CALM,gate_starved:failed,281,,,
2020-07-30,2,BULL_CALM,gate_starved:failed,281,,,
2020-07-31,2,BULL_CALM,gate_starved:failed,281,,,
2020-08-03,2,BULL_CALM,gate_starved:failed,281,,,
2020-08-04,2,BULL_CALM,gate_starved:failed,281,,,
2020-08-05,2,BULL_CALM,gate_starved:failed,281,,,
2020-08-06,2,BULL_CALM,gate_starved:failed,281,,,
2020-08-07,2,BULL_CALM,gate_starved:failed,281,,,
2020-08-10,2,BULL_CALM,gate_starved:failed,281,,,
2020-08-11,2,BULL_CALM,gate_starved:failed,281,,,
2020-08-12,2,BULL_CALM,gate_starved:failed,281,,,
2020-08-13,2,BULL_CALM,gate_starved:failed,281,,,
2020-08-14,2,BULL_CALM,gate_starved:failed,281,,,
2020-08-17,2,BULL_CALM,gate_starved:failed,281,,,
2020-08-18,2,BULL_CALM,gate_starved:failed,281,,,
2020-08-19,2,BULL_CALM,gate_starved:failed,281,,,
2020-08-20,2,BULL_CALM,gate_starved:failed,281,,,
2020-08-21,2,BULL_CALM,gate_starved:failed,281,,,
2020-08-24,2,BULL_CALM,gate_starved:failed,281,,,
2020-08-25,2,BULL_CALM,gate_starved:failed,281,,,
2020-08-26,2,BULL_CALM,gate_starved:failed,281,,,
2020-08-27,2,BULL_CALM,gate_starved:failed,281,,,
2020-08-28,2,BULL_CALM,gate_starved:failed,281,,,
2020-08-31,2,BULL_CALM,gate_starved:failed,281,,,
2020-09-01,2,BULL_CALM,gate_starved:failed,281,,,
2020-09-02,2,BULL_CALM,gate_starved:failed,281,,,
2020-09-03,2,BEAR,,281,281.0,,
2020-09-04,2,BEAR,,281,281.0,,
2020-09-08,2,BEAR,,281,281.0,,
2020-09-09,2,BEAR,,281,281.0,,
2020-09-10,2,BEAR,,281,281.0,,
2020-09-11,2,BEAR,,281,281.0,,
2020-09-14,2,BEAR,,281,281.0,,
2020-09-15,2,BULL_CALM,gate_starved:failed,281,,,
2020-09-16,2,BULL_CALM,gate_starved:failed,282,,,
2020-09-17,2,BULL_CALM,gate_starved:failed,282,,,
2020-09-18,2,BULL_CALM,gate_starved:failed,282,,,
2020-09-21,2,BULL_CALM,gate_starved:failed,282,,,
2020-09-22,2,BULL_CALM,gate_starved:failed,282,,,
2020-09-23,2,BEAR,,282,282.0,,
2020-09-24,2,BULL_CALM,gate_starved:failed,282,,,
2020-09-25,2,BEAR,,282,282.0,,
2020-09-28,2,BEAR,,282,282.0,,
2020-09-29,2,BEAR,,282,282.0,,
2020-09-30,2,BULL_CALM,gate_starved:failed,283,,,
2020-10-01,2,BULL_CALM,gate_starved:failed,283,,,
2020-10-02,2,BULL_CALM,gate_starved:failed,283,,,
2020-10-05,2,BULL_CALM,gate_starved:failed,283,,,
2020-10-06,2,BULL_CALM,gate_starved:failed,283,,,
2020-10-07,2,BULL_CALM,gate_starved:failed,283,,,
2020-10-08,2,BULL_CALM,gate_starved:failed,283,,,
2020-10-09,2,BULL_CALM,gate_starved:failed,283,,,
2020-10-12,2,BULL_CALM,gate_starved:failed,283,,,
2020-10-13,2,BULL_CALM,gate_starved:failed,283,,,
2020-10-14,2,BULL_CALM,gate_starved:failed,283,,,
2020-10-15,2,BULL_CALM,gate_starved:failed,283,,,
2020-10-16,2,BULL_CALM,gate_starved:failed,283,,,
2020-10-19,2,BULL_CALM,gate_starved:failed,283,,,
2020-10-20,2,BULL_CALM,gate_starved:failed,283,,,
2020-10-21,2,BULL_CALM,gate_starved:failed,283,,,
2020-10-22,2,BULL_CALM,gate_starved:failed,283,,,
2020-10-23,2,BULL_CALM,gate_starved:failed,283,,,
2020-10-26,2,BULL_CALM,gate_starved:failed,283,,,
2020-10-27,2,BULL_CALM,gate_starved:failed,283,,,
2020-10-28,2,BEAR,,283,283.0,,
2020-10-29,2,BEAR,,283,283.0,,
2020-10-30,2,BEAR,,283,283.0,,
2020-11-02,2,BEAR,,283,283.0,,
2020-11-03,2,BEAR,,283,283.0,,
2020-11-04,2,BULL_CALM,gate_starved:failed,283,,,
2020-11-05,2,BULL_CALM,gate_starved:failed,283,,,
2020-11-06,2,BULL_CALM,gate_starved:failed,283,,,
2020-11-09,2,BULL_CALM,gate_starved:failed,283,,,
2020-11-10,2,BULL_CALM,gate_starved:failed,283,,,
2020-11-11,2,BULL_CALM,gate_starved:failed,283,,,
2020-11-12,2,BULL_CALM,gate_starved:failed,283,,,
2020-11-13,2,BULL_CALM,gate_starved:failed,283,,,
2020-11-16,2,BULL_CALM,gate_starved:failed,283,,,
2020-11-17,2,BULL_CALM,gate_starved:failed,283,,,
2020-11-18,2,BULL_CALM,gate_starved:failed,283,,,
2020-11-19,2,BULL_CALM,gate_starved:failed,283,,,
2020-11-20,2,BULL_CALM,gate_starved:failed,283,,,
2020-11-23,2,BULL_CALM,gate_starved:failed,283,,,
2020-11-24,2,BULL_CALM,gate_starved:failed,283,,,
2020-11-25,2,BULL_CALM,gate_starved:failed,283,,,
2020-11-27,2,BULL_CALM,gate_starved:failed,283,,,
2020-11-30,2,BULL_CALM,gate_starved:failed,283,,,
2020-12-01,2,BULL_CALM,gate_starved:failed,283,,,
2020-12-02,2,BULL_CALM,gate_starved:failed,283,,,
2020-12-03,2,BULL_CALM,gate_starved:failed,283,,,
2020-12-04,2,BULL_CALM,gate_starved:failed,283,,,
2020-12-07,2,BULL_CALM,gate_starved:failed,283,,,
2020-12-08,2,BULL_CALM,gate_starved:failed,283,,,
2020-12-09,2,BULL_CALM,gate_starved:failed,283,,,
2020-12-10,2,BULL_CALM,gate_starved:failed,284,,,
2020-12-11,2,BULL_CALM,gate_starved:failed,284,,,
2020-12-14,2,BULL_CALM,gate_starved:failed,284,,,
2020-12-15,2,BULL_CALM,gate_starved:failed,284,,,
2020-12-16,2,BULL_CALM,gate_starved:failed,284,,,
2020-12-17,2,BULL_CALM,gate_starved:failed,284,,,
2020-12-18,2,BULL_CALM,gate_starved:failed,284,,,
2020-12-21,2,BULL_CALM,gate_starved:failed,284,,,
2020-12-22,2,BULL_CALM,gate_starved:failed,284,,,
2020-12-23,2,BULL_CALM,gate_starved:failed,284,,,
2020-12-24,2,BULL_CALM,gate_starved:failed,284,,,
2020-12-28,2,BULL_CALM,gate_starved:failed,284,,,
2020-12-29,2,BULL_CALM,gate_starved:failed,284,,,
2020-12-30,2,BULL_CALM,gate_starved:failed,284,,,
2020-12-31,2,BULL_CALM,gate_starved:failed,284,,,
2021-04-01,3,BULL_CALM,,288,288.0,,
2021-04-05,3,BULL_CALM,,288,288.0,,
2021-04-06,3,BULL_CALM,,288,288.0,,
2021-04-07,3,BULL_CALM,,288,288.0,,
2021-04-08,3,BULL_CALM,,288,288.0,,
2021-04-09,3,BULL_CALM,,288,288.0,,
2021-04-12,3,BULL_CALM,,288,288.0,,
2021-04-13,3,BULL_CALM,,288,288.0,,
2021-04-14,3,BULL_CALM,,289,289.0,,
2021-04-15,3,BULL_CALM,,290,290.0,,
2021-04-16,3,BULL_CALM,,290,290.0,,
2021-04-19,3,BULL_CALM,,290,290.0,,
2021-04-20,3,BULL_CALM,,290,290.0,,
2021-04-21,3,BULL_CALM,,291,291.0,,
2021-04-22,3,BULL_CALM,,291,291.0,,
2021-04-23,3,BULL_CALM,,291,291.0,,
2021-04-26,3,BULL_CALM,,291,291.0,,
2021-04-27,3,BULL_CALM,,291,291.0,,
2021-04-28,3,BULL_CALM,,291,291.0,,
2021-04-29,3,BULL_CALM,,291,291.0,,
2021-04-30,3,BULL_CALM,,291,291.0,,
2021-05-03,3,BULL_CALM,,292,292.0,,
2021-05-04,3,BULL_CALM,,292,292.0,,
2021-05-05,3,BULL_CALM,,292,292.0,,
2021-05-06,3,BULL_CALM,,292,292.0,,
2021-05-07,3,BULL_CALM,,292,292.0,,
2021-05-10,3,BULL_CALM,,292,292.0,,
2021-05-11,3,BULL_CALM,,292,292.0,,
2021-05-12,3,BULL_CALM,,292,292.0,,
2021-05-13,3,BULL_CALM,,292,292.0,,
2021-05-14,3,CHOPPY,gate_starved:failed,292,,,
2021-05-17,3,CHOPPY,gate_starved:failed,292,,,
2021-05-18,3,CHOPPY,gate_starved:failed,292,,,
2021-05-19,3,BULL_CALM,,292,292.0,,
2021-05-20,3,BULL_CALM,,292,292.0,,
2021-05-21,3,BULL_CALM,,292,292.0,,
2021-05-24,3,BULL_VOLATILE,gate_starved:failed,292,,,
2021-05-25,3,BULL_CALM,,292,292.0,,
2021-05-26,3,BULL_VOLATILE,gate_starved:failed,292,,,
2021-05-27,3,BULL_VOLATILE,gate_starved:failed,292,,,
2021-05-28,3,BULL_VOLATILE,gate_starved:failed,292,,,
2021-06-01,3,BULL_VOLATILE,gate_starved:failed,292,,,
2021-06-02,3,BULL_CALM,,292,292.0,,
2021-06-03,3,BULL_CALM,,292,292.0,,
2021-06-04,3,BULL_CALM,,292,292.0,,
2021-06-07,3,BULL_CALM,,292,292.0,,
2021-06-08,3,BULL_CALM,,292,292.0,,
2021-06-09,3,BULL_CALM,,292,292.0,,
2021-06-10,3,BULL_CALM,,292,292.0,,
2021-06-11,3,BULL_CALM,,292,292.0,,
2021-06-14,3,BULL_CALM,,292,292.0,,
2021-06-15,3,BULL_CALM,,292,292.0,,
2021-06-16,3,BULL_CALM,,292,292.0,,
2021-06-17,3,BULL_CALM,,292,292.0,,
2021-06-18,3,BULL_CALM,,292,292.0,,
2021-06-21,3,BULL_CALM,,292,292.0,,
2021-06-22,3,CHOPPY,gate_starved:failed,292,,,
2021-06-23,3,CHOPPY,gate_starved:failed,292,,,
2021-06-24,3,CHOPPY,gate_starved:failed,292,,,
2021-06-25,3,BULL_CALM,,292,292.0,,
2021-06-28,3,BULL_CALM,,292,292.0,,
2021-06-29,3,BULL_CALM,,292,292.0,,
2021-06-30,3,BULL_CALM,,292,292.0,,
2021-07-01,3,BULL_CALM,,292,292.0,,
2021-07-02,3,BULL_CALM,,292,292.0,,
2021-07-06,3,BULL_CALM,,292,292.0,,
2021-07-07,3,BULL_CALM,,292,292.0,,
2021-07-08,3,BULL_CALM,,292,292.0,,
2021-07-09,3,BULL_CALM,,292,292.0,,
2021-07-12,3,BULL_CALM,,292,292.0,,
2021-07-13,3,BULL_CALM,,292,292.0,,
2021-07-14,3,BULL_CALM,,292,292.0,,
2021-07-15,3,BULL_CALM,,292,292.0,,
2021-07-16,3,BULL_CALM,,292,292.0,,
2021-07-19,3,BULL_CALM,,292,292.0,,
2021-07-20,3,BULL_CALM,,292,292.0,,
2021-07-21,3,BULL_CALM,,292,292.0,,
2021-07-22,3,BULL_CALM,,292,292.0,,
2021-07-23,3,BULL_CALM,,292,292.0,,
2021-07-26,3,BULL_CALM,,292,292.0,,
2021-07-27,3,BULL_CALM,,292,292.0,,
2021-07-28,3,BULL_CALM,,292,292.0,,
2021-07-29,3,BULL_CALM,,292,292.0,,
2021-07-30,3,BULL_CALM,,292,292.0,,
2021-08-02,3,BULL_CALM,,292,292.0,,
2021-08-03,3,BULL_CALM,,292,292.0,,
2021-08-04,3,BULL_CALM,,292,292.0,,
2021-08-05,3,BULL_CALM,,292,292.0,,
2021-08-06,3,BULL_CALM,,292,292.0,,
2021-08-09,3,BULL_CALM,,292,292.0,,
2021-08-10,3,BULL_CALM,,292,292.0,,
2021-08-11,3,BULL_CALM,,292,292.0,,
2021-08-12,3,BULL_CALM,,292,292.0,,
2021-08-13,3,BULL_CALM,,292,292.0,,
2021-08-16,3,BULL_CALM,,292,292.0,,
2021-08-17,3,BULL_CALM,,292,292.0,,
2021-08-18,3,BULL_CALM,,292,292.0,,
2021-08-19,3,BULL_CALM,,292,292.0,,
2021-08-20,3,BULL_CALM,,292,292.0,,
2021-08-23,3,BULL_CALM,,292,292.0,,
2021-08-24,3,BULL_CALM,,292,292.0,,
2021-08-25,3,BULL_CALM,,292,292.0,,
2021-08-26,3,BULL_CALM,,292,292.0,,
2021-08-27,3,BULL_CALM,,292,292.0,,
2021-08-30,3,BULL_CALM,,292,292.0,,
2021-08-31,3,BULL_CALM,,292,292.0,,
2021-09-01,3,BULL_CALM,,292,292.0,,
2021-09-02,3,BULL_CALM,,292,292.0,,
2021-09-03,3,BULL_CALM,,292,292.0,,
2021-09-07,3,BULL_CALM,,292,292.0,,
2021-09-08,3,BULL_CALM,,292,292.0,,
2021-09-09,3,BULL_CALM,,292,292.0,,
2021-09-10,3,BULL_CALM,,292,292.0,,
2021-09-13,3,BULL_CALM,,292,292.0,,
2021-09-14,3,BULL_CALM,,292,292.0,,
2021-09-15,3,BULL_CALM,,292,292.0,,
2021-09-16,3,BULL_CALM,,292,292.0,,
2021-09-17,3,BULL_CALM,,292,292.0,,
2021-09-20,3,BULL_CALM,,292,292.0,,
2021-09-21,3,BULL_CALM,,292,292.0,,
2021-09-22,3,BULL_CALM,,292,292.0,,
2021-09-23,3,CHOPPY,gate_starved:failed,292,,,
2021-09-24,3,CHOPPY,gate_starved:failed,292,,,
2021-09-27,3,BULL_CALM,,292,292.0,,
2021-09-28,3,BULL_CALM,,292,292.0,,
2021-09-29,3,BULL_CALM,,292,292.0,,
2021-09-30,3,BULL_CALM,,292,292.0,,
2021-10-01,3,BULL_CALM,,292,292.0,,
2021-10-04,3,BULL_CALM,,292,292.0,,
2021-10-05,3,BULL_CALM,,292,292.0,,
2021-10-06,3,BULL_CALM,,292,292.0,,
2021-10-07,3,BULL_CALM,,292,292.0,,
2021-10-08,3,BULL_CALM,,292,292.0,,
2021-10-11,3,BULL_CALM,,292,292.0,,
2021-10-12,3,BULL_CALM,,292,292.0,,
2021-10-13,3,BULL_CALM,,292,292.0,,
2021-10-14,3,BULL_CALM,,292,292.0,,
2021-10-15,3,BULL_CALM,,292,292.0,,
2021-10-18,3,BULL_CALM,,292,292.0,,
2021-10-19,3,BULL_VOLATILE,gate_starved:failed,292,,,
2021-10-20,3,BULL_CALM,,292,292.0,,
2021-10-21,3,BULL_CALM,,292,292.0,,
2021-10-22,3,BULL_CALM,,292,292.0,,
2021-10-25,3,BULL_VOLATILE,gate_starved:failed,292,,,
2021-10-26,3,BULL_CALM,,292,292.0,,
2021-10-27,3,BULL_VOLATILE,gate_starved:failed,292,,,
2021-10-28,3,BULL_CALM,,292,292.0,,
2021-10-29,3,BULL_CALM,,292,292.0,,
2021-11-01,3,BULL_CALM,,292,292.0,,
2021-11-02,3,BULL_CALM,,292,292.0,,
2021-11-03,3,BULL_CALM,,292,292.0,,
2021-11-04,3,BULL_CALM,,292,292.0,,
2021-11-05,3,BULL_CALM,,292,292.0,,
2021-11-08,3,BULL_CALM,,292,292.0,,
2021-11-09,3,BULL_CALM,,292,292.0,,
2021-11-10,3,BULL_CALM,,292,292.0,,
2021-11-11,3,BULL_CALM,,292,292.0,,
2021-11-12,3,BULL_CALM,,292,292.0,,
2021-11-15,3,BULL_CALM,,292,292.0,,
2021-11-16,3,BULL_CALM,,292,292.0,,
2021-11-17,3,BULL_CALM,,292,292.0,,
2021-11-18,3,BULL_CALM,,292,292.0,,
2021-11-19,3,BULL_CALM,,292,292.0,,
2021-11-22,3,BULL_CALM,,292,292.0,,
2021-11-23,3,BULL_CALM,,292,292.0,,
2021-11-24,3,BULL_CALM,,292,292.0,,
2021-11-26,3,BULL_CALM,,292,292.0,,
2021-11-29,3,CHOPPY,gate_starved:failed,292,,,
2021-11-30,3,CHOPPY,gate_starved:failed,292,,,
2021-12-01,3,BULL_CALM,,292,292.0,,
2021-12-02,3,BEAR,,292,292.0,,
2021-12-03,3,BULL_CALM,,292,292.0,,
2021-12-06,3,BULL_CALM,,292,292.0,,
2021-12-07,3,CHOPPY,gate_starved:failed,292,,,
2021-12-08,3,BULL_CALM,,292,292.0,,
2021-12-09,3,BULL_CALM,,292,292.0,,
2021-12-10,3,BULL_CALM,,292,292.0,,
2021-12-13,3,BULL_CALM,,292,292.0,,
2021-12-14,3,BULL_CALM,,292,292.0,,
2021-12-15,3,BULL_CALM,,292,292.0,,
2021-12-16,3,BULL_CALM,,292,292.0,,
2021-12-17,3,BULL_CALM,,292,292.0,,
2021-12-20,3,BULL_CALM,,292,292.0,,
2021-12-21,3,CHOPPY,gate_starved:failed,292,,,
2021-12-22,3,CHOPPY,gate_starved:failed,292,,,
2021-12-23,3,CHOPPY,gate_starved:failed,292,,,
2021-12-27,3,BULL_CALM,,292,292.0,,
2021-12-28,3,BULL_VOLATILE,gate_starved:failed,292,,,
2021-12-29,3,BULL_VOLATILE,gate_starved:failed,292,,,
2021-12-30,3,BULL_VOLATILE,gate_starved:failed,292,,,
2021-12-31,3,BULL_CALM,,292,292.0,,
2022-04-01,4,BULL_CALM,gate_starved:failed,292,,,
2022-04-04,4,BULL_CALM,gate_starved:failed,292,,,
2022-04-05,4,BULL_CALM,gate_starved:failed,292,,,
2022-04-06,4,BULL_CALM,gate_starved:failed,292,,,
2022-04-07,4,BULL_CALM,gate_starved:failed,292,,,
2022-04-08,4,BULL_CALM,gate_starved:failed,292,,,
2022-04-11,4,BEAR,,292,292.0,,
2022-04-12,4,BEAR,,292,292.0,,
2022-04-13,4,BULL_CALM,gate_starved:failed,292,,,
2022-04-14,4,BEAR,,292,292.0,,
2022-04-18,4,BEAR,,292,292.0,,
2022-04-19,4,BULL_CALM,gate_starved:failed,292,,,
2022-04-20,4,BULL_CALM,gate_starved:failed,292,,,
2022-04-21,4,BEAR,,292,292.0,,
2022-04-22,4,BEAR,,292,292.0,,
2022-04-25,4,BEAR,,292,292.0,,
2022-04-26,4,BEAR,,292,292.0,,
2022-04-27,4,BEAR,,292,292.0,,
2022-04-28,4,BEAR,,292,292.0,,
2022-04-29,4,BEAR,,292,292.0,,
2022-05-02,4,BEAR,,292,292.0,,
2022-05-03,4,BEAR,,292,292.0,,
2022-05-04,4,BEAR,,292,292.0,,
2022-05-05,4,BEAR,,292,292.0,,
2022-05-06,4,BEAR,,292,292.0,,
2022-05-09,4,BEAR,,292,292.0,,
2022-05-10,4,BEAR,,292,292.0,,
2022-05-11,4,BEAR,,292,292.0,,
2022-05-12,4,BEAR,,292,292.0,,
2022-05-13,4,BEAR,,292,292.0,,
2022-05-16,4,BEAR,,292,292.0,,
2022-05-17,4,BEAR,,292,292.0,,
2022-05-18,4,BEAR,,292,292.0,,
2022-05-19,4,BEAR,,292,292.0,,
2022-05-20,4,BEAR,,292,292.0,,
2022-05-23,4,BEAR,,292,292.0,,
2022-05-24,4,BEAR,,292,292.0,,
2022-05-25,4,BEAR,,292,292.0,,
2022-05-26,4,BEAR,,292,292.0,,
2022-05-27,4,BEAR,,292,292.0,,
2022-05-31,4,BEAR,,292,292.0,,
2022-06-01,4,BEAR,,292,292.0,,
2022-06-02,4,BEAR,,292,292.0,,
2022-06-03,4,BEAR,,292,292.0,,
2022-06-06,4,BEAR,,292,292.0,,
2022-06-07,4,BEAR,,292,292.0,,
2022-06-08,4,BEAR,,292,292.0,,
2022-06-09,4,BEAR,,292,292.0,,
2022-06-10,4,BEAR,,292,292.0,,
2022-06-13,4,BEAR,,292,292.0,,
2022-06-14,4,BEAR,,292,292.0,,
2022-06-15,4,BEAR,,292,292.0,,
2022-06-16,4,BEAR,,292,292.0,,
2022-06-17,4,BEAR,,292,292.0,,
2022-06-21,4,BEAR,,292,292.0,,
2022-06-22,4,BEAR,,292,292.0,,
2022-06-23,4,BEAR,,292,292.0,,
2022-06-24,4,BEAR,,292,292.0,,
2022-06-27,4,BEAR,,292,292.0,,
2022-06-28,4,BEAR,,292,292.0,,
2022-06-29,4,BEAR,,292,292.0,,
2022-06-30,4,BEAR,,292,292.0,,
2022-07-01,4,BEAR,,292,292.0,,
2022-07-05,4,BEAR,,292,292.0,,
2022-07-06,4,BEAR,,292,292.0,,
2022-07-07,4,BEAR,,292,292.0,,
2022-07-08,4,BEAR,,292,292.0,,
2022-07-11,4,BEAR,,292,292.0,,
2022-07-12,4,BEAR,,292,292.0,,
2022-07-13,4,BEAR,,292,292.0,,
2022-07-14,4,BEAR,,292,292.0,,
2022-07-15,4,BEAR,,292,292.0,,
2022-07-18,4,BEAR,,292,292.0,,
2022-07-19,4,BEAR,,292,292.0,,
2022-07-20,4,BULL_CALM,gate_starved:failed,292,,,
2022-07-21,4,BULL_CALM,gate_starved:failed,292,,,
2022-07-22,4,BULL_CALM,gate_starved:failed,292,,,
2022-07-25,4,BULL_CALM,gate_starved:failed,292,,,
2022-07-26,4,BEAR,,292,292.0,,
2022-07-27,4,BULL_CALM,gate_starved:failed,292,,,
2022-07-28,4,BULL_CALM,gate_starved:failed,292,,,
2022-07-29,4,BULL_CALM,gate_starved:failed,292,,,
2022-08-01,4,BULL_CALM,gate_starved:failed,292,,,
2022-08-02,4,BULL_CALM,gate_starved:failed,292,,,
2022-08-03,4,BULL_CALM,gate_starved:failed,292,,,
2022-08-04,4,BULL_CALM,gate_starved:failed,292,,,
2022-08-05,4,BULL_CALM,gate_starved:failed,292,,,
2022-08-08,4,BULL_CALM,gate_starved:failed,292,,,
2022-08-09,4,BULL_CALM,gate_starved:failed,292,,,
2022-08-10,4,BULL_CALM,gate_starved:failed,292,,,
2022-08-11,4,BULL_CALM,gate_starved:failed,292,,,
2022-08-12,4,BULL_CALM,gate_starved:failed,292,,,
2022-08-15,4,BULL_CALM,gate_starved:failed,292,,,
2022-08-16,4,BULL_CALM,gate_starved:failed,292,,,
2022-08-17,4,BULL_CALM,gate_starved:failed,292,,,
2022-08-18,4,BULL_CALM,gate_starved:failed,292,,,
2022-08-19,4,BULL_CALM,gate_starved:failed,292,,,
2022-08-22,4,BULL_CALM,gate_starved:failed,292,,,
2022-08-23,4,BEAR,,292,292.0,,
2022-08-24,4,BULL_CALM,gate_starved:failed,292,,,
2022-08-25,4,BULL_CALM,gate_starved:failed,292,,,
2022-08-26,4,BEAR,,292,292.0,,
2022-08-29,4,BEAR,,292,292.0,,
2022-08-30,4,BEAR,,292,292.0,,
2022-08-31,4,BEAR,,292,292.0,,
2022-09-01,4,BEAR,,292,292.0,,
2022-09-02,4,BEAR,,292,292.0,,
2022-09-06,4,BEAR,,292,292.0,,
2022-09-07,4,BEAR,,292,292.0,,
2022-09-08,4,BEAR,,292,292.0,,
2022-09-09,4,BULL_CALM,gate_starved:failed,292,,,
2022-09-12,4,BULL_CALM,gate_starved:failed,292,,,
2022-09-13,4,BEAR,,292,292.0,,
2022-09-14,4,BEAR,,292,292.0,,
2022-09-15,4,BEAR,,292,292.0,,
2022-09-16,4,BEAR,,292,292.0,,
2022-09-19,4,BEAR,,292,292.0,,
2022-09-20,4,BEAR,,292,292.0,,
2022-09-21,4,BEAR,,292,292.0,,
2022-09-22,4,BEAR,,292,292.0,,
2022-09-23,4,BEAR,,292,292.0,,
2022-09-26,4,BEAR,,292,292.0,,
2022-09-27,4,BEAR,,292,292.0,,
2022-09-28,4,BEAR,,292,292.0,,
2022-09-29,4,BEAR,,292,292.0,,
2022-09-30,4,BEAR,,292,292.0,,
2022-10-03,4,BEAR,,292,292.0,,
2022-10-04,4,BEAR,,292,292.0,,
2022-10-05,4,BEAR,,292,292.0,,
2022-10-06,4,BEAR,,292,292.0,,
2022-10-07,4,BEAR,,292,292.0,,
2022-10-10,4,BEAR,,292,292.0,,
2022-10-11,4,BEAR,,292,292.0,,
2022-10-12,4,BEAR,,292,292.0,,
2022-10-13,4,BEAR,,292,292.0,,
2022-10-14,4,BEAR,,292,292.0,,
2022-10-17,4,BEAR,,292,292.0,,
2022-10-18,4,BEAR,,292,292.0,,
2022-10-19,4,BEAR,,292,292.0,,
2022-10-20,4,BEAR,,292,292.0,,
2022-10-21,4,BEAR,,292,292.0,,
2022-10-24,4,BEAR,,292,292.0,,
2022-10-25,4,BEAR,,292,292.0,,
2022-10-26,4,BEAR,,292,292.0,,
2022-10-27,4,BEAR,,292,292.0,,
2022-10-28,4,BULL_CALM,gate_starved:failed,292,,,
2022-10-31,4,BULL_CALM,gate_starved:failed,292,,,
2022-11-01,4,BULL_CALM,gate_starved:failed,292,,,
2022-11-02,4,BEAR,,292,292.0,,
2022-11-03,4,BEAR,,292,292.0,,
2022-11-04,4,BEAR,,292,292.0,,
2022-11-07,4,BEAR,,292,292.0,,
2022-11-08,4,BEAR,,292,292.0,,
2022-11-09,4,BULL_VOLATILE,,292,292.0,,
2022-11-10,4,BEAR,,292,292.0,,
2022-11-11,4,BEAR,,292,292.0,,
2022-11-14,4,BEAR,,292,292.0,,
2022-11-15,4,BEAR,,292,292.0,,
2022-11-16,4,BEAR,,292,292.0,,
2022-11-17,4,BULL_VOLATILE,,292,292.0,,
2022-11-18,4,BULL_VOLATILE,,292,292.0,,
2022-11-21,4,BULL_CALM,gate_starved:failed,292,,,
2022-11-22,4,BULL_CALM,gate_starved:failed,292,,,
2022-11-23,4,BULL_VOLATILE,,292,292.0,,
2022-11-25,4,BULL_CALM,gate_starved:failed,292,,,
2022-11-28,4,BULL_CALM,gate_starved:failed,292,,,
2022-11-29,4,BULL_CALM,gate_starved:failed,292,,,
2022-11-30,4,BEAR,,292,292.0,,
2022-12-01,4,BEAR,,292,292.0,,
2022-12-02,4,BEAR,,292,292.0,,
2022-12-05,4,BEAR,,292,292.0,,
2022-12-06,4,BEAR,,292,292.0,,
2022-12-07,4,BULL_VOLATILE,,292,292.0,,
2022-12-08,4,BULL_VOLATILE,,292,292.0,,
2022-12-09,4,BULL_VOLATILE,,292,292.0,,
2022-12-12,4,BULL_VOLATILE,,292,292.0,,
2022-12-13,4,BULL_VOLATILE,,292,292.0,,
2022-12-14,4,BULL_VOLATILE,,292,292.0,,
2022-12-15,4,BULL_VOLATILE,,292,292.0,,
2022-12-16,4,BEAR,,292,292.0,,
2022-12-19,4,BEAR,,292,292.0,,
2022-12-20,4,BEAR,,292,292.0,,
2022-12-21,4,BULL_VOLATILE,,292,292.0,,
2022-12-22,4,BULL_VOLATILE,,292,292.0,,
2022-12-23,4,BULL_VOLATILE,,292,292.0,,
2022-12-27,4,BULL_VOLATILE,,292,292.0,,
2022-12-28,4,BULL_VOLATILE,,292,292.0,,
2022-12-29,4,BULL_VOLATILE,,292,292.0,,
2022-12-30,4,BULL_VOLATILE,,292,292.0,,
2023-04-03,5,BULL_VOLATILE,gate_starved:failed,292,,,
2023-04-04,5,BULL_VOLATILE,gate_starved:failed,292,,,
2023-04-05,5,BULL_VOLATILE,gate_starved:failed,292,,,
2023-04-06,5,BULL_VOLATILE,gate_starved:failed,292,,,
2023-04-10,5,BULL_VOLATILE,gate_starved:failed,292,,,
2023-04-11,5,BULL_VOLATILE,gate_starved:failed,292,,,
2023-04-12,5,BULL_CALM,gate_starved:failed,292,,,
2023-04-13,5,BULL_CALM,gate_starved:failed,292,,,
2023-04-14,5,BULL_CALM,gate_starved:failed,292,,,
2023-04-17,5,BULL_CALM,gate_starved:failed,292,,,
2023-04-18,5,BULL_CALM,gate_starved:failed,292,,,
2023-04-19,5,BULL_CALM,gate_starved:failed,292,,,
2023-04-20,5,BULL_CALM,gate_starved:failed,292,,,
2023-04-21,5,BULL_CALM,gate_starved:failed,292,,,
2023-04-24,5,BULL_CALM,gate_starved:failed,292,,,
2023-04-25,5,BULL_CALM,gate_starved:failed,292,,,
2023-04-26,5,BULL_CALM,gate_starved:failed,292,,,
2023-04-27,5,BULL_CALM,gate_starved:failed,292,,,
2023-04-28,5,BULL_CALM,gate_starved:failed,292,,,
2023-05-01,5,BULL_CALM,gate_starved:failed,292,,,
2023-05-02,5,BULL_VOLATILE,gate_starved:failed,292,,,
2023-05-03,5,BULL_VOLATILE,gate_starved:failed,292,,,
2023-05-04,5,BULL_VOLATILE,gate_starved:failed,292,,,
2023-05-05,5,BULL_VOLATILE,gate_starved:failed,292,,,
2023-05-08,5,BULL_VOLATILE,gate_starved:failed,292,,,
2023-05-09,5,BULL_VOLATILE,gate_starved:failed,292,,,
2023-05-10,5,BULL_VOLATILE,gate_starved:failed,292,,,
2023-05-11,5,BULL_CALM,gate_starved:failed,292,,,
2023-05-12,5,BULL_VOLATILE,gate_starved:failed,292,,,
2023-05-15,5,BULL_VOLATILE,gate_starved:failed,292,,,
2023-05-16,5,BULL_VOLATILE,gate_starved:failed,292,,,
2023-05-17,5,BULL_VOLATILE,gate_starved:failed,292,,,
2023-05-18,5,BULL_VOLATILE,gate_starved:failed,292,,,
2023-05-19,5,BULL_VOLATILE,gate_starved:failed,292,,,
2023-05-22,5,BULL_VOLATILE,gate_starved:failed,292,,,
2023-05-23,5,BULL_VOLATILE,gate_starved:failed,292,,,
2023-05-24,5,BULL_VOLATILE,gate_starved:failed,292,,,
2023-05-25,5,BULL_CALM,gate_starved:failed,292,,,
2023-05-26,5,BULL_CALM,gate_starved:failed,292,,,
2023-05-30,5,BULL_CALM,gate_starved:failed,292,,,
2023-05-31,5,BULL_CALM,gate_starved:failed,292,,,
2023-06-01,5,BULL_CALM,gate_starved:failed,292,,,
2023-06-02,5,BULL_CALM,gate_starved:failed,292,,,
2023-06-05,5,BULL_CALM,gate_starved:failed,292,,,
2023-06-06,5,BULL_CALM,gate_starved:failed,292,,,
2023-06-07,5,BULL_CALM,gate_starved:failed,292,,,
2023-06-08,5,BULL_CALM,gate_starved:failed,292,,,
2023-06-09,5,CHOPPY,gate_starved:no_stamps,292,,,
2023-06-12,5,CHOPPY,gate_starved:no_stamps,292,,,
2023-06-13,5,BULL_CALM,gate_starved:failed,292,,,
2023-06-14,5,BULL_CALM,gate_starved:failed,292,,,
2023-06-15,5,BULL_CALM,gate_starved:failed,292,,,
2023-06-16,5,BULL_CALM,gate_starved:failed,292,,,
2023-06-20,5,BULL_CALM,gate_starved:failed,292,,,
2023-06-21,5,BULL_CALM,gate_starved:failed,292,,,
2023-06-22,5,BULL_CALM,gate_starved:failed,292,,,
2023-06-23,5,BULL_CALM,gate_starved:failed,292,,,
2023-06-26,5,BULL_CALM,gate_starved:failed,292,,,
2023-06-27,5,BULL_CALM,gate_starved:failed,292,,,
2023-06-28,5,BULL_CALM,gate_starved:failed,292,,,
2023-06-29,5,BULL_CALM,gate_starved:failed,292,,,
2023-06-30,5,BULL_CALM,gate_starved:failed,292,,,
2023-07-03,5,BULL_CALM,gate_starved:failed,292,,,
2023-07-05,5,BULL_CALM,gate_starved:failed,292,,,
2023-07-06,5,BULL_CALM,gate_starved:failed,292,,,
2023-07-07,5,BULL_CALM,gate_starved:failed,292,,,
2023-07-10,5,BULL_CALM,gate_starved:failed,292,,,
2023-07-11,5,BULL_CALM,gate_starved:failed,292,,,
2023-07-12,5,BULL_CALM,gate_starved:failed,292,,,
2023-07-13,5,BULL_CALM,gate_starved:failed,292,,,
2023-07-14,5,BULL_CALM,gate_starved:failed,292,,,
2023-07-17,5,BULL_CALM,gate_starved:failed,292,,,
2023-07-18,5,BULL_CALM,gate_starved:failed,292,,,
2023-07-19,5,BULL_CALM,gate_starved:failed,292,,,
2023-07-20,5,BULL_CALM,gate_starved:failed,292,,,
2023-07-21,5,BULL_CALM,gate_starved:failed,292,,,
2023-07-24,5,BULL_CALM,gate_starved:failed,292,,,
2023-07-25,5,BULL_CALM,gate_starved:failed,292,,,
2023-07-26,5,BULL_CALM,gate_starved:failed,292,,,
2023-07-27,5,BULL_CALM,gate_starved:failed,292,,,
2023-07-28,5,BULL_CALM,gate_starved:failed,292,,,
2023-07-31,5,BULL_CALM,gate_starved:failed,292,,,
2023-08-01,5,BULL_CALM,gate_starved:failed,292,,,
2023-08-02,5,BULL_CALM,gate_starved:failed,292,,,
2023-08-03,5,BULL_CALM,gate_starved:failed,292,,,
2023-08-04,5,BULL_CALM,gate_starved:failed,292,,,
2023-08-07,5,BULL_CALM,gate_starved:failed,292,,,
2023-08-08,5,BULL_CALM,gate_starved:failed,292,,,
2023-08-09,5,BULL_CALM,gate_starved:failed,292,,,
2023-08-10,5,BULL_CALM,gate_starved:failed,292,,,
2023-08-11,5,BULL_CALM,gate_starved:failed,292,,,
2023-08-14,5,BULL_CALM,gate_starved:failed,292,,,
2023-08-15,5,BULL_CALM,gate_starved:failed,292,,,
2023-08-16,5,BULL_CALM,gate_starved:failed,292,,,
2023-08-17,5,BULL_CALM,gate_starved:failed,292,,,
2023-08-18,5,BULL_CALM,gate_starved:failed,292,,,
2023-08-21,5,BULL_CALM,gate_starved:failed,292,,,
2023-08-22,5,BULL_CALM,gate_starved:failed,292,,,
2023-08-23,5,BULL_CALM,gate_starved:failed,292,,,
2023-08-24,5,BULL_CALM,gate_starved:failed,292,,,
2023-08-25,5,BULL_CALM,gate_starved:failed,292,,,
2023-08-28,5,BULL_CALM,gate_starved:failed,292,,,
2023-08-29,5,CHOPPY,gate_starved:no_stamps,292,,,
2023-08-30,5,CHOPPY,gate_starved:no_stamps,292,,,
2023-08-31,5,BULL_CALM,gate_starved:failed,292,,,
2023-09-01,5,BULL_CALM,gate_starved:failed,292,,,
2023-09-05,5,BULL_CALM,gate_starved:failed,292,,,
2023-09-06,5,BULL_CALM,gate_starved:failed,292,,,
2023-09-07,5,BULL_CALM,gate_starved:failed,292,,,
2023-09-08,5,BULL_CALM,gate_starved:failed,292,,,
2023-09-11,5,BULL_CALM,gate_starved:failed,292,,,
2023-09-12,5,BULL_CALM,gate_starved:failed,292,,,
2023-09-13,5,BULL_CALM,gate_starved:failed,292,,,
2023-09-14,5,BULL_CALM,gate_starved:failed,292,,,
2023-09-15,5,BULL_CALM,gate_starved:failed,292,,,
2023-09-18,5,BULL_CALM,gate_starved:failed,292,,,
2023-09-19,5,BULL_CALM,gate_starved:failed,292,,,
2023-09-20,5,BULL_CALM,gate_starved:failed,292,,,
2023-09-21,5,BEAR,gate_starved:failed,292,,,
2023-09-22,5,BULL_CALM,gate_starved:failed,292,,,
2023-09-25,5,BULL_CALM,gate_starved:failed,292,,,
2023-09-26,5,BULL_CALM,gate_starved:failed,292,,,
2023-09-27,5,BULL_CALM,gate_starved:failed,292,,,
2023-09-28,5,BULL_CALM,gate_starved:failed,292,,,
2023-09-29,5,BULL_CALM,gate_starved:failed,292,,,
2023-10-02,5,BULL_CALM,gate_starved:failed,292,,,
2023-10-03,5,BULL_CALM,gate_starved:failed,292,,,
2023-10-04,5,BULL_CALM,gate_starved:failed,292,,,
2023-10-05,5,BULL_CALM,gate_starved:failed,292,,,
2023-10-06,5,BULL_CALM,gate_starved:failed,292,,,
2023-10-09,5,BULL_CALM,gate_starved:failed,292,,,
2023-10-10,5,BULL_CALM,gate_starved:failed,292,,,
2023-10-11,5,BULL_CALM,gate_starved:failed,292,,,
2023-10-12,5,BULL_CALM,gate_starved:failed,292,,,
2023-10-13,5,BULL_CALM,gate_starved:failed,292,,,
2023-10-16,5,BULL_CALM,gate_starved:failed,292,,,
2023-10-17,5,BULL_CALM,gate_starved:failed,292,,,
2023-10-18,5,BULL_CALM,gate_starved:failed,292,,,
2023-10-19,5,BULL_CALM,gate_starved:failed,292,,,
2023-10-20,5,BEAR,gate_starved:failed,292,,,
2023-10-23,5,BEAR,gate_starved:failed,292,,,
2023-10-24,5,BULL_CALM,gate_starved:failed,292,,,
2023-10-25,5,BEAR,gate_starved:failed,292,,,
2023-10-26,5,BEAR,gate_starved:failed,292,,,
2023-10-27,5,BEAR,gate_starved:failed,292,,,
2023-10-30,5,BEAR,gate_starved:failed,292,,,
2023-10-31,5,BEAR,gate_starved:failed,292,,,
2023-11-01,5,BEAR,gate_starved:failed,292,,,
2023-11-02,5,BULL_CALM,gate_starved:failed,292,,,
2023-11-03,5,BULL_CALM,gate_starved:failed,292,,,
2023-11-06,5,BULL_CALM,gate_starved:failed,292,,,
2023-11-07,5,BULL_CALM,gate_starved:failed,292,,,
2023-11-08,5,BULL_CALM,gate_starved:failed,292,,,
2023-11-09,5,BULL_CALM,gate_starved:failed,292,,,
2023-11-10,5,BULL_CALM,gate_starved:failed,292,,,
2023-11-13,5,BULL_CALM,gate_starved:failed,292,,,
2023-11-14,5,BULL_CALM,gate_starved:failed,292,,,
2023-11-15,5,BULL_CALM,gate_starved:failed,292,,,
2023-11-16,5,BULL_CALM,gate_starved:failed,292,,,
2023-11-17,5,BULL_CALM,gate_starved:failed,292,,,
2023-11-20,5,BULL_CALM,gate_starved:failed,292,,,
2023-11-21,5,BULL_CALM,gate_starved:failed,292,,,
2023-11-22,5,BULL_CALM,gate_starved:failed,292,,,
2023-11-24,5,BULL_CALM,gate_starved:failed,292,,,
2023-11-27,5,BULL_CALM,gate_starved:failed,292,,,
2023-11-28,5,BULL_CALM,gate_starved:failed,292,,,
2023-11-29,5,BULL_CALM,gate_starved:failed,292,,,
2023-11-30,5,BULL_CALM,gate_starved:failed,292,,,
2023-12-01,5,BULL_CALM,gate_starved:failed,292,,,
2023-12-04,5,BULL_CALM,gate_starved:failed,292,,,
2023-12-05,5,BULL_CALM,gate_starved:failed,292,,,
2023-12-06,5,BULL_CALM,gate_starved:failed,292,,,
2023-12-07,5,BULL_CALM,gate_starved:failed,292,,,
2023-12-08,5,BULL_CALM,gate_starved:failed,292,,,
2023-12-11,5,BULL_CALM,gate_starved:failed,292,,,
2023-12-12,5,BULL_CALM,gate_starved:failed,292,,,
2023-12-13,5,BULL_CALM,gate_starved:failed,292,,,
2023-12-14,5,BULL_CALM,gate_starved:failed,292,,,
2023-12-15,5,BULL_CALM,gate_starved:failed,292,,,
2023-12-18,5,BULL_CALM,gate_starved:failed,292,,,
2023-12-19,5,BULL_CALM,gate_starved:failed,292,,,
2023-12-20,5,BULL_CALM,gate_starved:failed,292,,,
2023-12-21,5,BULL_CALM,gate_starved:failed,292,,,
2023-12-22,5,BULL_CALM,gate_starved:failed,292,,,
2023-12-26,5,BULL_CALM,gate_starved:failed,292,,,
2023-12-27,5,BULL_CALM,gate_starved:failed,292,,,
2023-12-28,5,BULL_CALM,gate_starved:failed,292,,,
2023-12-29,5,BULL_CALM,gate_starved:failed,292,,,
2024-04-01,6,BULL_CALM,,292,292.0,,
2024-04-02,6,CHOPPY,gate_starved:ineligible,292,,,
2024-04-03,6,CHOPPY,gate_starved:ineligible,292,,,
2024-04-04,6,CHOPPY,gate_starved:ineligible,292,,,
2024-04-05,6,CHOPPY,gate_starved:ineligible,292,,,
2024-04-08,6,CHOPPY,gate_starved:ineligible,292,,,
2024-04-09,6,BULL_CALM,,292,292.0,,
2024-04-10,6,CHOPPY,gate_starved:ineligible,292,,,
2024-04-11,6,CHOPPY,gate_starved:ineligible,292,,,
2024-04-12,6,CHOPPY,gate_starved:ineligible,292,,,
2024-04-15,6,CHOPPY,gate_starved:ineligible,292,,,
2024-04-16,6,CHOPPY,gate_starved:ineligible,292,,,
2024-04-17,6,BULL_VOLATILE,,292,292.0,,
2024-04-18,6,BULL_VOLATILE,,292,292.0,,
2024-04-19,6,BULL_VOLATILE,,292,292.0,,
2024-04-22,6,BULL_VOLATILE,,292,292.0,,
2024-04-23,6,BULL_VOLATILE,,292,292.0,,
2024-04-24,6,BULL_VOLATILE,,292,292.0,,
2024-04-25,6,BULL_VOLATILE,,292,292.0,,
2024-04-26,6,BULL_CALM,,292,292.0,,
2024-04-29,6,BULL_CALM,,292,292.0,,
2024-04-30,6,BULL_CALM,,292,292.0,,
2024-05-01,6,BULL_CALM,,292,292.0,,
2024-05-02,6,BULL_CALM,,292,292.0,,
2024-05-03,6,BULL_CALM,,292,292.0,,
2024-05-06,6,CHOPPY,gate_starved:ineligible,292,,,
2024-05-07,6,BULL_CALM,,292,292.0,,
2024-05-08,6,BULL_CALM,,292,292.0,,
2024-05-09,6,BULL_CALM,,292,292.0,,
2024-05-10,6,BULL_CALM,,292,292.0,,
2024-05-13,6,BULL_CALM,,292,292.0,,
2024-05-14,6,BULL_VOLATILE,,292,292.0,,
2024-05-15,6,BULL_VOLATILE,,292,292.0,,
2024-05-16,6,BULL_VOLATILE,,292,292.0,,
2024-05-17,6,BULL_CALM,,292,292.0,,
2024-05-20,6,BULL_CALM,,292,292.0,,
2024-05-21,6,BULL_CALM,,292,292.0,,
2024-05-22,6,BULL_CALM,,292,292.0,,
2024-05-23,6,BULL_CALM,,292,292.0,,
2024-05-24,6,BULL_CALM,,292,292.0,,
2024-05-28,6,BULL_CALM,,292,292.0,,
2024-05-29,6,BULL_CALM,,292,292.0,,
2024-05-30,6,BULL_CALM,,292,292.0,,
2024-05-31,6,BULL_CALM,,292,292.0,,
2024-06-03,6,BULL_CALM,,292,292.0,,
2024-06-04,6,BULL_CALM,,292,292.0,,
2024-06-05,6,BULL_CALM,,292,292.0,,
2024-06-06,6,BULL_CALM,,292,292.0,,
2024-06-07,6,BULL_CALM,,292,292.0,,
2024-06-10,6,BULL_CALM,,292,292.0,,
2024-06-11,6,BULL_CALM,,292,292.0,,
2024-06-12,6,BULL_CALM,,292,292.0,,
2024-06-13,6,BULL_CALM,,292,292.0,,
2024-06-14,6,BULL_CALM,,292,292.0,,
2024-06-17,6,BULL_CALM,,292,292.0,,
2024-06-18,6,BULL_CALM,,292,292.0,,
2024-06-20,6,BULL_CALM,,292,292.0,,
2024-06-21,6,BULL_CALM,,292,292.0,,
2024-06-24,6,BULL_CALM,,292,292.0,,
2024-06-25,6,BULL_CALM,,292,292.0,,
2024-06-26,6,BULL_CALM,,292,292.0,,
2024-06-27,6,BULL_CALM,,292,292.0,,
2024-06-28,6,BULL_CALM,,292,292.0,,
2024-07-01,6,BULL_CALM,,292,292.0,,
2024-07-02,6,BULL_CALM,,292,292.0,,
2024-07-03,6,BULL_CALM,,292,292.0,,
2024-07-05,6,BULL_CALM,,292,292.0,,
2024-07-08,6,BULL_CALM,,292,292.0,,
2024-07-09,6,BULL_CALM,,292,292.0,,
2024-07-10,6,BULL_CALM,,292,292.0,,
2024-07-11,6,BULL_CALM,,292,292.0,,
2024-07-12,6,BULL_CALM,,292,292.0,,
2024-07-15,6,BULL_CALM,,292,292.0,,
2024-07-16,6,BULL_CALM,,292,292.0,,
2024-07-17,6,CHOPPY,gate_starved:ineligible,292,,,
2024-07-18,6,BULL_CALM,,292,292.0,,
2024-07-19,6,BULL_CALM,,292,292.0,,
2024-07-22,6,CHOPPY,gate_starved:ineligible,292,,,
2024-07-23,6,BULL_CALM,,292,292.0,,
2024-07-24,6,CHOPPY,gate_starved:ineligible,292,,,
2024-07-25,6,CHOPPY,gate_starved:ineligible,292,,,
2024-07-26,6,CHOPPY,gate_starved:ineligible,292,,,
2024-07-29,6,CHOPPY,gate_starved:ineligible,292,,,
2024-07-30,6,CHOPPY,gate_starved:ineligible,292,,,
2024-07-31,6,BULL_CALM,,292,292.0,,
2024-08-01,6,CHOPPY,gate_starved:ineligible,292,,,
2024-08-02,6,BULL_CALM,,292,292.0,,
2024-08-05,6,BEAR,,292,292.0,,
2024-08-06,6,BEAR,,292,292.0,,
2024-08-07,6,BEAR,,292,292.0,,
2024-08-08,6,BEAR,,292,292.0,,
2024-08-09,6,BEAR,,292,292.0,,
2024-08-12,6,BULL_CALM,,292,292.0,,
2024-08-13,6,BULL_CALM,,292,292.0,,
2024-08-14,6,BULL_CALM,,292,292.0,,
2024-08-15,6,BULL_CALM,,292,292.0,,
2024-08-16,6,BULL_CALM,,292,292.0,,
2024-08-19,6,BULL_CALM,,292,292.0,,
2024-08-20,6,BULL_CALM,,292,292.0,,
2024-08-21,6,BULL_CALM,,292,292.0,,
2024-08-22,6,BULL_CALM,,292,292.0,,
2024-08-23,6,BULL_CALM,,292,292.0,,
2024-08-26,6,BULL_CALM,,292,292.0,,
2024-08-27,6,BULL_CALM,,292,292.0,,
2024-08-28,6,BULL_CALM,,292,292.0,,
2024-08-29,6,BULL_CALM,,292,292.0,,
2024-08-30,6,BULL_CALM,,292,292.0,,
2024-09-03,6,BULL_CALM,,292,292.0,,
2024-09-04,6,BULL_CALM,,292,292.0,,
2024-09-05,6,BULL_CALM,,292,292.0,,
2024-09-06,6,BULL_CALM,,292,292.0,,
2024-09-09,6,BULL_CALM,,292,292.0,,
2024-09-10,6,BULL_CALM,,292,292.0,,
2024-09-11,6,BULL_CALM,,292,292.0,,
2024-09-12,6,BULL_CALM,,292,292.0,,
2024-09-13,6,BULL_CALM,,292,292.0,,
2024-09-16,6,BULL_CALM,,292,292.0,,
2024-09-17,6,BULL_CALM,,292,292.0,,
2024-09-18,6,BULL_CALM,,292,292.0,,
2024-09-19,6,BULL_CALM,,292,292.0,,
2024-09-20,6,BULL_CALM,,292,292.0,,
2024-09-23,6,BULL_CALM,,292,292.0,,
2024-09-24,6,BULL_CALM,,292,292.0,,
2024-09-25,6,BULL_CALM,,292,292.0,,
2024-09-26,6,BULL_CALM,,292,292.0,,
2024-09-27,6,BULL_CALM,,292,292.0,,
2024-09-30,6,BULL_CALM,,292,292.0,,
2024-10-01,6,BULL_CALM,,292,292.0,,
2024-10-02,6,BULL_CALM,,292,292.0,,
2024-10-03,6,BULL_CALM,,292,292.0,,
2024-10-04,6,BULL_CALM,,292,292.0,,
2024-10-07,6,BULL_CALM,,292,292.0,,
2024-10-08,6,BULL_CALM,,292,292.0,,
2024-10-09,6,BULL_CALM,,292,292.0,,
2024-10-10,6,BULL_CALM,,292,292.0,,
2024-10-11,6,BULL_CALM,,292,292.0,,
2024-10-14,6,BULL_CALM,,292,292.0,,
2024-10-15,6,BULL_CALM,,292,292.0,,
2024-10-16,6,BULL_CALM,,292,292.0,,
2024-10-17,6,BULL_CALM,,292,292.0,,
2024-10-18,6,BULL_CALM,,292,292.0,,
2024-10-21,6,BULL_CALM,,292,292.0,,
2024-10-22,6,BULL_CALM,,292,292.0,,
2024-10-23,6,BULL_CALM,,292,292.0,,
2024-10-24,6,BULL_CALM,,292,292.0,,
2024-10-25,6,BULL_CALM,,292,292.0,,
2024-10-28,6,BULL_CALM,,292,292.0,,
2024-10-29,6,BULL_CALM,,292,292.0,,
2024-10-30,6,BULL_CALM,,292,292.0,,
2024-10-31,6,BULL_CALM,,292,292.0,,
2024-11-01,6,BULL_CALM,,292,292.0,,
2024-11-04,6,BULL_CALM,,292,292.0,,
2024-11-05,6,CHOPPY,gate_starved:ineligible,292,,,
2024-11-06,6,BEAR,,292,292.0,,
2024-11-07,6,BULL_CALM,,292,292.0,,
2024-11-08,6,BULL_CALM,,292,292.0,,
2024-11-11,6,BULL_CALM,,292,292.0,,
2024-11-12,6,BULL_CALM,,292,292.0,,
2024-11-13,6,BULL_CALM,,292,292.0,,
2024-11-14,6,BULL_CALM,,292,292.0,,
2024-11-15,6,BULL_CALM,,292,292.0,,
2024-11-18,6,BULL_CALM,,292,292.0,,
2024-11-19,6,BULL_CALM,,292,292.0,,
2024-11-20,6,BULL_CALM,,292,292.0,,
2024-11-21,6,BULL_CALM,,292,292.0,,
2024-11-22,6,BULL_CALM,,292,292.0,,
2024-11-25,6,BULL_CALM,,292,292.0,,
2024-11-26,6,BULL_CALM,,292,292.0,,
2024-11-27,6,BULL_CALM,,292,292.0,,
2024-11-29,6,BULL_CALM,,292,292.0,,
2024-12-02,6,BULL_CALM,,292,292.0,,
2024-12-03,6,BULL_CALM,,292,292.0,,
2024-12-04,6,BULL_CALM,,292,292.0,,
2024-12-05,6,BULL_CALM,,292,292.0,,
2024-12-06,6,BULL_CALM,,292,292.0,,
2024-12-09,6,BULL_CALM,,292,292.0,,
2024-12-10,6,BULL_CALM,,292,292.0,,
2024-12-11,6,BULL_CALM,,292,292.0,,
2024-12-12,6,BULL_CALM,,292,292.0,,
2024-12-13,6,BULL_CALM,,292,292.0,,
2024-12-16,6,BULL_CALM,,292,292.0,,
2024-12-17,6,BULL_CALM,,292,292.0,,
2024-12-18,6,CHOPPY,gate_starved:ineligible,292,,,
2024-12-19,6,CHOPPY,gate_starved:ineligible,292,,,
2024-12-20,6,CHOPPY,gate_starved:ineligible,292,,,
2024-12-23,6,CHOPPY,gate_starved:ineligible,292,,,
2024-12-24,6,BEAR,,292,292.0,,
2024-12-26,6,BULL_CALM,,292,292.0,,
2024-12-27,6,BULL_CALM,,292,292.0,,
2024-12-30,6,BULL_CALM,,292,292.0,,
2024-12-31,6,BULL_CALM,,292,292.0,,
2025-04-01,7,BEAR,,292,292.0,,
2025-04-02,7,BEAR,,292,292.0,,
2025-04-03,7,BEAR,,292,292.0,,
2025-04-04,7,BEAR,,292,292.0,,
2025-04-07,7,BEAR,,292,292.0,,
2025-04-08,7,BEAR,,292,292.0,,
2025-04-09,7,BEAR,,292,292.0,,
2025-04-10,7,BEAR,,292,292.0,,
2025-04-11,7,BEAR,,292,292.0,,
2025-04-14,7,BEAR,,292,292.0,,
2025-04-15,7,BEAR,,292,292.0,,
2025-04-16,7,BEAR,,292,292.0,,
2025-04-17,7,BEAR,,292,292.0,,
2025-04-21,7,BEAR,,292,292.0,,
2025-04-22,7,BEAR,,292,292.0,,
2025-04-23,7,BEAR,,292,292.0,,
2025-04-24,7,BEAR,,292,292.0,,
2025-04-25,7,BEAR,,292,292.0,,
2025-04-28,7,BEAR,,292,292.0,,
2025-04-29,7,BEAR,,292,292.0,,
2025-04-30,7,BEAR,,292,292.0,,
2025-05-01,7,BEAR,,292,292.0,,
2025-05-02,7,BEAR,,292,292.0,,
2025-05-05,7,BEAR,,292,292.0,,
2025-05-06,7,BEAR,,292,292.0,,
2025-05-07,7,BEAR,,292,292.0,,
2025-05-08,7,BULL_CALM,,292,292.0,,
2025-05-09,7,BULL_CALM,,292,292.0,,
2025-05-12,7,BULL_CALM,,292,292.0,,
2025-05-13,7,BULL_CALM,,292,292.0,,
2025-05-14,7,BULL_CALM,,292,292.0,,
2025-05-15,7,BULL_CALM,,292,292.0,,
2025-05-16,7,BULL_CALM,,292,292.0,,
2025-05-19,7,BULL_CALM,,292,292.0,,
2025-05-20,7,BULL_CALM,,292,292.0,,
2025-05-21,7,BULL_CALM,,292,292.0,,
2025-05-22,7,BULL_CALM,,292,292.0,,
2025-05-23,7,BULL_CALM,,292,292.0,,
2025-05-27,7,BULL_CALM,,292,292.0,,
2025-05-28,7,BULL_CALM,,292,292.0,,
2025-05-29,7,BULL_CALM,,292,292.0,,
2025-05-30,7,BULL_CALM,,292,292.0,,
2025-06-02,7,BULL_CALM,,292,292.0,,
2025-06-03,7,BULL_CALM,,292,292.0,,
2025-06-04,7,BULL_CALM,,292,292.0,,
2025-06-05,7,BULL_CALM,,292,292.0,,
2025-06-06,7,BULL_CALM,,292,292.0,,
2025-06-09,7,BULL_CALM,,292,292.0,,
2025-06-10,7,BULL_CALM,,292,292.0,,
2025-06-11,7,BULL_CALM,,292,292.0,,
2025-06-12,7,BULL_CALM,,292,292.0,,
2025-06-13,7,BULL_CALM,,292,292.0,,
2025-06-16,7,BULL_CALM,,292,292.0,,
2025-06-17,7,BULL_CALM,,292,292.0,,
2025-06-18,7,BULL_CALM,,292,292.0,,
2025-06-20,7,BULL_CALM,,292,292.0,,
2025-06-23,7,BULL_CALM,,292,292.0,,
2025-06-24,7,BULL_CALM,,292,292.0,,
2025-06-25,7,BULL_CALM,,292,292.0,,
2025-06-26,7,BULL_CALM,,292,292.0,,
2025-06-27,7,BULL_CALM,,292,292.0,,
2025-06-30,7,BULL_CALM,,292,292.0,,
2025-07-01,7,BULL_CALM,,292,292.0,,
2025-07-02,7,BULL_CALM,,292,292.0,,
2025-07-03,7,BULL_CALM,,292,292.0,,
2025-07-07,7,BULL_CALM,,292,292.0,,
2025-07-08,7,BULL_CALM,,292,292.0,,
2025-07-09,7,BULL_CALM,,292,292.0,,
2025-07-10,7,BULL_CALM,,292,292.0,,
2025-07-11,7,BULL_CALM,,292,292.0,,
2025-07-14,7,BULL_CALM,,292,292.0,,
2025-07-15,7,BULL_CALM,,292,292.0,,
2025-07-16,7,BULL_CALM,,292,292.0,,
2025-07-17,7,BULL_CALM,,292,292.0,,
2025-07-18,7,BULL_CALM,,292,292.0,,
2025-07-21,7,BULL_CALM,,292,292.0,,
2025-07-22,7,BULL_CALM,,292,292.0,,
2025-07-23,7,BULL_CALM,,292,292.0,,
2025-07-24,7,BULL_CALM,,292,292.0,,
2025-07-25,7,BULL_CALM,,292,292.0,,
2025-07-28,7,BULL_CALM,,292,292.0,,
2025-07-29,7,BULL_CALM,,292,292.0,,
2025-07-30,7,BULL_CALM,,292,292.0,,
2025-07-31,7,BULL_CALM,,292,292.0,,
2025-08-01,7,BULL_CALM,,292,292.0,,
2025-08-04,7,BULL_CALM,,292,292.0,,
2025-08-05,7,BULL_CALM,,292,292.0,,
2025-08-06,7,CHOPPY,,292,292.0,,
2025-08-07,7,CHOPPY,,292,292.0,,
2025-08-08,7,BULL_CALM,,292,292.0,,
2025-08-11,7,BULL_CALM,,292,292.0,,
2025-08-12,7,BULL_CALM,,292,292.0,,
2025-08-13,7,BULL_CALM,,292,292.0,,
2025-08-14,7,BULL_CALM,,292,292.0,,
2025-08-15,7,BULL_CALM,,292,292.0,,
2025-08-18,7,BULL_CALM,,292,292.0,,
2025-08-19,7,BULL_CALM,,292,292.0,,
2025-08-20,7,BULL_CALM,,292,292.0,,
2025-08-21,7,BULL_CALM,,292,292.0,,
2025-08-22,7,BULL_CALM,,292,292.0,,
2025-08-25,7,BULL_CALM,,292,292.0,,
2025-08-26,7,BULL_CALM,,292,292.0,,
2025-08-27,7,BULL_CALM,,292,292.0,,
2025-08-28,7,BULL_CALM,,292,292.0,,
2025-08-29,7,BULL_CALM,,292,292.0,,
2025-09-02,7,BULL_CALM,,292,292.0,,
2025-09-03,7,BULL_CALM,,292,292.0,,
2025-09-04,7,BULL_CALM,,292,292.0,,
2025-09-05,7,BULL_CALM,,292,292.0,,
2025-09-08,7,BULL_CALM,,292,292.0,,
2025-09-09,7,BULL_CALM,,292,292.0,,
2025-09-10,7,BULL_CALM,,292,292.0,,
2025-09-11,7,BULL_CALM,,292,292.0,,
2025-09-12,7,BULL_CALM,,292,292.0,,
2025-09-15,7,BULL_CALM,,292,292.0,,
2025-09-16,7,BULL_CALM,,292,292.0,,
2025-09-17,7,BULL_CALM,,292,292.0,,
2025-09-18,7,BULL_CALM,,292,292.0,,
2025-09-19,7,BULL_CALM,,292,292.0,,
2025-09-22,7,BULL_CALM,,292,292.0,,
2025-09-23,7,BULL_CALM,,292,292.0,,
2025-09-24,7,BULL_CALM,,292,292.0,,
2025-09-25,7,BULL_CALM,,292,292.0,,
2025-09-26,7,BULL_CALM,,292,292.0,,
2025-09-29,7,BULL_CALM,,292,292.0,,
2025-09-30,7,BULL_CALM,,292,292.0,,
2025-10-01,7,BULL_CALM,,292,292.0,,
2025-10-02,7,BULL_CALM,,292,292.0,,
2025-10-03,7,BULL_CALM,,292,292.0,,
2025-10-06,7,BULL_CALM,,292,292.0,,
2025-10-07,7,BULL_CALM,,292,292.0,,
2025-10-08,7,BULL_CALM,,292,292.0,,
2025-10-09,7,BULL_CALM,,292,292.0,,
2025-10-10,7,CHOPPY,,292,292.0,,
2025-10-13,7,BEAR,,292,292.0,,
2025-10-14,7,CHOPPY,,292,292.0,,
2025-10-15,7,CHOPPY,,292,292.0,,
2025-10-16,7,CHOPPY,,292,292.0,,
2025-10-17,7,BULL_CALM,,292,292.0,,
2025-10-20,7,BULL_CALM,,292,292.0,,
2025-10-21,7,BULL_CALM,,292,292.0,,
2025-10-22,7,BULL_CALM,,292,292.0,,
2025-10-23,7,BULL_CALM,,292,292.0,,
2025-10-24,7,BULL_CALM,,292,292.0,,
2025-10-27,7,BULL_VOLATILE,,292,292.0,,
2025-10-28,7,BULL_VOLATILE,,292,292.0,,
2025-10-29,7,BULL_VOLATILE,,292,292.0,,
2025-10-30,7,BULL_CALM,,292,292.0,,
2025-10-31,7,BULL_VOLATILE,,292,292.0,,
2025-11-03,7,BULL_CALM,,292,292.0,,
2025-11-04,7,BULL_CALM,,292,292.0,,
2025-11-05,7,BULL_CALM,,292,292.0,,
2025-11-06,7,BULL_VOLATILE,,292,292.0,,
2025-11-07,7,BULL_CALM,,292,292.0,,
2025-11-10,7,BULL_CALM,,292,292.0,,
2025-11-11,7,BULL_CALM,,292,292.0,,
2025-11-12,7,BULL_CALM,,292,292.0,,
2025-11-13,7,CHOPPY,,292,292.0,,
2025-11-14,7,CHOPPY,,292,292.0,,
2025-11-17,7,BULL_VOLATILE,,292,292.0,,
2025-11-18,7,BULL_VOLATILE,,292,292.0,,
2025-11-19,7,BULL_VOLATILE,,292,292.0,,
2025-11-20,7,BULL_CALM,,292,292.0,,
2025-11-21,7,BULL_CALM,,292,292.0,,
2025-11-24,7,BULL_CALM,,292,292.0,,
2025-11-25,7,BULL_CALM,,292,292.0,,
2025-11-26,7,BULL_CALM,,292,292.0,,
2025-11-28,7,BULL_CALM,,292,292.0,,
2025-12-01,7,BULL_CALM,,292,292.0,,
2025-12-02,7,BULL_CALM,,292,292.0,,
2025-12-03,7,BULL_CALM,,292,292.0,,
2025-12-04,7,BULL_CALM,,292,292.0,,
2025-12-05,7,BULL_CALM,,292,292.0,,
2025-12-08,7,BULL_CALM,,292,292.0,,
2025-12-09,7,BULL_CALM,,292,292.0,,
2025-12-10,7,BULL_CALM,,292,292.0,,
2025-12-11,7,BULL_CALM,,292,292.0,,
2025-12-12,7,BULL_CALM,,292,292.0,,
2025-12-15,7,BULL_CALM,,292,292.0,,
2025-12-16,7,BULL_CALM,,292,292.0,,
2025-12-17,7,BULL_CALM,,292,292.0,,
2025-12-18,7,BULL_CALM,,292,292.0,,
2025-12-19,7,BULL_CALM,,292,292.0,,
2025-12-22,7,BULL_CALM,,292,292.0,,
2025-12-23,7,BULL_CALM,,292,292.0,,
2025-12-24,7,BULL_CALM,,292,292.0,,
2025-12-26,7,BULL_CALM,,292,292.0,,
2025-12-29,7,BULL_CALM,,292,292.0,,
2025-12-30,7,BULL_CALM,,292,292.0,,
2025-12-31,7,BULL_CALM,,292,292.0,,
2026-04-01,8,BEAR,gate_starved:failed,153,,,
2026-04-02,8,BEAR,gate_starved:failed,153,,,
2026-04-06,8,BULL_VOLATILE,gate_starved:failed,153,,,
2026-04-07,8,BULL_VOLATILE,gate_starved:failed,153,,,
2026-04-08,8,BULL_VOLATILE,gate_starved:failed,153,,,
2026-04-09,8,BULL_VOLATILE,gate_starved:failed,153,,,
2026-04-10,8,BULL_VOLATILE,gate_starved:failed,153,,,
2026-04-13,8,BULL_VOLATILE,gate_starved:failed,153,,,
2026-04-14,8,BULL_VOLATILE,gate_starved:failed,153,,,
2026-04-15,8,BULL_VOLATILE,gate_starved:failed,153,,,
2026-04-16,8,BULL_VOLATILE,gate_starved:failed,153,,,
2026-04-17,8,BULL_VOLATILE,gate_starved:failed,153,,,
2026-04-20,8,BULL_VOLATILE,gate_starved:failed,153,,,
2026-04-21,8,BULL_CALM,gate_starved:failed,153,,,
2026-04-22,8,BULL_CALM,gate_starved:failed,153,,,
2026-04-23,8,BULL_CALM,gate_starved:failed,153,,,
2026-04-24,8,BULL_CALM,gate_starved:failed,153,,,
2026-04-27,8,BULL_CALM,gate_starved:failed,145,,,
2026-04-28,8,BULL_CALM,gate_starved:failed,145,,,
2026-04-29,8,BULL_CALM,gate_starved:failed,145,,,
2026-04-30,8,BULL_CALM,gate_starved:failed,145,,,
2026-05-01,8,BULL_CALM,gate_starved:failed,145,,,
2026-05-04,8,BULL_CALM,gate_starved:failed,144,,,
2026-05-05,8,BULL_CALM,gate_starved:failed,144,,,
2026-05-06,8,BULL_CALM,gate_starved:failed,144,,,
2026-05-07,8,BULL_CALM,gate_starved:failed,144,,,
