,panel_net,mom_slow_net,mom_fast_net,panel_churn,mom_slow_churn,mom_fast_churn,hedge_net,w_panel,w_mom_slow,w_mom_fast
2024-01-03,-0.02741546304397402,-0.0037815183742080003,-0.01720595807787843,0.0,0.0,0.0,-0.018954600635008617,0.5,0.25,0.25
2024-01-04,-0.004825901863910668,0.012476285633481613,0.00396692776873405,0.0,0.0,2.0,0.0017008510423538886,0.5,0.25035239130883535,0.2496476086911647
2024-01-05,0.002580500750843188,0.009977021624550497,0.0034255296549147163,0.0,0.0,0.0,0.004644660289957914,0.5,0.2505757611682192,0.24942423883178094
2024-02-02,0.011060042658733803,0.08433700195892646,0.010499680839934541,3.0,0.0,0.0,0.029294402898055065,0.5,0.25074773662067096,0.24925226337932913
2024-02-05,-0.04933533512566705,-0.009168359013630445,0.008125342230855667,0.0,0.0,1.0,-0.024959283957954367,0.5,0.2517845919153361,0.248215408084664
2024-02-06,0.07171822019539453,-0.0037738180216640624,-0.004338078130603458,1.0,0.0,1.0,0.033831886892346966,0.5,0.2513306500046413,0.24866934999535886
2024-02-07,0.03316679752632368,0.028533807728370258,0.024660362996475005,0.0,1.0,1.0,0.029905767145714145,0.5028378275255018,0.24991891127060442,0.2472432612038938
2024-02-08,0.03170509901514925,0.003216864852224721,0.005068948601671213,0.0,0.0,2.0,0.018009046935393205,0.5031821570304049,0.2498468476150124,0.24697099535458264
2024-02-09,0.015457692650482878,0.020586896912095476,0.011199299457208657,1.0,0.0,1.0,0.01568638696125759,0.5046293594971604,0.24907089227848506,0.2462997482243546
2024-02-12,-0.01972540924305921,-0.010450956362494232,-0.017771752278648318,1.0,0.0,1.0,-0.016932303190230633,0.5046050028195191,0.24932728454087366,0.24606771263960706
2024-02-13,-0.015828414880629804,-0.005987003792369383,-0.022434348474764366,1.0,1.0,1.0,-0.014996561281984181,0.5043089501795376,0.24966679037023123,0.2460242594502312
2024-02-14,0.013992760115497476,0.02602610498724811,0.016543836363763186,1.0,0.0,2.0,0.017629420647717445,0.5042204799378579,0.2501394200474728,0.24564010001466915
2024-02-15,0.008388653540993904,-0.004056459693979979,0.0067004869035411545,1.0,0.0,0.0,0.004855561123733547,0.5038352810858998,0.2505807449792126,0.24558397393488765
2024-02-16,0.018987648298892695,-0.007559087271663914,-0.001627169928424858,1.0,1.0,0.0,0.007283361607016187,0.504208939721511,0.2501120665812062,0.24567899369728263
2024-02-20,-0.04505128024238262,-0.010190986110657272,-0.006453330263691437,0.0,1.0,1.0,-0.026894513605216722,0.5054481580978298,0.2493329125527093,0.2452189293494608
2024-02-21,-0.019829535804957204,-0.052087400667646125,-0.05737345014939162,0.0,2.0,2.0,-0.037146699596360966,0.5035208335456748,0.2502071750030015,0.24627199145132372
2024-02-22,0.07061640666337987,0.18901430707363306,0.13379349763808,0.0,0.0,0.0,0.11565502026881508,0.5051046637464927,0.24940898304046416,0.24548635321304318
2024-02-23,-0.028277881814170753,-0.04197369469016443,-0.03632063654120247,0.0,1.0,0.0,-0.033668127103210814,0.5051046637464927,0.24940898304046416,0.24548635321304318
2024-02-26,0.009629239561746624,0.02584606195812193,0.015451751753371955,1.0,0.0,1.0,0.015095359659728722,0.5056763667763702,0.2489741662459105,0.24534946697771945
2024-02-27,0.009239019502268466,-0.006790309103721729,-0.007231957105555427,1.0,1.0,1.0,0.0011976705770324974,0.5050957520874563,0.24953665540575745,0.24536759250678636
2024-02-28,-0.017425672995842117,-0.016467971911618935,-0.018857282789324376,0.0,0.0,0.0,-0.017537741228460916,0.5059486829093636,0.2491180519726173,0.24493326511801908
2024-02-29,0.04870002068971694,0.03211287651156244,0.004281287066388048,0.0,0.0,1.0,0.03369032439041149,0.5059605822029168,0.24917401907313952,0.24486539872394372
2024-03-01,0.054041488930239336,0.03796674208186731,0.015531636830051654,0.0,0.0,1.0,0.04066582974934705,0.5075542550814178,0.24908969940476675,0.24335604551381554
2024-03-04,-0.00048541018503841084,0.06472507446400085,-0.0109449660452459,1.0,0.0,1.0,0.013222493754014597,0.5087670483912734,0.24905474227248683,0.2421782093362398
2024-03-05,-0.028312112306489334,-0.007981252710923648,-0.006671062716064767,1.0,0.0,2.0,-0.017987077023511277,0.507689149800704,0.25117596789802205,0.24113488230127408
2024-03-06,0.0007527813756056755,0.023719601213528046,0.017929771939191763,1.0,0.0,0.0,0.010685430680786801,0.5065883111754049,0.25170368817913735,0.24170800064545767
2024-03-07,0.004291331577883343,0.021671863122992335,0.014756372407295585,1.0,0.0,0.0,0.011211385386080915,0.5055315666979769,0.2523930024046801,0.24207543089734315
2024-03-08,-0.008129300457826819,-0.02231428663798189,-0.01229420851702571,1.0,0.0,1.0,-0.012726332158597871,0.5047968452263992,0.25294773752441585,0.2422554172491849
2024-03-11,-0.04465402570362768,-0.036216938435270074,-0.01119056553198346,0.0,1.0,1.0,-0.03441674375075668,0.5052840213174917,0.2524387581237326,0.2422772205587757
2024-03-12,0.02076611943467969,0.07586910582907169,0.03588028659389726,0.0,0.0,1.0,0.038350642239549856,0.5041968609833786,0.252342316595139,0.24346082242148234
2024-03-13,-0.008082368230573733,0.008570322122527582,0.009615802830936179,0.0,1.0,1.0,0.00044833776290798856,0.5030258722509447,0.2533065703037695,0.2436675574452856
2024-03-14,-0.03863142435242095,-0.025226770894020367,-0.024781825379047568,1.0,1.0,1.0,-0.03184895118376819,0.5021247170688692,0.25373857000246963,0.24413671292866115
2024-03-15,-0.005254904872753004,-0.022898246809568052,-0.016664472432963245,1.0,1.0,0.0,-0.012527555136240062,0.5014095269783327,0.2540914189345192,0.2444990540871481
2024-03-18,0.004513881182367212,0.001121729827088691,-0.017532886000239944,0.0,0.0,1.0,-0.0017318851185602923,0.5021752505267699,0.2535383248964944,0.2442864245767357
2024-03-19,-0.029349804041167493,-0.03072505969615243,-0.019039507896738656,0.0,0.0,0.0,-0.027188375233697454,0.5028334255276948,0.25368984360664737,0.24347673086565796
2024-03-20,0.021972681658859794,0.004301842717387354,-0.00497021907675262,1.0,0.0,0.0,0.010921897989214762,0.5026050007318792,0.2535013758764506,0.24389362339167003
2024-03-21,0.02256437576287133,0.04770164374755903,0.018996288605551102,0.0,0.0,1.0,0.028060504524723404,0.5037712436318441,0.2531484518687607,0.2430803044993953
2024-03-22,0.004064609981466442,0.0031656835659025586,-0.004616267786138439,1.0,0.0,0.0,0.0017299768558795242,0.5031886575434029,0.2541940089768977,0.24261733347969938
2024-03-25,-0.002361880451413278,0.023636057807619314,-0.004131098779060556,1.0,1.0,1.0,0.003819959324863163,0.5034352731306145,0.2542705865426581,0.24229414032672747
2024-03-26,-0.021444126913709487,-0.011303615231551064,0.004478416912132725,0.0,0.0,1.0,-0.012584565242604685,0.5027806529792825,0.2553301505414252,0.24188919647929236
2024-03-27,-0.0005304623281631171,-0.015591249387649997,0.01695322326687602,0.0,0.0,0.0,-0.0001326751757734319,0.5018448739276528,0.2553982219238811,0.24275690414846604
2024-03-28,-0.0019082822345235502,-0.0012122010071637934,-0.007981958019473026,1.0,0.0,0.0,-0.0032108032532234534,0.5018014933980423,0.2545697258871835,0.24362878071477428
2024-04-01,0.0008023017734432783,0.003792583977737999,0.002302058272087256,1.0,0.0,0.0,0.001928874409698853,0.5019386876003726,0.25467655124763916,0.24338476115198826
2024-04-02,-0.012973115811554024,-0.010581284756821999,-0.005667766070963124,1.0,0.0,1.0,-0.010585584009265337,0.5018199356511276,0.2547762370727783,0.24340382727609408
2024-04-03,0.025184618857162205,0.018951070770411065,0.025402685127528895,1.0,0.0,1.0,0.02364959080343116,0.5015682986356822,0.2547764179467154,0.2436552834176024
2024-04-04,-0.015179102892924049,-0.04856017398031146,-0.004566240023133994,1.0,0.0,0.0,-0.02108859198385573,0.5017299246285217,0.25452511439119185,0.24374496098028656
2024-04-05,0.015184450949053444,0.023900413645318586,0.030671746672833827,0.0,0.0,0.0,0.021178155499540177,0.5023498986273054,0.2530594388842617,0.24459066248843292
2024-04-08,0.022317778450553015,-0.014825586567346005,-0.008891526365767583,1.0,0.0,1.0,0.005264201859191891,0.5017175352931216,0.2532039134515324,0.24507855125534603
2024-04-09,-0.009528464110066248,-0.02523348370433213,-0.01422602982427553,2.0,1.0,0.0,-0.014636117105388778,0.5035142333334675,0.25213628060394366,0.2443494860625888
2024-04-10,0.00012774197556312693,0.007278170893554981,0.0029836464441646746,1.0,1.0,0.0,0.002624513374313955,0.504054135050243,0.25157555850211566,0.24437030644764135
2024-04-11,0.025333990483389874,0.029750116276838767,0.004424961870208392,0.0,1.0,0.0,0.021336135725848082,0.5037898218633143,0.2518214875562764,0.2443886905804091
2024-04-12,-0.028151022685106865,-0.03219276774924299,-0.012037846361562576,1.0,0.0,0.0,-0.025246708945989915,0.5042118919495364,0.25226630098018715,0.24352180707027646
2024-04-15,-0.058433648582835326,-0.037561833952102996,-0.01231432901972825,1.0,1.0,1.0,-0.04191383257694905,0.5039038089662803,0.2518982679465848,0.24419792308713492
2024-04-16,0.005749716154901052,0.047122286253968707,0.0014162049628745343,1.0,1.0,0.0,0.015107687529170133,0.502597523002982,0.25190237819667927,0.24550009880033868
2024-04-17,-0.02269545141330583,-0.0146922426958986,-0.011531920320216807,1.0,1.0,0.0,-0.017933081814016386,0.5016069442425677,0.25359969014724465,0.24479336561018755
2024-04-18,-0.008097618351359507,-0.018265441748601636,-0.009960880747291399,0.0,1.0,1.0,-0.011134656918174914,0.5011052731243396,0.2537722081115154,0.245122518764145
2024-04-19,-0.032150914788029374,-0.13582972853856032,-0.019840311200973775,0.0,1.0,0.0,-0.05540398704773594,0.5014247715827435,0.2533923777678377,0.2451828506494189
2024-04-22,0.043923447462446585,0.00963456581976896,0.011584622138103665,0.0,1.0,0.0,0.027312757792475845,0.5015819380274421,0.2525234890463018,0.2458945729262561
2024-04-23,0.044901105270252,0.039931738902227044,0.03834665951938954,1.0,0.0,0.0,0.04204450295377458,0.5033315468783199,0.2515862107546497,0.24508224236703036
2024-04-24,-0.0012207389958801551,0.02041062697819303,-0.007973059122557894,0.0,0.0,1.0,0.0025654104758610023,0.5036334839580873,0.2514745640465293,0.24489195199538327
2024-04-25,0.005094110612821205,0.04750399257463848,0.014882399229279327,1.0,0.0,0.0,0.018190900208315527,0.5032319370754391,0.2524180941431951,0.2443499687813656
2024-04-26,0.0483740663359901,0.04569080409837101,0.03569267529217009,1.0,0.0,1.0,0.04459606041152859,0.5018463979646232,0.2539749939270357,0.24417860810834113
2024-04-29,-0.023433155627186397,0.02653193813700705,0.01506600245870408,0.0,0.0,1.0,-0.001357255883108371,0.5022444145262529,0.2540332383253323,0.24372234714841468
2024-04-30,-0.03658111921631472,-0.024080741710583387,-0.019772825238530745,0.0,0.0,0.0,-0.029277556728239344,0.5,0.2554795358630075,0.24452046413699255
2024-05-01,-0.010575671454004435,-0.06462924923208109,-0.012693305999012564,1.0,0.0,0.0,-0.024897189099684282,0.5,0.2553665062682675,0.24463349373173257
2024-05-02,0.056558065635252674,0.025664830153311263,0.010582973013543976,0.0,0.0,0.0,0.03744965535457163,0.5011095791249119,0.25382305319949705,0.2450673676755909
2024-05-03,0.00684010920179116,0.018857522238009333,0.004842383884012999,0.0,0.0,1.0,0.009397791944963818,0.5027757860780632,0.2533688968489069,0.24385531707302985
2024-05-06,0.028629642283569828,0.043038287117601014,0.021697391239296076,0.0,0.0,1.0,0.03059875298037693,0.5025054671088296,0.25387255168936845,0.24362198120180198
2024-05-07,-0.02550624452531347,-0.009429138479415696,0.0048657407168313975,0.0,0.0,0.0,-0.014028583011345564,0.5022970466758405,0.2545362706052551,0.24316668271890451
2024-05-08,-0.004438749554524464,0.01467882816298697,0.005252240260655627,1.0,0.0,1.0,0.0027979391345730655,0.5010860630538111,0.25478135168151644,0.24413258526467252
2024-05-09,0.04296195983563115,-0.005904252589533717,0.0010266582486496336,0.0,0.0,1.0,0.02023763869942348,0.5003244359126314,0.25541746271010507,0.24425810137726367
2024-05-10,0.010226392871388861,-0.010888872832908477,-0.013061370133205406,2.0,0.0,1.0,-0.0008024839954019116,0.5027119461619929,0.2540161849357547,0.2432718689022525
2024-05-13,-0.009279171516398713,-0.0074014776038114904,-0.018252428655894676,0.0,1.0,0.0,-0.010980540019298412,0.50387623596298,0.25347802156853866,0.24264574246848128
2024-05-14,0.02508673694564593,0.030644189420628857,0.004757238352098551,2.0,1.0,1.0,0.021571150472571826,0.5040561019016577,0.2536685099921798,0.24227538810616248
2024-05-15,0.07541830555445173,0.0837867771774917,0.024533219445811067,3.0,1.0,0.0,0.065260442397571,0.504427307747443,0.2541517596238755,0.24142093262868142
2024-05-16,-0.023352379925378454,-0.0410360272907467,-0.016213872836534565,1.0,0.0,0.0,-0.026136101622408512,0.5050776854665614,0.2544794473584516,0.24044286717498697
2024-05-17,-0.005885032234018631,-0.014370968023810956,-0.0014734598733998256,1.0,0.0,0.0,-0.006974836371941004,0.5053720943839335,0.25368395948830486,0.24094394612776168
2024-05-20,0.013526753858748687,0.022961654653440577,0.002626767475057709,1.0,0.0,1.0,0.013287200717463896,0.5054875239095469,0.2532901249701481,0.24122235112030507
2024-05-21,-0.0019935418938680223,-0.00034651117539419296,0.008785891795629388,1.0,0.0,1.0,0.0010189054523898151,0.5055123835950188,0.25380495499504857,0.24068266140993247
2024-05-22,0.0136614787236146,-0.0076832574167015055,-0.009297118225813434,1.0,0.0,1.0,0.0027108803895400987,0.5051924723559926,0.25373208044662,0.2410754471973875
2024-05-23,-0.009901620066783448,0.024878282890022734,-0.009308804471951074,2.0,0.0,1.0,-0.0009535552361952899,0.5063541922113706,0.25317816068282073,0.2404676471058087
2024-05-24,0.03180981650148899,0.039164302767798,0.016392191543084172,0.0,0.0,0.0,0.02998100851028551,0.5054010740815277,0.25455403305541446,0.24004489286305788
2024-05-28,0.008985694239510235,0.016642650737098513,0.003632956028731409,1.0,0.0,1.0,0.00965732881836099,0.5055944584630839,0.25504503272641854,0.23936050881049753
2024-05-29,-0.007922432411353264,-0.01999906220581545,-0.008428120863592976,1.0,1.0,1.0,-0.011127925698025946,0.5055229146776626,0.2554193170043642,0.2390577683179732
2024-05-30,-0.007040932230260958,-0.02090174937129652,0.012485304346919598,1.0,1.0,0.0,-0.005904118297440145,0.505863022341416,0.25494377749868946,0.23919320015989454
2024-05-31,-0.10122883058124699,-0.033821051427971205,0.007839535121953603,1.0,0.0,0.0,-0.05790845522188394,0.5057407223164172,0.2541413160023988,0.2401179616811839
2024-06-03,-0.019873575159074765,-0.026588079759622997,-0.02462683805840027,1.0,1.0,0.0,-0.02273025396051551,0.5038265523951229,0.25404108070893566,0.2421323668959416
2024-06-04,-0.0022754113728227217,-0.0172624020958481,-0.0029941742955624786,1.0,0.0,1.0,-0.0062536051709708475,0.5041287924951247,0.2538353052974756,0.2420359022073997
2024-06-05,0.02193388741472872,0.03977348325810345,0.003464910732779695,1.0,0.0,0.0,0.02197853372464496,0.5045496687070823,0.25324892404447585,0.2422014072484418
2024-06-06,-0.03412198200805072,-0.044823929896666094,-0.00486573783653077,1.0,0.0,1.0,-0.029783993433297233,0.5045431225489437,0.25419615565006753,0.24126072180098876
2024-06-07,-0.023596040516857077,-0.003428457036595297,-0.01176395715379889,1.0,0.0,0.0,-0.015616128645894511,0.5040812924550173,0.2533933600013972,0.24252534754358546
2024-06-10,0.017027760348852526,0.024410700067365898,0.010738202517796374,1.0,1.0,1.0,0.017376730273022487,0.5032364558062907,0.2540423175168952,0.24272122667681406
2024-06-11,-0.008928351782819624,-0.014866146817174871,-0.015588079231451482,1.0,0.0,1.0,-0.012053236514940006,0.5031993192945422,0.2544177183909813,0.24238296231447648
2024-06-12,0.009581139667171593,0.018448746921211494,-0.0005582306021741916,0.0,0.0,1.0,0.009380096867707771,0.5035295295059754,0.25426741956869187,0.24220305092533279
2024-06-13,0.0171027614771605,0.026772461850995983,7.130419826865501e-05,0.0,0.0,0.0,0.015449669036684774,0.5035502904735923,0.25475186008449185,0.24169784944191589
2024-06-14,-0.005857745630283702,-0.03392234648446457,0.002519334944782108,0.0,0.0,1.0,-0.011006070631977269,0.5037241154666294,0.255357813056982,0.2409180714763885
2024-06-17,0.02016198132323636,0.004803682060177968,-0.007433352939491581,1.0,0.0,1.0,0.009591867794650724,0.5042668826856543,0.25413080447116765,0.24160231284317793
2024-06-18,0.04770688430880643,0.026173954749838375,-0.008373481204595763,1.0,0.0,1.0,0.028739468189084356,0.5053859864450111,0.25387465975942736,0.24073935379556144
2024-06-20,-0.02159154602471003,-0.021184329677676212,0.01616690187382271,1.0,0.0,0.0,-0.01246894805387654,0.5073972769843009,0.2537350413135121,0.23886768170218695
2024-06-21,0.00896511198639501,-0.008692669313980382,-0.0042708899805008835,1.0,1.0,1.0,0.0013122271917506258,0.5064232854368004,0.25326963319777646,0.24030708136542325
2024-06-24,-0.03116963150326124,-0.028819200488296448,0.006118869229790362,1.0,1.0,1.0,-0.02162541033582046,0.5072371165778418,0.2527377168663605,0.2400251665557978
2024-06-25,0.029237397431662426,0.030199476966070688,0.02023897423734944,1.0,0.0,1.0,0.027307725884204655,0.5062187586181696,0.2523548355306609,0.24142640585116962
2024-06-26,-0.02512492197673148,-0.02511258556538054,0.003130637201948209,0.0,0.0,0.0,-0.01831029003252807,0.5064237564718124,0.2525080396365909,0.2410682038915967
2024-06-27,0.014069444968820862,-0.005171120852263751,0.006040742772600657,1.0,0.0,1.0,0.007273805413916675,0.5056979156467558,0.2521467812355111,0.242155303117733
2024-06-28,-0.005088833304737453,-0.007169029856146203,-0.014228741093858964,1.0,0.0,1.0,-0.00782467949086618,0.5064194036914256,0.251488324500715,0.2420922718078594
2024-07-01,0.01169328608382503,-0.002551492342742101,-0.0007163036563538148,1.0,0.0,1.0,0.005110171157521915,0.5067102848121378,0.2515228767459892,0.24176683844187302
2024-07-02,0.0055057843078495,0.002863575807765566,0.008262836530765835,0.0,1.0,1.0,0.0055080255494078575,0.5074107702701058,0.25111826577985136,0.24147096395004294
2024-07-03,0.015617925523202552,0.048399653582524106,0.0022574332974626054,1.0,1.0,2.0,0.020617407683036312,0.5074104913005958,0.25097883001183746,0.24161067868756667
2024-07-05,-0.012027259566380805,-0.019898048006002773,0.016041797116350603,1.0,0.0,1.0,-0.007258563479599414,0.5068748248866944,0.2524457847346932,0.24067939037861233
2024-07-08,0.027709580870892037,0.009471099573421146,-0.004679533127353844,0.0,0.0,1.0,0.015283978834305243,0.5063654413688564,0.2517755941892253,0.24185896444191826
2024-07-09,-0.00340807369319603,0.007771589166420549,0.003501328956439953,1.0,1.0,0.0,0.001067350419652287,0.5076864161071483,0.251467423305368,0.2408461605874838
2024-07-10,0.0166802633176321,0.021539934989129504,0.009324089489700427,0.0,1.0,0.0,0.016131422394239838,0.5072092406113993,0.2518215839920789,0.2409691753965219
2024-07-11,-0.03292821889220506,-0.020533662089242417,-0.023623045789254855,1.0,0.0,1.0,-0.02756440034172075,0.5072674942158333,0.2521076584656963,0.24062484731847042
2024-07-12,0.014008938017066411,-0.0057577543958997985,0.006558322560114386,0.0,0.0,0.0,0.0072239572845386735,0.5066960847609348,0.2524799875624474,0.2408239276766179
2024-07-15,0.0026568787235879596,-0.00497010168361763,0.008574500263600184,0.0,0.0,1.0,0.00216136770248845,0.5074178252787082,0.25179225803360167,0.24078991668769023
2024-07-16,-0.011021965561697433,0.010734696732160728,0.010498444528022882,0.0,0.0,2.0,-0.00036312858385777365,0.507470373083613,0.2514153274413666,0.24111429947502058
2024-07-17,-0.07358051655229336,-0.07685528233761012,-0.009373849704450802,0.0,0.0,1.0,-0.05888930460714559,0.5063344371615338,0.2520012945593292,0.24166426827913695
2024-07-18,0.004833245153725778,0.015249717184561437,-0.019726180592558002,0.0,0.0,0.0,0.001479166640852981,0.5052881992095755,0.2514805847300934,0.24323121606033124
2024-07-19,-0.0070505177822440075,0.0012896075863583583,-0.013791598743718306,0.0,0.0,1.0,-0.006579421882523671,0.5056424143683279,0.25220796832391496,0.24214961730775708
2024-07-22,-0.03037826908058468,0.036901436330578775,0.0011271729690206147,2.0,0.0,1.0,-0.005764258239597744,0.5055920777689259,0.2526249277848565,0.2417829944462175
2024-07-23,-0.0028102775925626564,0.012467283503297474,-0.0010010956752611506,0.0,0.0,0.0,0.0015219393826368163,0.5029768098025477,0.2548941904219638,0.2421289997754886
2024-07-24,-0.05752028074355294,-0.08789545864124974,-0.010603686983512994,1.0,0.0,0.0,-0.05392670645888397,0.5025189666448161,0.2554805102414093,0.2420005231137746
2024-07-25,-0.012544729279774753,-0.024162616695781125,-0.012364896827664765,1.0,0.0,0.0,-0.015463124767302602,0.501510714530134,0.2549679151319533,0.24352137033791263
2024-07-26,0.0165569366502251,0.021887088940723,0.004541212905671295,1.0,0.0,0.0,0.014985484926178759,0.5018178795919777,0.2545023958623798,0.24367972454564255
2024-07-29,-0.013503000951853859,-0.0016108325275411284,0.0018344564692408898,1.0,0.0,0.0,-0.00674279273206948,0.5019830672905633,0.25487129859091257,0.24314563411852416
2024-07-30,-0.02852671681374978,-0.0487599535875309,-0.01798492600115135,0.0,0.0,0.0,-0.031121334592855397,0.5012704102832335,0.2551458569424001,0.2435837327743663
2024-07-31,0.014625194981171876,0.08436680157735355,0.004709681135715867,1.0,0.0,0.0,0.02993171489268847,0.5015422323775551,0.2542018176841811,0.24425594993826377
2024-08-01,-0.03169228349396325,-0.05679221381727455,0.005672888638028506,1.0,1.0,1.0,-0.029016337543328642,0.5008473826766606,0.25574243678247527,0.243410180540864
2024-08-02,-0.0655427933984651,-0.049969493532101304,0.009941936971707532,1.0,0.0,0.0,-0.043077860616187284,0.5003789622068037,0.25452282501981,0.24509821277338636
2024-08-05,-0.043200795418203174,-0.03300702182507553,-0.030178932282709143,0.0,1.0,1.0,-0.03740577661586611,0.5,0.25314359912767037,0.2468564008723296
2024-08-06,-0.002384578535221263,0.021814008113070882,0.016166286418662062,1.0,0.0,2.0,0.008320119331159975,0.5,0.2530693732402805,0.24693062675971963
2024-08-07,-0.03422552842999309,-0.032399449835024664,0.007095699089151086,1.0,0.0,1.0,-0.023565781591027003,0.5,0.2532176024910309,0.24678239750896921
2024-08-08,0.05723767034816607,0.058317554264795346,0.01332453076223413,1.0,0.0,1.0,0.046627485188383395,0.5,0.2521809771805491,0.2478190228194508
2024-08-09,0.0051567607302221985,0.00022795443074389668,0.001988820045458307,0.0,0.0,1.0,0.0031309050606972972,0.5009524776223538,0.2526613706556447,0.24638615172200146
2024-08-12,0.029725165390552883,0.01985298208935952,-0.00042373129494414446,0.0,1.0,0.0,0.019805877868452504,0.5011655932215724,0.252507365172754,0.2463270416056735
2024-08-13,0.03071618263197366,0.04215318998172209,0.007826715033336134,1.0,0.0,1.0,0.027989755870237266,0.502208973301651,0.2525090277344523,0.2452819989638966
2024-08-14,0.03252554756888111,0.02629420219877458,-0.0010481622385885747,1.0,0.0,1.0,0.022747191536538397,0.5024948886848999,0.2532603286210595,0.24424478269404057
2024-08-15,0.08375479840955058,0.03137762105618195,-0.0027931278275591005,1.0,0.0,2.0,0.049446484609100685,0.5035256972526451,0.2534479873945472,0.24302631535280783
2024-08-16,-0.012712911907234522,-0.011476804518935105,0.0027371313618353996,0.0,1.0,1.0,-0.008672653846871,0.5053797678885296,0.25338836179700464,0.24123187031446586
2024-08-19,0.004827349661932138,0.014920592002315658,-0.0007152815947747039,0.0,0.0,1.0,0.006043086271760704,0.5049506942116175,0.25323895982627487,0.2418103459621076
2024-08-20,0.003055262043162681,-0.008191230777172615,0.007026687907479401,1.0,1.0,0.0,0.0011608685927099191,0.5048214409006484,0.25371132988172485,0.24146722921762667
2024-08-21,0.010544872003954413,0.004697763171084206,0.021359878021060135,1.0,1.0,1.0,0.011678992426632827,0.5050219505684063,0.25321336446469295,0.24176468496690087
2024-08-22,-0.018017526927658123,-0.011165539758323016,0.006897825666476454,0.0,1.0,0.0,-0.010249149252046222,0.5049012892092826,0.25284221213672253,0.24225649865399496
2024-08-23,0.016569580487906244,0.01621124308866199,0.005770466656619178,1.0,1.0,1.0,0.013853408300342956,0.5040771517941851,0.25279299091657637,0.24312985728923858
2024-08-26,0.002618927127102396,-0.006932990845963993,0.002290947027815627,0.0,1.0,1.0,0.00012346795221504134,0.5043645239270949,0.25291807405452355,0.2427174020183816
2024-08-27,0.006677956572821443,0.011219082336934324,0.0007748778098783943,2.0,0.0,1.0,0.006391356512530703,0.5046287159151699,0.2525434694168857,0.2428278146679444
2024-08-28,-0.013228377289589772,-0.0043892259638134146,0.003805768915449001,2.0,0.0,1.0,-0.006862356286273306,0.5046589372335797,0.2527995577457258,0.24254150502069466
2024-08-29,-0.008825845447307282,-0.017878058666841445,-0.0007021427526938314,1.0,0.0,0.0,-0.009140675224964503,0.5039841760795999,0.2529306084592509,0.24308521546114922
2024-08-30,0.035486769349549085,0.009402339849301946,0.009341852895009476,2.0,1.0,0.0,0.022534608554443468,0.5040170902127385,0.2524667399841803,0.24351616980308127
2024-09-03,-0.07671371431589098,-0.045473816339290596,0.010657116036484412,1.0,0.0,0.0,-0.047631162900101984,0.505387959755535,0.2517705059314419,0.24284153431302305
2024-09-04,0.008405342015258556,-0.002764835040023191,0.001827093080836173,1.0,0.0,0.0,0.00398720758872752,0.503699297486433,0.2511678817072249,0.2451328208063421
2024-09-05,-0.007262989161792057,-0.003226202240889172,-0.009347621630006242,2.0,0.0,0.0,-0.006761294907928323,0.5041666014191865,0.25081187185113507,0.24502152672967853
2024-09-06,-0.041167948130278534,-0.020697418510472947,0.002823136349798583,2.0,0.0,0.0,-0.025256975054089227,0.5041134328701155,0.2509981089318879,0.24488845819799662
2024-09-09,0.02929055942514262,0.01665370030026425,0.019225385854153124,1.0,0.0,2.0,0.02363631131565148,0.502428233869817,0.2512367495279611,0.2463350166022219
2024-09-10,0.003981135845109915,0.005225389422306252,0.0010287572277598207,1.0,0.0,0.0,0.0035666794465101822,0.5030248003338412,0.2508684357938387,0.24610676387232014
2024-09-11,0.06213784410502984,0.01592273896223525,-0.009013789736957099,0.0,1.0,2.0,0.03303832712005931,0.503068557230496,0.250955822721957,0.2459756200475469
2024-09-12,-0.007207947763779382,0.006414698608993056,-0.00426494526798978,3.0,1.0,1.0,-0.003078753252931896,0.5055045963935445,0.250372890208453,0.2441225133980025
2024-09-13,0.026401158262946277,0.004510493244671158,0.008614563238009465,1.0,1.0,0.0,0.016568371619215552,0.505066096506717,0.25087236325300816,0.24406154024027488
2024-09-16,-0.00708286415753175,-0.0061665269893295864,-0.00304677170398615,0.0,1.0,1.0,-0.005870153567975902,0.5061089532524844,0.25023736341217445,0.24365368333534104
2024-09-17,0.010011530507565352,-0.004624646182171732,-0.013079651381767587,1.0,0.0,0.0,0.0007196523686605252,0.5059800490661938,0.25022177457302486,0.2437981763607814
2024-09-18,-0.0034678487685006285,-0.008750894714631788,-0.006729294025579387,1.0,0.0,0.0,-0.005581128150425345,0.5069672420218972,0.24994057163159095,0.24309218634651167
2024-09-19,0.017839148504082525,0.013886610672019831,-0.013315222123675197,1.0,0.0,2.0,0.00928034904304328,0.5071922212839448,0.24977422574253974,0.2430335529735154
2024-09-20,0.005791447537360421,-0.0016189773535397374,0.011250006820962147,0.0,0.0,0.0,0.005259058145547454,0.5081027779860035,0.2500150358402242,0.24188218617377233
2024-09-23,0.015208723679533447,-0.0014755453476592195,0.013819189054759798,1.0,1.0,0.0,0.010706901470418436,0.5081593565597254,0.2496540642497121,0.2421865791905625
2024-09-24,0.006756354186639261,0.012082334170749923,-0.008502334939599251,1.0,0.0,0.0,0.00438474622683237,0.5086394317059527,0.24901591437808226,0.24234465391596513
2024-09-25,0.0023907607915126805,0.005659714147196089,0.007771223850099984,0.0,0.0,0.0,0.004506498855914369,0.5088921674174285,0.2494184544202809,0.24168937816229064
2024-09-26,0.019810631734581752,-0.005199292606356172,-0.013169472225518303,1.0,0.0,1.0,0.005594778322494477,0.5086660561417641,0.2494788361736243,0.24185510768461158
2024-09-27,-0.012102816914002796,-0.007640997105827552,0.0019393326745902328,1.0,0.0,0.0,-0.007609419766859854,0.5101844196701134,0.24891277829987588,0.24090280203001083
2024-09-30,-0.003953685389214071,0.004211018717376873,0.006013593125038685,1.0,0.0,1.0,0.0004845621797937346,0.5097028671101421,0.24891095054822368,0.24138618234163417
2024-10-01,-0.031097112369408708,-0.017555931006522568,0.006369341505017075,1.0,0.0,0.0,-0.01866953990329072,0.5092277946380984,0.24910569883997452,0.24166650652192706
2024-10-02,0.009277484669470983,0.005882885232217398,0.00439616555135088,1.0,0.0,1.0,0.007245812684905276,0.507897966330168,0.2491626936940272,0.24293933997580477
2024-10-03,-0.005930768289757656,0.005207209378294182,-0.005920198652386466,1.0,0.0,1.0,-0.003153827985165926,0.5081146570224898,0.2490913649653154,0.24279397801219485
2024-10-04,0.017839855629260788,0.02145870065430877,0.001689465652366903,0.0,0.0,1.0,0.014823924236959492,0.5078181727848293,0.24952898057407705,0.24265284664109363
2024-10-07,-0.006764805405070999,-0.005830822235105855,-0.02602331560486389,0.0,0.0,1.0,-0.011191679465721149,0.5081392555623955,0.24987657594261947,0.2419841684949851
2024-10-08,0.016962452246128985,0.016300669581312304,-0.0024420178679512472,0.0,1.0,1.0,0.012115937229722432,0.5086110749498675,0.2501576525143934,0.24123127253573912
2024-10-09,0.03298400233871016,0.0034370497515267364,-0.007385507786097071,1.0,0.0,1.0,0.01587747125028971,0.5091282299008124,0.250377213995916,0.24049455610327164
2024-10-10,0.004933313529003502,-0.008615630251959919,-0.00878849275760274,1.0,1.0,0.0,-0.0017340733278046003,0.5109569160509794,0.24972221005558892,0.23932087389343165
2024-10-11,0.057057687048257456,0.009838019819644866,0.018739957788862654,1.0,1.0,1.0,0.03612627969838382,0.5116723100387295,0.24936133499782712,0.23896635496344346
2024-10-14,0.01761551172822129,0.008067459519792857,0.008907186148370346,0.0,1.0,0.0,0.01317095473142487,0.5135508051115543,0.2481748494798863,0.23827434540855952
2024-10-15,-0.03148293523161694,0.005816859866814572,0.0016070831781818864,1.0,0.0,1.0,-0.014358541773098803,0.5140301177547423,0.24790890006893954,0.23806098217631805
2024-10-16,0.009130709735162465,0.00934573995465682,0.02306892770270985,1.0,1.0,1.0,0.01251351022421055,0.5121813945205761,0.24895976251828578,0.23885884296113813
2024-10-17,0.0034146024204095115,-0.004197801316048743,-0.004326065712390506,1.0,1.0,1.0,-0.0003323465799346891,0.511817281275822,0.2487940097007809,0.2393887090233969
2024-10-18,-0.015166280382038192,0.006188249334883859,0.006709962555260537,2.0,0.0,1.0,-0.004625180399599166,0.51222000167786,0.24859205353783675,0.2391879447843033
2024-10-21,-0.006363801576825627,-0.007643385354558366,0.029082890504344244,0.0,1.0,1.0,0.001815987188827418,0.5110860742929081,0.24915656159196606,0.23975736411512583
2024-10-22,0.0029731721955870895,-0.007247401214757678,0.00013651906622780263,1.0,2.0,0.0,-0.0002522944326756758,0.5102062625452601,0.2486608224765593,0.24113291497818062
2024-10-23,-0.021229218236899938,-0.0007207953160492935,0.0018970928928988922,0.0,1.0,0.0,-0.010560096616155656,0.5105517697119732,0.2482957188944338,0.24115251139359298
2024-10-24,0.07553943321624448,-0.0056377174845094365,-0.005096608941839238,2.0,2.0,1.0,0.03584538804891813,0.5094078078405843,0.2488086350820107,0.241783557077405
2024-10-25,-0.0023822776008664732,-0.00836900330068402,-0.016113389243348153,2.0,1.0,1.0,-0.007163405980388818,0.5123134071612724,0.24732118046131812,0.24036541237740958
2024-10-28,0.027644184494032942,0.009571660676038244,0.011391706141526738,1.0,0.0,1.0,0.019276405586458753,0.5128276929539158,0.24725840200174196,0.23991390504434218
2024-10-29,0.0033047074404312844,-0.004230553791613226,0.007770504398686985,1.0,1.0,2.0,0.0025149795539631216,0.5137288037600277,0.24675460018329548,0.2395165960566769
2024-10-30,-0.016677541179647037,-0.0017027927764986517,-0.006192881617165025,2.0,0.0,0.0,-0.010473663158739394,0.5138138033204102,0.24640520577762628,0.23978099090196364
2024-10-31,-0.029960309366072597,-0.0005743557007400473,0.008308639142267649,1.0,1.0,2.0,-0.01352170480154276,0.5131443471675856,0.24685923874360002,0.23999641408881445
2024-11-01,-0.004772642819527309,-0.007184086645149579,-0.020766425687425483,1.0,1.0,0.0,-0.009225609666334561,0.511372651636243,0.2475297410685282,0.24109760729522872
2024-11-04,0.0014743742729453526,-0.004600327627096353,-0.017638787337272383,1.0,0.0,1.0,-0.004626916990882521,0.511850583383891,0.24763564850910846,0.24051376810700048
2024-11-05,0.017503161883125617,0.017865994373238585,0.024446646315529508,1.0,0.0,0.0,0.019258456892110462,0.5125061479187406,0.24763670501416396,0.23985714706709546
2024-11-06,0.049250784943217184,0.042430527070713334,0.03377786562213392,0.0,1.0,1.0,0.0438469975629468,0.5123171706210274,0.24756425589027906,0.2401185734886936
2024-11-07,0.03254095482299676,-0.008531453623710179,0.18767059174315892,0.0,1.0,0.0,0.05954672062001531,0.5128984257547332,0.2474904095321357,0.23961116471313113
2024-11-08,-0.011531391330533417,0.0193160566075344,0.06439582266518906,1.0,0.0,1.0,0.014329530109132602,0.5135379620487084,0.24567088042322358,0.24079115752806807
2024-11-11,0.060105928034492995,0.0016917060260713459,-0.02077162792060198,0.0,1.0,0.0,0.026094924849917114,0.5111212748033614,0.2461038633399057,0.242774861856733
2024-11-12,-0.017302101060439168,-0.00401302443296762,-0.001498478291721524,1.0,0.0,0.0,-0.010241671139737996,0.5142403943968354,0.24510651541549214,0.24065309018767247
2024-11-13,0.01689398584815912,-0.008167007517628555,-0.012375651531504734,1.0,1.0,1.0,0.0036865752624708767,0.5134778939034161,0.2454270386242034,0.2410950674723805
2024-11-14,-0.036204403231668444,-0.0013420848984051856,0.0032896487596083186,1.0,1.0,1.0,-0.018179836156866653,0.514901916052205,0.24481586317886084,0.24028222076893402
2024-11-15,-0.01686425744487411,-0.0011798183716722106,-0.0056004962095561606,2.0,0.0,0.0,-0.010292195490275812,0.5129526840847086,0.24568116421391537,0.241366151701376
2024-11-18,-0.009609396089199047,0.002236725308477924,0.012629722402785298,1.0,1.0,1.0,-0.0013203996446145164,0.512244688727763,0.246151489765614,0.2416038215066231
2024-11-19,-0.009216786976192696,-0.009476655154132577,0.015657651588940946,1.0,0.0,1.0,-0.0032534219667189742,0.5113528431149146,0.2463349690835531,0.24231218780153232
2024-11-20,-0.02948081092204598,0.0008696524910856899,0.00715924442129708,1.0,1.0,1.0,-0.013100575326675993,0.5107115841057159,0.24601262832662535,0.24327578756765877
2024-11-21,0.01303810199753471,0.010091281086901013,-0.005808027935185014,1.0,1.0,2.0,0.0077066953742207945,0.5089546335649526,0.2467338769207885,0.2443114895142588
2024-11-22,0.024314878371518283,0.010119561799649162,0.020934686233453775,0.0,1.0,1.0,0.019987184957887393,0.5095240967097591,0.24685713398490516,0.24361876930533571
2024-11-25,-0.008735847362363176,-0.004220216979371471,-0.01087059629030899,1.0,1.0,0.0,-0.008143608148944442,0.5099869907373229,0.2463459425430552,0.243667066719622
2024-11-26,0.016984601695085866,0.009992079225001931,0.0056957254918614435,1.0,1.0,0.0,0.01251145033807705,0.5099235024500002,0.24654896215183497,0.24352753539816474
2024-11-27,-0.00012331072746389095,-0.0060669750166554666,-0.004464090889825097,1.0,0.0,0.0,-0.0026435261615900176,0.5104024704175534,0.24641843010489065,0.24317909947755606
2024-11-29,0.0038432363202762047,0.003826767685731869,0.00727301520526354,2.0,0.0,1.0,0.004672912663372042,0.5106725918933135,0.24624129992536906,0.24308610818131743
2024-12-02,0.007820141373540148,-0.01576820918044804,-0.000506301288385432,1.0,0.0,0.0,-1.2400359081912293e-05,0.5105835996732548,0.24619753729804433,0.24321886302870088
2024-12-03,-0.005323681048017688,0.01576943411642488,0.03269186211924916,1.0,1.0,1.0,0.009097346771114167,0.51142307333237,0.24538378455142318,0.24319314211620682
2024-12-04,0.003930996649303668,-0.0024680956744415803,0.014226438133366845,1.0,0.0,0.0,0.00487477364321236,0.5098737723918257,0.24572647247670718,0.24439975513146697
2024-12-05,0.01624359786672525,0.004682731966685265,0.000131442604386837,2.0,0.0,0.0,0.009461621819431665,0.5097723345459353,0.24534766381720116,0.24488000163686371
2024-12-06,0.01728715286454437,-0.00961399729931711,0.02179661179766257,0.0,1.0,0.0,0.01179575974874432,0.5104983102794629,0.2451012923537054,0.2444003973668315
2024-12-09,-0.002849690726160111,-0.07733534163177369,-0.06974926170552154,0.0,2.0,1.0,-0.0374088624929124,0.5110856392728809,0.24400096050315873,0.24491340022396052
2024-12-10,-0.022823013264131605,-0.021886803194761956,-0.025814425181024392,2.0,0.0,1.0,-0.023324662741181522,0.5135595219346367,0.24276632762237596,0.24367415044298724
2024-12-11,0.008205938847683319,0.022053686638810206,0.02852386674805089,1.0,0.0,1.0,0.016517086462537533,0.5136136021739052,0.2428396306390104,0.24354676718708443
2024-12-12,-0.004426190651374284,-0.014022599588963236,-0.011093500043011535,0.0,0.0,1.0,-0.008387184429148348,0.5127170708095173,0.24312172270897342,0.24416120648150935
2024-12-13,0.0027558551948045165,0.003629788059273831,-0.013540161295998257,0.0,1.0,1.0,-0.0010085169851455622,0.5131435321490285,0.24283407961964093,0.24402238823133068
2024-12-16,-0.003996445162806173,0.009974975171528011,0.02125403263776201,0.0,0.0,1.0,0.005545075288594467,0.513548766701345,0.24307045373902753,0.24338077955962759
2024-12-17,-0.010344394203250692,-0.01326699590276803,-0.01883433464256601,0.0,0.0,1.0,-0.013128562665548071,0.5125195279425726,0.24329608348002954,0.24418438857739774
2024-12-18,-0.029191108912514085,-0.04766862744004474,-0.05467407567370967,0.0,0.0,0.0,-0.03990157449638679,0.5128191382682621,0.2432889467568234,0.24389191497491447
2024-12-19,-0.009614301466462472,0.011465262139452426,0.008553531190431563,2.0,0.0,0.0,-7.493826122681848e-05,0.513849740890883,0.24283378650534598,0.24331647260377104
2024-12-20,0.02718015737119835,0.030859288558661453,0.03132501535401403,0.0,0.0,0.0,0.02908607969662253,0.5128202940657386,0.24342247196108452,0.24375723397317692
2024-12-23,0.011089698991266403,0.0025641407801962157,0.002218575758271594,1.0,1.0,0.0,0.006850196550166252,0.5126150385307446,0.24351311233228895,0.2438718491369665
2024-12-24,0.00830227071054283,0.0019566335399114165,0.0015979288914702572,1.0,1.0,0.0,0.00512500564254855,0.5130714065915257,0.2432939301890721,0.24363466321940214
2024-12-26,0.0003810423579097,0.002280691996134787,0.0018644351528480287,0.0,0.0,1.0,0.0012040462974153262,0.5134137346392711,0.24313204932429472,0.2434542160364341
2024-12-27,-0.018249898634858115,-0.01365688043458054,-0.018855725886360232,0.0,0.0,1.0,-0.01728044786553707,0.5133250002583157,0.24318702267953438,0.24348797706214997
2024-12-30,-0.009432294448675363,-0.006861296095063844,-0.011183366128712919,0.0,0.0,1.0,-0.009232808959958809,0.5132204573589644,0.24337212309556738,0.2434074195454682
2024-12-31,-0.00457411846676888,-0.012374424561648093,-0.016690598228380406,0.0,0.0,1.0,-0.009421474196075806,0.5131989318015938,0.2434933444755466,0.24330772372285955
2025-01-02,0.02261225528890972,0.027111399473981408,-0.011395630290291298,1.0,0.0,1.0,0.015445332199618161,0.5137212996731542,0.24334225123019892,0.24293644909664688
2025-01-03,0.036339048685036714,0.012795083972946708,0.03121375662113775,0.0,0.0,1.0,0.029357668490615475,0.5144924026980631,0.2439378800430681,0.2415697172588688
2025-01-06,0.012887510928203469,0.004639290459534595,0.01364412604139435,0.0,0.0,1.0,0.011065293847485086,0.5152461941189549,0.24309040587420597,0.24166340000683917
2025-01-07,-0.014870039535191873,-0.032862250713167805,-0.041628202987767704,0.0,0.0,0.0,-0.02570784371398352,0.5154432470823358,0.24276251468934065,0.24179423822832363
2025-02-04,0.09008860351573349,0.05764631782838525,0.06307056025735099,3.0,0.0,0.0,0.0757136963953715,0.5166161713836404,0.2423973385447165,0.24098649007164313
2025-02-05,0.015933011120752443,-0.005218615909747666,-0.002801412656852594,0.0,0.0,0.0,0.006291169992988961,0.5166161713836404,0.2423973385447165,0.24098649007164313
2025-02-06,0.037656784288580394,0.010845810807354991,0.012624830990972002,1.0,0.0,0.0,0.025152737405048416,0.5176621265318493,0.24181162483207153,0.24052624863607908
2025-02-07,-0.0031214825798339483,-0.004606763498393988,-0.008970164105132811,1.0,0.0,1.0,-0.0048826220843942465,0.5190212911469388,0.24108530909265372,0.23989339976040752
2025-02-10,0.020831055762446815,0.019912705622795235,0.010787695992626857,0.0,0.0,1.0,0.01820237406286674,0.5192132165993288,0.24109924568340108,0.23968753771727005
2025-02-11,-0.008313263797730452,-0.011646347236563622,-0.022533359663548858,0.0,0.0,1.0,-0.012520231528262253,0.5194997133892132,0.24118576388489776,0.23931452272588907
2025-02-12,0.01741278492201178,0.0036419288645016174,0.02497651856738603,1.0,1.0,1.0,0.01589715110861586,0.5199584926150963,0.2412298518814956,0.23881165550340813
2025-02-13,0.03127165177554381,0.07951890215966084,0.015748752266483423,0.0,0.0,1.0,0.039166279969316264,0.5201233581742994,0.24060951883100015,0.23926712299470043
2025-02-14,0.012211427586462986,0.024421228258940258,0.002592301724536136,0.0,1.0,1.0,0.012866637564721155,0.5200352256817886,0.2415167572902492,0.23844801702796228
2025-02-18,0.021819573772730694,-0.01063603686737602,-0.008311904142477362,1.0,0.0,1.0,0.006792670034425396,0.5199630158960825,0.2421031928456509,0.23793379125826647
2025-02-19,-0.040428564125014575,0.0037034328009137502,-0.022576117199965624,0.0,1.0,1.0,-0.02554893311584723,0.5216036084382163,0.24121740362614832,0.23717898793563538
2025-02-20,-0.01846314838288654,-0.04773953337027,-0.012795912557899506,1.0,0.0,0.0,-0.024223607307137067,0.5199725675269694,0.2427020265609077,0.23732540591212287
2025-02-21,-0.05649926893488877,-0.057681975331198676,-0.02177525933050591,0.0,1.0,1.0,-0.0485242421511993,0.5205998647224146,0.2415054642664771,0.23789467101110834
2025-02-24,-0.05322378028179161,-0.0062313564258848295,-0.015208202793299817,1.0,1.0,1.0,-0.03280626204463052,0.5198646537687787,0.2411644010532042,0.23897094517801717
2025-02-25,-0.041848279882597095,-0.0354635523092531,-0.007099380076726207,1.0,0.0,0.0,-0.031968735312307206,0.5178041854150162,0.24242658735687095,0.23976922722811303
2025-02-26,0.0039420119182334385,-0.03347319103433518,0.01630101829000778,1.0,0.0,1.0,-0.0021429205201659975,0.5167287066962837,0.24224765386154848,0.24102363944216784
2025-02-27,-0.034940262225745755,-0.01328064726023718,-0.019565852316647092,1.0,0.0,0.0,-0.026007769819490274,0.517385561422728,0.24065725556183581,0.24195718301543617
2025-02-28,0.01842369474349015,0.02151331931153185,0.009193868567284918,1.0,0.0,1.0,0.016932982301839677,0.5164149187301316,0.2413008389407874,0.24228424232908113
2025-03-03,-0.042367232601775884,0.01117218009821297,0.0009367797028874513,2.0,0.0,1.0,-0.018960863493229632,0.5165763715709308,0.2415329405010758,0.24189068792799326
2025-03-04,0.0347780374977494,-0.036762780786297355,-0.022796748901624826,2.0,0.0,0.0,0.0034041773882694196,0.5140366739410868,0.24306298608942353,0.2429003399694897
2025-03-05,0.031829826701568864,-0.008375647881961842,0.010638809950099064,1.0,0.0,1.0,0.01702073479119385,0.5174224453087121,0.24101570002702977,0.24156185466425834
2025-03-06,-0.07774139710442274,-0.07884530215218337,-0.014452877786787166,1.0,0.0,0.0,-0.06273851587711306,0.5190308984310322,0.2397322542311268,0.24123684733784104
2025-03-07,0.0007817018344207986,0.01185588290824254,0.008306216596503177,3.0,0.0,1.0,0.005257241608731112,0.5180944188984158,0.23929970898175126,0.24260587211983292
2025-03-10,-0.0972544308931175,-0.06481204007483894,-0.00785983938069649,1.0,0.0,1.0,-0.06777868224902991,0.5176074465685485,0.2396314181403424,0.24276113529110907
2025-03-11,0.07074734885020048,0.01865716476849492,-0.013114026186783109,1.0,1.0,0.0,0.037796764607975764,0.5164929414200053,0.23911544710661667,0.24439161147337785
2025-03-12,0.04479039574864334,0.03937778320563238,-0.006824488799586229,2.0,0.0,1.0,0.030990434706221967,0.5189770095145774,0.23868923751806453,0.2423337529673581
2025-03-13,-0.051438727178698795,-0.01198519882499823,0.007034129317694833,1.0,0.0,0.0,-0.0279473652034085,0.520477887392022,0.23910758928835504,0.2404145233196228
2025-03-14,0.057419546038512514,0.05957584400776006,-0.0004888002577051465,1.0,0.0,0.0,0.04391451268225776,0.5179846927682872,0.23986949645984773,0.24214581077186506
2025-03-17,-0.00170701719146619,0.031503016990042765,0.005260074944298587,1.0,1.0,0.0,0.007952986381495847,0.519310921585541,0.24048364943198497,0.24020542898247405
2025-03-18,-0.044784766585826606,-0.04877127371249845,-0.011265120508303268,0.0,0.0,1.0,-0.03770118903965248,0.5182564149276329,0.24167492934346044,0.2400686557289068
2025-03-19,0.046247483075899654,0.034430233707486955,-0.00875172547667724,2.0,0.0,1.0,0.03012117063318024,0.5174835028379987,0.24111256671676407,0.2414039304452373
2025-03-20,-0.003419724028692246,0.014603332844815003,-0.007870068588448076,1.0,1.0,0.0,-0.0001358371093715242,0.519233185811587,0.24132817239351897,0.23943864179489419
2025-03-21,0.057184261344171684,0.02440090432662097,-0.010054450884683522,0.0,0.0,1.0,0.03317480761699236,0.5188744093303842,0.2420759083353294,0.23904968233428645
2025-03-24,0.05759616597649272,0.02851255939376174,-0.005171526549031895,0.0,1.0,0.0,0.03568282721123952,0.5211119030021234,0.24181633056858234,0.2370717664292943
2025-03-25,0.0021839735372045643,0.01693110770658886,-0.009604005021272158,0.0,0.0,0.0,0.002974630617468094,0.5231099594993095,0.24165062791326047,0.23523941258743003
2025-03-26,-0.06270649511271609,-0.035216452396634255,0.0017812545349359765,0.0,0.0,1.0,-0.040914010167003065,0.5230221345798522,0.2423594587512558,0.23461840666889194
2025-03-27,-0.027478047632572073,-0.05820082132202353,0.0046825509578547475,0.0,0.0,0.0,-0.027319714098033666,0.521292090136076,0.2423088782331915,0.23639903163073248
2025-03-28,-0.03179596364713803,0.002417071901490986,0.006421760855213473,0.0,0.0,1.0,-0.014457053457834195,0.5210531054011,0.24105499600321928,0.23789189859568077
2025-03-31,-0.01133787106539441,-0.014496613446626819,0.014395013092169506,1.0,0.0,0.0,-0.005953499467934338,0.5191555452315265,0.24190895052304726,0.23893550424542626
2025-04-01,0.01062418226893717,0.025692007775990938,0.003066678518677702,1.0,0.0,1.0,0.012449196468712781,0.5185673517814132,0.2414746403046915,0.23995800791389538
2025-04-02,0.018041086795490473,0.004998723988284678,-0.002890485307387632,0.0,1.0,0.0,0.009870116318319765,0.5183679018638162,0.2421467653387293,0.23948533279745468
2025-04-03,-0.07215915303693506,-0.02615357425803592,-0.04890670681143253,0.0,0.0,0.0,-0.055476753121858874,0.5192572265297394,0.2418987545448278,0.23884401892543294
2025-04-04,-0.08228600908778261,-0.0732142711300168,-0.06587856664279816,0.0,1.0,0.0,-0.07616859539502456,0.5185989950679922,0.24280498099738396,0.23859602393462379
2025-04-07,0.06781230025101537,0.005219704830830637,-0.01284443528748084,1.0,1.0,2.0,0.0333701299064088,0.5185989950679922,0.24280498099738396,0.23859602393462379
2025-04-08,-0.03272080123025371,-0.01775374770143312,-0.003965794251226784,1.0,1.0,0.0,-0.022293544741267282,0.5214150251732954,0.24183848707169717,0.23674648775500742
2025-04-09,0.17694805106013783,0.019505705113528782,0.02635951170686224,1.0,0.0,2.0,0.10304755759974672,0.520272898825074,0.2420684015057699,0.237658699669156
2025-04-10,-0.0814223772510833,0.0004941448115597385,-0.014248954732499614,2.0,1.0,1.0,-0.04573712372433293,0.5216930195194501,0.2411797209071405,0.2371272595734093
2025-04-11,-0.02850882536852872,0.01374844696415112,0.012905893436165735,2.0,1.0,1.0,-0.008401644837536472,0.5194293432175785,0.24269308449739044,0.23787757228503104
2025-04-14,0.01641010270518961,0.014317395915900127,0.011950032538051308,0.0,1.0,1.0,0.0148341558750892,0.517235687352599,0.24382225555157383,0.23894205709582725
2025-04-15,0.025859193326701023,0.019649791005492617,0.010041904628393569,1.0,0.0,1.0,0.020568240395922553,0.517406856157733,0.24379577955684847,0.23879736428541845
2025-04-16,-0.029945074270922224,-0.011983403484356706,0.002572602974727316,1.0,0.0,1.0,-0.017818960741986408,0.5179815966449095,0.2437485410439698,0.23826986231112066
2025-04-17,-0.010512906750247186,0.009700862810289848,0.005144020735078877,0.0,0.0,1.0,-0.0018332400030714189,0.5166621509979955,0.24404644183031465,0.23929140717168992
2025-04-21,-0.035113889948980424,-0.024519995331509354,-0.0018593185732801814,0.0,0.0,0.0,-0.02455303584911437,0.515720328739811,0.2446378302379423,0.23964184102224664
2025-04-22,0.03439253889303225,0.037851067075679014,0.01115697086096353,0.0,1.0,1.0,0.02964383659194071,0.5145757874808825,0.2446385508159599,0.2407856617031576
2025-04-23,0.06652689811770629,0.028107905475846184,-0.0041074134892088434,0.0,1.0,1.0,0.04017015326693662,0.5150879400076038,0.24505995750804072,0.23985210248435548
2025-04-24,0.05183391460303326,0.047026673031915246,0.012239984111364512,2.0,1.0,1.0,0.04123121396971874,0.5170703600441552,0.24487475605737954,0.23805488389846532
2025-04-25,0.025476489663992668,0.004861009763255801,-0.011998477698153764,0.0,1.0,0.0,0.011552483752050717,0.5181237408469694,0.24522045417301377,0.23665580498001673
2025-04-28,0.008081152473784048,0.008360167337085483,0.008247208949654547,0.0,1.0,0.0,0.008188580325027148,0.5196381938043803,0.244874800292098,0.2354870059035218
2025-04-29,-0.0013445355249062836,0.006831840254011735,-0.0006094697390735723,0.0,2.0,0.0,0.0008308255793476355,0.5196264708169572,0.24488362401580474,0.2354899051672381
2025-04-30,-0.06027161587205547,0.010902817573358167,0.00454353105068946,1.0,1.0,0.0,-0.02756149556267666,0.519389011443057,0.2451923604663306,0.2354186280906124
2025-05-01,0.006424650416600601,-0.024864647058603917,-0.03173337140626505,1.0,0.0,1.0,-0.010334248951967419,0.5163589807918759,0.24689958585774788,0.23674143335037615
2025-05-02,0.011667582052605504,0.006413638207254491,0.0011420503397677017,1.0,0.0,1.0,0.007893706362906818,0.5181759492893167,0.24614569057409946,0.23567836013658394
2025-05-05,-0.02298941174480399,0.003638845596410367,0.014135393811338808,1.0,0.0,1.0,-0.007699907531409098,0.5185865603333608,0.24606909561655158,0.23534434405008764
2025-05-06,0.008680479889996576,-0.036898635651415344,0.007101516642901225,0.0,1.0,0.0,-0.0029351096052064327,0.5169211328875325,0.2466542762395349,0.2364245908729326
2025-05-07,1.828083702844728e-05,0.0023142754206371876,0.002289330961829743,1.0,1.0,1.0,0.00111862874328592,0.5181792711458046,0.24489927436220207,0.23692145449199328
2025-05-08,-0.0016422320515116673,0.058284122302204665,-0.016332299386561295,1.0,0.0,0.0,0.009556125830937642,0.5180595328333336,0.24496076577958995,0.2369797013870765
2025-05-09,-0.004586092220506877,0.001776031118658503,0.0022180136195489863,1.0,2.0,0.0,-0.0014093262016508016,0.517055881314732,0.24715204627084472,0.23579207241442326
2025-05-12,0.028444912009406947,-0.024445056945723888,-0.021622475681789616,0.0,1.0,1.0,0.00354981761426476,0.5167109342074901,0.24731736871921908,0.23597169707329077
2025-05-13,0.04136362076105756,-0.0103534050769268,-0.012429657223284558,0.0,0.0,1.0,0.016021679673366505,0.5194117578542842,0.2458640772293737,0.23472416491634213
2025-05-14,0.05944528974275624,-0.00942386844594989,0.0008115595538365315,1.0,0.0,1.0,0.028926061674485432,0.5221753390922109,0.24450231324412341,0.23332234766366558
2025-05-15,0.008677173271209057,0.022241924302861166,0.028024404604452584,1.0,0.0,0.0,0.01646268224384982,0.5250261807367594,0.24278844244276537,0.23218537682047516
2025-05-16,0.03353279871248745,0.004840952837354047,0.01076528815205095,1.0,0.0,1.0,0.021259176432879744,0.5241676665125389,0.24308289882954878,0.2327494346579124
2025-05-19,-0.0038453191287765396,0.007190020633667878,0.008235577432800345,1.0,0.0,0.0,0.0016335620326448134,0.5255184596996813,0.24224532568161555,0.23223621461870322
2025-05-20,-0.0007969004007579704,0.0007056169155060429,0.0024454396814449506,2.0,0.0,1.0,0.00032153500274605525,0.5249137779069085,0.24252797764894882,0.23255824444414264
2025-05-21,-0.02022559396019511,-0.008186442795669194,-0.017101713477317034,1.0,0.0,2.0,-0.016578719341127184,0.5247904849792842,0.24254753075170515,0.23266198426901072
2025-05-22,-0.00407810722398986,-0.005708899483821066,-0.0071795019538370974,2.0,0.0,1.0,-0.005195846385122405,0.5243884523107026,0.2429752387955894,0.23263630889370787
2025-05-23,-0.007509896320449849,0.009751297451868387,-0.000658508860954606,1.0,1.0,0.0,-0.0017230880287636878,0.5245115350517018,0.24294905301834618,0.232539411929952
2025-05-27,0.014309362444312914,-0.004735613516690458,0.011960832275939545,1.0,1.0,1.0,0.009124998675357545,0.5238739445239524,0.2435349064239834,0.23259114905206418
2025-05-28,-0.0008377088496638683,-0.0031657596414761393,0.002566675670631106,1.0,1.0,0.0,-0.0006107215209498736,0.5244438802208472,0.24282673736478683,0.23272938241436603
2025-05-29,0.004913938081322566,-0.005408960015522749,0.010005525254887515,1.0,1.0,0.0,0.0035943600198847093,0.5244188361570659,0.24269646047999768,0.23288470336293654
2025-05-30,-0.0022264913589427056,0.03950211182605886,0.032987239620151744,1.0,0.0,1.0,0.016093538779251366,0.5245638299904136,0.24223786743116088,0.23319830257842553
2025-06-02,0.0060639654426473495,0.015518351229081594,0.03852173837546198,1.0,1.0,1.0,0.015961377653070374,0.5225452761509293,0.2434295769721439,0.23402514687692688
2025-06-03,0.011073743024447266,7.362192908707173e-05,0.005192850440448815,0.0,0.0,0.0,0.007013440005393377,0.5214583559638855,0.2434060153286692,0.23513562870744528
2025-06-04,0.01102489464456739,0.002941882936766782,0.011484570480433389,2.0,0.0,1.0,0.009168351890640587,0.5219029313875899,0.24305143000408977,0.23504563860832026
2025-06-05,0.012345720971001358,0.019249819941668855,0.01890182224520361,1.0,0.0,0.0,0.015563311233564029,0.5221063037658256,0.2427337669374721,0.23515992929670257
2025-06-06,0.03602732556069258,0.00034210416510075824,0.008796178396321372,1.0,1.0,2.0,0.02095044692556832,0.5217535085576689,0.2429216954625004,0.2353247959798306
2025-06-09,-0.004724261390704513,-0.01612657950231226,0.003012777689562541,1.0,1.0,1.0,-0.0056660892246336875,0.523405113406392,0.2418712943465321,0.23472359224707603
2025-06-10,0.010327605720641621,0.0020973582712419114,-0.01480036829541483,1.0,0.0,1.0,0.0024324331387303062,0.5235081298669324,0.24134032075661743,0.23515154937645028
2025-06-11,0.002363622834497315,0.016094188399474,0.013973958840732456,1.0,1.0,2.0,0.008397441248967148,0.5243756347831711,0.24132279424207453,0.23430157097475438
2025-06-12,-0.012108491810425724,-0.007430132012581543,0.0004804323939897233,1.0,0.0,0.0,-0.00802461339429056,0.5237111484999646,0.24171294695717363,0.23457590454286179
2025-06-13,-0.020725138162932012,0.011725517655644299,-0.0010052230959003057,1.0,0.0,0.0,-0.00824633604786601,0.523261901153126,0.24174298704606667,0.23499511180080734
2025-06-16,0.0121551763488937,0.01834437049841516,0.013673805082575765,2.0,0.0,1.0,0.014015064586766322,0.521890273208707,0.2427579892295999,0.2353517375616932
2025-06-17,-0.00944210022000395,-0.009123534091257768,-0.00033790598230768837,1.0,0.0,0.0,-0.007222161334913212,0.5216864014841435,0.24297875984010828,0.23533483867574836
2025-06-18,-0.0037650535588165846,0.0094091449323949,0.007096119189948865,1.0,0.0,1.0,0.001994427330358902,0.5214430867058533,0.24288168240518304,0.23567523088896358
2025-06-20,0.007190351457437701,-0.006828017643316864,-0.004429185704035536,1.0,0.0,0.0,0.0010388731408240272,0.5208123647881439,0.2432599684852676,0.23592766672658866
2025-06-23,0.023594475212068627,0.016845953316819706,0.02067491024256237,2.0,1.0,1.0,0.021267526315921045,0.5214851095744767,0.2428581994282258,0.2356566909972974
2025-06-24,0.015540140256758761,0.011233381853552235,0.006648598349534314,1.0,1.0,0.0,0.01240008932916991,0.5217399123314994,0.242632761938177,0.23562732573032358
2025-06-25,0.0019403272510021283,-0.011420869523857643,0.004229850077175468,1.0,0.0,0.0,-0.0007619188974566839,0.5220839139373376,0.24257325115224063,0.23534283491042185
2025-06-26,0.02402400110109445,0.016169072019586322,0.010471939437345515,2.0,0.0,0.0,0.018930144125121295,0.5223798371586419,0.2420306887364726,0.2355894741048855
2025-06-27,0.01096140452818739,0.007021773892258072,0.008828054056710721,2.0,0.0,0.0,0.009506743768697127,0.5229385592073619,0.24189022193262524,0.2351712188600129
2025-06-30,0.009459788841139627,0.01301114952980594,0.0031852453038331294,2.0,0.0,1.0,0.008842998377851467,0.5230982989920235,0.24176401154232932,0.23513768946564728
2025-07-01,-0.024784488061093752,-0.026441284011976023,-0.034384488420448875,2.0,0.0,1.0,-0.027440033269373516,0.5231659206522029,0.24197565944061955,0.23485841990717743
2025-07-02,0.024688664976693385,-0.0030354166223342713,0.017168728409864647,3.0,0.0,0.0,0.01621516101668314,0.5234575770324101,0.2420263347000387,0.23451608826755121
2025-07-03,0.005229199601161602,0.007658638189262194,0.015503096049807338,1.0,0.0,0.0,0.008224683622571307,0.5243883924429192,0.24104921181567418,0.23456239574140667
2025-07-07,-0.013943109092306633,0.012063308805832987,0.011833651658875769,3.0,0.0,0.0,-0.0016195250345338837,0.5240584298775011,0.24102046862623194,0.23492110149626694
2025-07-08,0.0030294489055513107,-0.013829812553297738,-0.014925351648948482,2.0,0.0,0.0,-0.005275535005776374,0.5227020172993972,0.2417131202145162,0.23558486248608657
2025-07-09,0.02065202797545185,0.010781324691746643,0.006474669367845169,2.0,1.0,1.0,0.014937231553861376,0.5236135557072376,0.24127889436234634,0.23510754993041613
2025-07-10,-0.01925211852288289,-0.009019017846784902,-0.03983371546863801,3.0,0.0,1.0,-0.02161553629833966,0.5242418849236198,0.2410682098483217,0.23468990522805835
2025-07-11,-0.011590764549074668,-0.006685582224874809,0.005990227412168888,1.0,0.0,1.0,-0.006294836936213269,0.5245007636883311,0.24170610998746891,0.23379312632420005
2025-07-14,0.006678179808470297,0.038250721739725733,0.026121122856336942,1.0,0.0,0.0,0.018866185154321584,0.5239171888618583,0.24168601047795937,0.2343968006601823
2025-07-15,0.032000134457699,-0.0010546041263422106,0.012343204075864644,1.0,0.0,0.0,0.01936418334578046,0.5225758611968422,0.24267089092394295,0.23475324787921503
2025-07-16,0.012498243311230433,0.023744915347960527,0.019508319279961772,1.0,0.0,0.0,0.016859000151715573,0.5239621179463182,0.24163151427802396,0.2344063677756579
2025-07-17,0.01545488982184858,0.016119958055395085,0.01380592235043232,2.0,0.0,0.0,0.01522908034703029,0.5234822483081235,0.24198105330576,0.23453669838611643
2025-07-18,-0.0033189965254461305,0.004722378901376019,0.021863269602778363,1.0,0.0,0.0,0.004531628608233707,0.5235070644115213,0.24202632469902877,0.23446661088945
2025-07-21,-0.007431725790034778,0.0016878594490066974,0.004319929978550796,1.0,0.0,0.0,-0.002459051200911127,0.5226435209679853,0.24203547139558176,0.23532100763643313
2025-07-22,-0.009775417135243065,-0.039784147955686744,-0.021654636940916884,2.0,1.0,1.0,-0.01984432849613678,0.5220977080297882,0.24224619105095122,0.2356561009192606
2025-07-23,0.02694922665398473,-0.0015523378361998648,0.012830987724324746,2.0,0.0,2.0,0.01674793114649144,0.5232011070613193,0.24123314187578399,0.23556575106289676
2025-07-24,0.0024120428366152255,0.0004381626046660413,0.0025752298293614997,1.0,1.0,1.0,0.0019761149184418683,0.5243215430649352,0.24030711300996255,0.23537134392510226
2025-07-25,0.006380336603946584,0.011411276081740862,0.01224385504584924,2.0,0.0,1.0,0.008969194567813938,0.5243695355054938,0.24022950957102995,0.23540095492347637
2025-07-28,0.011887016497226715,-0.0031617048943107418,0.008490020178409127,1.0,1.0,0.0,0.007469809535405062,0.5240844478103406,0.2403527001784649,0.2355628520111946
2025-07-29,-0.014281638657816472,-0.011871899840648735,0.0006130809995779826,0.0,1.0,0.0,-0.010194352048980584,0.5245703859963937,0.23981648405290745,0.2356131299506988
2025-07-30,-0.02343188893567664,0.024124037257511333,0.024864724911434433,1.0,0.0,0.0,-0.0006260577746182569,0.5241198972472575,0.23973181971357424,0.2361482830391683
2025-07-31,-0.043504113912027395,0.026211395655371117,-0.031655081873892356,1.0,0.0,2.0,-0.023891096021460424,0.5216091803541174,0.24097802971990775,0.23741278992597487
2025-08-01,-0.04163308543547306,-0.02696348104184983,-0.02397224342716131,1.0,0.0,1.0,-0.03387470408404,0.5194558172419429,0.24352245862825853,0.23702172412979872
2025-08-04,0.007700426265399647,0.0178401725649389,0.02617392278056944,1.0,0.0,0.0,0.014560993463587035,0.5186094212821118,0.24387579752284622,0.23751478119504188
2025-08-05,-0.004808903799047193,-0.014653317365185381,-0.012793646342418011,0.0,0.0,0.0,-0.009112491270587993,0.5178621141447601,0.24404347705877788,0.23809440879646201
2025-08-06,-0.008705684651331664,0.02396344201932199,-0.0187363595249684,1.0,0.0,1.0,-0.0031286733962940247,0.5183301132094137,0.24375957052304373,0.2379103162675426
2025-08-07,-0.002145453479843517,-0.0037609868985253314,0.014073335097340581,1.0,0.0,0.0,0.0013044694283760008,0.5177205234754664,0.24514898618856268,0.2371304903359708
2025-08-08,-0.020040596902274624,0.006702449971630053,-0.009909552370178357,3.0,0.0,1.0,-0.01108271632734425,0.5173449957324677,0.24488807245219996,0.2377669318153324
2025-08-11,-0.0039709707652909225,0.00780451566472995,-0.010140375926623866,0.0,0.0,1.0,-0.0025437499795249586,0.5163713452763292,0.24580376437113446,0.23782489035253618
2025-08-12,0.011077525284271047,0.008103708244805887,0.010629357425890587,1.0,1.0,0.0,0.010238544813375572,0.5162161355827596,0.246338286853194,0.23744557756404644
2025-08-13,0.028030065058218666,-0.018048321408274687,-0.00932987988492399,1.0,1.0,0.0,0.007812600806922917,0.5163070762698703,0.2462278660240836,0.2374650577060462
2025-08-14,0.0018598611613424392,0.006726286922591473,-0.00976165370224232,0.0,1.0,0.0,0.00030184944210513037,0.5184987120719045,0.24489187261947473,0.23660941530862095
2025-08-15,0.010560490021727468,-0.026609481959559367,0.0019858221158982983,0.0,1.0,0.0,-0.00057897832745983,0.5186679796119239,0.2452222960600051,0.23610972432807092
2025-08-18,0.00558759970661545,0.0031586103242426575,0.002045560922152986,0.0,0.0,1.0,0.004158451432581382,0.5198800563807192,0.24388422198486223,0.2362357216344185
2025-08-19,-0.01100557696757287,-0.044106386317747805,-0.011599811845020977,1.0,0.0,0.0,-0.019216964073832034,0.520036079726479,0.2438330071218674,0.2361309131516537
2025-08-20,-0.002647188897696292,-0.0031645166942233516,-0.0054322981914288375,0.0,0.0,1.0,-0.00343137266631801,0.5209313065450797,0.24256080338151084,0.23650789007340947
2025-08-21,-0.0010525239334885361,-0.011977476568745779,-0.0033854063673958157,0.0,0.0,0.0,-0.004254150949246429,0.5210170850869837,0.24257438994017358,0.23640852497284268
2025-08-22,0.03329429495812978,0.004960323527299582,0.010366412980255571,0.0,1.0,0.0,0.02101100724592229,0.5213672746578127,0.24218117110467885,0.2364515542375084
2025-08-25,-0.02663491221779346,0.01703293160175597,0.007879292961196938,1.0,0.0,0.0,-0.007952322970320967,0.5227119382564588,0.24136534570894336,0.2359227160345979
2025-08-26,0.013111745932455529,0.00562591274045036,0.00423952930411553,1.0,0.0,1.0,0.0091953259509104,0.5206606729983468,0.2426329955192872,0.23670633148236597
2025-08-27,0.006908675692355648,-0.008267310352889598,0.0037834109710144603,0.0,0.0,1.0,0.0024902409812230003,0.5210888715013678,0.24245110131147182,0.23646002718716028
2025-08-28,0.0052392931546945505,0.01295685744611593,0.01170670499745959,1.0,0.0,1.0,0.008635899686206734,0.521572155269195,0.24190379574639925,0.23652404898440568
2025-08-29,-0.008591661888294706,-0.004957253949869456,-0.033993972682605254,2.0,0.0,1.0,-0.01372381843169175,0.5212001103910696,0.24212333099485106,0.23667655861407919
2025-09-02,-0.009142517836133327,0.008799088371993577,0.004650500924614165,2.0,0.0,0.0,-0.0015398356419589958,0.5217606487061537,0.24256879297223713,0.23567055832160924
2025-09-03,0.005131689151848253,0.007841748282083246,0.017477768910949543,2.0,0.0,1.0,0.008703880995983581,0.5209275414048876,0.2430956751017541,0.23597678349335835
2025-09-04,0.023154555654713322,-0.0002995894379751081,0.03581352954483944,0.0,0.0,1.0,0.020446721105614914,0.5205366218044706,0.2430515331318857,0.2364118450636437
2025-09-05,0.005188852768424994,-0.01174916439713558,0.023509908377292648,0.0,0.0,1.0,0.0054352520545098044,0.5208308213541344,0.24199405175877878,0.23717512688708683
2025-09-08,-0.006108158657971761,0.0007727690603738235,0.006228776810415855,2.0,0.0,0.0,-0.0015118868521915704,0.5208021613137992,0.2411215428849333,0.23807629580126763
2025-09-09,0.004724053404036255,0.027979368154709732,0.005794740825668036,1.0,0.0,0.0,0.010589418267380543,0.520299412324204,0.24123711426806368,0.23846347340773233
2025-09-10,0.01217786873383009,0.009155493079365806,0.03665193197565434,1.0,0.0,0.0,0.01727637797003408,0.5196578354565964,0.24211918138405347,0.23822298315935028
2025-09-11,0.027740982398737124,-0.0011462850844364085,0.009998523935194218,1.0,0.0,0.0,0.01651487374373855,0.5191003800858868,0.24170599234082976,0.23919362757328355
2025-09-12,0.0029554732401746078,0.016120122279451365,-0.00022397873181985903,1.0,0.0,0.0,0.005366195527551322,0.5203238624001256,0.24081040164112397,0.23886573595875032
2025-09-15,0.028046054766148486,0.009987630621937785,0.031113239426349065,1.0,0.0,0.0,0.024419355433615095,0.5200600744070469,0.24135464011173108,0.23858528548122193
2025-09-16,0.006792109783242295,-0.008537591907305594,0.00889676470871681,1.0,0.0,1.0,0.0036062621229558545,0.52045552903599,0.24062392352520434,0.23892054743880578
2025-09-17,0.00029556595517632586,-0.0025206324674600378,-0.029405892885550105,2.0,0.0,0.0,-0.00748452189142549,0.5208033002074189,0.24001081293442325,0.23918588685815778
2025-09-18,0.0173699524330706,0.013666565214642898,0.042435044827635014,1.0,0.0,0.0,0.022447836249858,0.5216531428172231,0.24026032825269386,0.2380865289300831
2025-09-19,-0.0029887101945714747,0.007154578253949421,-0.000943394372528846,1.0,0.0,0.0,-6.716810891347008e-05,0.5210957099182069,0.2398170077235976,0.23908728235819557
2025-09-22,-0.0047616918701206545,-0.002533218389533206,0.008451212636364799,0.0,0.0,0.0,-0.0010680001198168634,0.5207759064643621,0.24018089135153556,0.2390432021841023
2025-09-23,-0.018398714732039613,-0.00676714080647256,-0.00011423848366687306,1.0,0.0,0.0,-0.011226371211784568,0.5203717739726553,0.24010684496528534,0.2395213810620594
2025-09-24,-0.014319186319149855,-0.008607254188254957,-0.02902562790971064,1.0,0.0,0.0,-0.016477161243056523,0.5195878836928857,0.24033147159046886,0.24008064471664545
2025-09-25,-0.02848126554559427,-0.0037814172032069417,0.0030888009833538455,0.0,0.0,0.0,-0.014975897125760175,0.5198227697757936,0.2407286987282793,0.23944853149592707
2025-09-26,0.0009192244320724482,0.004857302243748918,0.0033364976904188457,0.0,0.0,0.0,0.002450469635814876,0.51834825288777,0.24129419839563535,0.2403575487165947
2025-09-29,0.004534536985228543,0.01664071718730683,0.030104189719345736,0.0,1.0,1.0,0.013604166990936183,0.5181815668309993,0.24141617280277777,0.2404022603662228
2025-09-30,-0.0006538951680153579,-0.003626217053761426,0.019055975891176878,0.0,2.0,1.0,0.0033828149705581,0.5171943075002747,0.2415695792969126,0.24123611320281274
2025-10-01,0.03774246901021875,-0.018327792170063195,0.02696128415458802,0.0,0.0,0.0,0.021608164463452526,0.5167551558165531,0.24121385194044687,0.24203099224299995
2025-10-02,0.015576430887855616,0.0005400211159688478,-0.010377534558566123,0.0,1.0,0.0,0.005691116254269824,0.5185029920788421,0.23919658854101777,0.2423004193801402
2025-10-03,0.005668552701942553,-0.027621060808209398,0.0038989097509444606,1.0,1.0,0.0,-0.002712919057647766,0.5195791092432838,0.23893735251485737,0.24148353824185886
2025-10-06,-0.010959009230658215,0.01889562584756928,-0.05495802861430662,0.0,0.0,0.0,-0.014502623610162413,0.5204921917059129,0.23768978123215034,0.24181802706193684
2025-10-07,-0.015617341723152803,0.0062922743866571,0.010140033279321966,2.0,0.0,0.0,-0.004193678541951097,0.5207419371153623,0.23929941900279528,0.23995864388184243
2025-10-08,0.002764204349168391,0.014600554865874379,0.010216834137711683,1.0,0.0,0.0,0.007396579555098927,0.5194925457311574,0.23982618962820904,0.2406812646406335
2025-10-09,0.008039046106745404,-0.0003163423516210721,-0.019164058784014244,1.0,0.0,0.0,-0.000518980314220824,0.5189871377930774,0.24018914650438591,0.24082371570253672
2025-10-10,-0.03621647964365641,0.0013656856708608538,-0.04985805089128722,2.0,0.0,1.0,-0.030461658615348528,0.5199192979463106,0.2401987233996101,0.2398819786540792
2025-10-13,0.026363458943534205,0.007611385366818564,0.027491326940232524,2.0,1.0,1.0,0.022098517342576535,0.5192873272300738,0.24180765433490456,0.2389050184350217
2025-10-14,-0.022020782322281846,0.022514799770305904,-0.017158721376306734,1.0,0.0,0.0,-0.010121581168075102,0.5197518599231518,0.24107276469405373,0.23917537538279446
2025-10-15,0.012180181599508918,0.018217350075238763,0.03523482061845118,1.0,0.0,0.0,0.019151494060396165,0.5184507905210989,0.24272883111605362,0.23882037836284742
2025-10-16,0.002909099912327685,-0.011831901100501805,0.02334717487660683,1.0,1.0,0.0,0.00422927560392506,0.517691350638157,0.2426807527729122,0.23962789658893077
2025-10-17,-0.03278458286678787,-0.012355350089165143,-0.014102804777680037,1.0,0.0,0.0,-0.02334884230741229,0.5175461226633487,0.24186280051805034,0.24059107681860115
2025-10-20,0.027819450668048622,0.02175820619266518,0.0029158212261178873,2.0,0.0,0.0,0.020346852555516975,0.5165205254951045,0.2424213055527375,0.24105816895215798
2025-10-21,0.0017379901735252365,-0.025669891781359516,-0.018742377350261668,2.0,0.0,0.0,-0.009827128866553595,0.5173305401977969,0.2424926180277625,0.24017684177444057
2025-10-22,-0.006263478135653125,-0.016402906143034968,-0.009944254579095424,1.0,0.0,0.0,-0.009596420757517193,0.518586789697387,0.24168639573863968,0.23972681456397324
2025-10-23,0.020579344001319853,0.014734306087424617,0.006284488058580284,1.0,0.0,1.0,0.015742087461570388,0.5189496906243481,0.2413410948051731,0.23970921457047872
2025-10-24,0.026638376188842832,-0.004004643328272735,0.008515072990091984,2.0,0.0,0.0,0.014908826918381538,0.5194767325727148,0.24128984427474168,0.23923342315254342
2025-10-27,0.012436910296904672,0.003864587963255358,0.0018152220290355392,0.0,0.0,1.0,0.007839058773956164,0.520755964260517,0.24033249537707244,0.2389115403624106
2025-10-28,-0.004702633128238561,-0.0031142514407224518,-0.011946492847444829,0.0,1.0,2.0,-0.006049664974550083,0.5212587525939669,0.2401318639322229,0.23860938347381014
2025-10-29,-0.008316675775125626,0.006178661275294169,0.006469484990965743,0.0,0.0,1.0,-0.001309988446014394,0.5214060953798056,0.24027987577627635,0.23831402884391809
2025-10-30,-0.03513672870614452,-0.050732304510072455,-0.009660003038320856,0.0,0.0,0.0,-0.03280854405181233,0.5206388461827341,0.2406577572498563,0.2387033965674096
2025-10-31,0.01131411985704415,0.009288621775602524,0.00010505801146998284,0.0,0.0,0.0,0.008139876663443147,0.5203627825166287,0.23978055765339507,0.23985665982997614
2025-11-03,-0.001626571869121629,-0.019879735155513483,0.010939566861854712,0.0,0.0,1.0,-0.0029953901945020227,0.5207095258003823,0.23983829719578556,0.2394521770038322
2025-11-04,-0.03383289289660178,-0.03785626638230159,-0.03392925924276413,1.0,1.0,0.0,-0.03481757677515894,0.5208578961477707,0.23898879512272,0.24015330872950927
2025-11-05,0.03558101698440256,-0.008492490117499085,0.03916653826389845,0.0,0.0,0.0,0.02591589795998141,0.5209655788399011,0.23883632381277461,0.2401980973473242
2025-11-06,0.04861518354845418,-0.0073373349127603404,-0.0023692379301838793,1.0,0.0,1.0,0.02306762760730991,0.5220197500359536,0.23711481934509926,0.24086543061894722
2025-11-07,0.008982394155045464,0.030535028508887747,-0.01543971406694448,1.0,0.0,0.0,0.008209225970744385,0.5248196237388093,0.2356019366905514,0.23957843957063937
2025-11-10,-0.0011597509978506313,0.015549587208286845,0.04824308279092119,1.0,0.0,0.0,0.01457263402218274,0.5249019299723627,0.2367078169218116,0.23839025310582568
2025-11-11,-0.011764919179775919,-0.008571675943295923,-0.03920710870587337,1.0,0.0,1.0,-0.017597218113260517,0.5231659953326346,0.2367542920413786,0.24007971262598676
2025-11-12,-0.023617666647185637,-0.008864163871896405,0.0023220644310684158,0.0,0.0,0.0,-0.01391871084981208,0.5238054311214223,0.23720267353730037,0.23899189534127727
2025-11-13,-0.02315922619167521,-0.030433038979554333,-0.04550725257721725,0.0,0.0,0.0,-0.0302456519894206,0.5227382752177753,0.23745396715434736,0.23980775762787732
2025-11-14,0.01117879070422756,-0.007280801297059695,0.014572289253173555,0.0,0.0,1.0,0.007606849616651383,0.5235158196419424,0.23744419354733245,0.2390399868107252
2025-11-17,-0.023631392530214845,-0.020329168153097155,-0.0008949824497276696,1.0,0.0,0.0,-0.017406888962450476,0.5239078416158635,0.23670263583845666,0.23938952254567994
2025-11-18,-0.0017777243659424413,-0.004361062814543736,-0.04207326603434528,1.0,1.0,0.0,-0.0120686495509451,0.5232224538256837,0.2365569638407966,0.24022058233351978
2025-11-19,-0.018508271301001446,-0.004488094031702213,-0.001466678007226292,1.0,1.0,1.0,-0.011118346681180481,0.5243511106843807,0.23693867270591032,0.23871021660970893
2025-11-20,-0.06278883745987866,-0.027765539733842364,-0.05192123122355023,0.0,0.0,1.0,-0.05187944416977325,0.5235373020094722,0.23726848409567075,0.23919421389485698
2025-11-21,-0.03266669480869955,-0.01115690711220052,0.016056630609734134,1.0,0.0,1.0,-0.015903491707015677,0.5229565832138364,0.23811452223967575,0.23892889454648783
2025-11-24,0.009399471102592058,0.03025946885859939,0.05934885242436283,0.0,1.0,1.0,0.026386063209808103,0.5211143111150145,0.2383499038666209,0.24053578501836462
2025-11-25,-0.003900022244426722,0.008594893781537105,0.013556428282891868,1.0,0.0,1.0,0.0033036941194804384,0.5195007375188258,0.2386550450642249,0.24184421741694934
2025-11-26,0.028608954355900867,0.0056561830281703545,0.015503635575104962,0.0,0.0,1.0,0.019948803947546827,0.518714765486825,0.2389200632706934,0.24236517124248153
2025-11-28,0.013062114125130217,0.014306538122688487,0.02495843912358679,1.0,0.0,0.0,0.016239099085648644,0.5196579152884719,0.23820354596161653,0.24213853874991154
2025-12-01,-0.010349394133638334,-0.008590961866501138,0.0011016625089702958,0.0,0.0,1.0,-0.007152877184852078,0.5193110512262156,0.23810676465898808,0.24258218411479626
2025-12-02,-0.004943224983476657,0.014129740414128364,-0.007199976469405622,0.0,0.0,0.0,-0.0009515936548761899,0.5189623154283188,0.23803475056740775,0.2430029340042735
2025-12-03,-4.775622860782715e-05,0.01094028722138681,-0.012233317595039686,1.0,0.0,1.0,-0.00038116701262611236,0.5185266587850483,0.23878944193158158,0.24268389928337009
2025-12-04,0.015126288340743886,-0.0011204304089321715,-0.021467703418545758,1.0,0.0,0.0,0.002378830743472305,0.5185622249712349,0.23935749878820156,0.24208027624056355
2025-12-05,-0.025841711556563264,0.00026055426588519025,0.0132663977018496,1.0,1.0,0.0,-0.010178595246459154,0.5199496819905796,0.2391804877138657,0.24086983029555467
2025-12-08,0.014738312208104844,0.009719533694131182,0.020981406478815193,1.0,1.0,2.0,0.015046477018144912,0.5182389752815714,0.2397038871636344,0.24205713755479416
2025-12-09,0.011035417809635684,-0.0021989190525995013,0.003034217188503386,0.0,1.0,1.0,0.005927481250247379,0.5182052630155366,0.23943580920527943,0.24235892777918402
2025-12-10,0.0030326270798907897,0.005277480360217061,0.027267040231485407,1.0,0.0,0.0,0.009439063292117102,0.5187610640879909,0.23902738463477546,0.24221155127723368
2025-12-11,-0.01688337008518792,0.005770791972415405,-0.004832674605747692,1.0,1.0,1.0,-0.0085433882567285,0.5180624464326791,0.2388180423493078,0.24311951121801317
2025-12-12,-0.03150305927807787,-0.036386318280555205,-0.042098333315484814,1.0,1.0,0.0,-0.03525069912082727,0.5171549005244904,0.23953653753460488,0.24330856194090467
2025-12-15,-0.02608692168515536,0.016194285634411498,0.004800237087879208,2.0,1.0,1.0,-0.008457138873181969,0.5175618473133128,0.23947931945582546,0.24295883323086181
2025-12-16,-0.0024110231773090125,-0.0025075969413664487,-0.009483447672058257,1.0,0.0,1.0,-0.004157355709382375,0.5156452740924893,0.24072041682232795,0.2436343090851828
2025-12-17,-0.03361069140339161,-0.028034196197247452,-0.04120527731570852,1.0,0.0,1.0,-0.034116083229505996,0.5158343073545,0.240803780187246,0.24336191245825398
2025-12-18,-0.009157870259493106,0.02122593780240297,0.03142783235944494,0.0,1.0,1.0,0.008030329073208924,0.5158888150106886,0.24111141729826693,0.24299976769104442
2025-12-19,0.007412008816163033,0.021332465095326752,-0.0009033822369977802,1.0,0.0,2.0,0.008747102927603225,0.5140263477419327,0.24177873643175382,0.24419491582631367
2025-12-22,0.01217666365732247,0.012673504748947276,0.0017530953785499144,1.0,0.0,0.0,0.009756881353022866,0.5138815482812688,0.24241825365430095,0.2437001980644302
2025-12-23,-0.0039055455734959463,0.010115060611853854,-0.0010351017932886952,0.0,0.0,0.0,0.00019373876987103036,0.51414251136207,0.24256666753048403,0.24329082110744593
2025-12-24,-0.003733386605672979,0.00278023199350134,0.0031697861554762143,1.0,0.0,1.0,-0.00047106169150031257,0.513699729745992,0.24307240026458948,0.24322786998941867
2025-12-26,0.004221430598490672,0.0017525056746338832,0.00266087511683973,1.0,1.0,0.0,0.003241032536523732,0.5133477931632744,0.24323835948709713,0.2434138473496284
2025-12-29,-0.002247087927939743,-0.020579854021049705,-0.016633416641322785,0.0,1.0,2.0,-0.010206330993892735,0.513453481316684,0.24316233136050538,0.24338418732281075
2025-12-30,-0.003686677157486976,-0.006555754385632976,-0.0020079313701987975,1.0,1.0,0.0,-0.0039747809954097145,0.5143116265878108,0.24263282563513597,0.2430555477770532
2025-12-31,-0.011729434074489896,-0.012407768160669056,-0.00671373656991725,1.0,0.0,1.0,-0.010674334328028487,0.5143427148346795,0.24250133930807732,0.24315594585724315
2026-01-02,0.013475400477013752,0.03929065567042955,0.0175835226594346,0.0,1.0,1.0,0.020733100677772003,0.5142287060433705,0.2424130524195168,0.24335824153711266
2026-01-05,-0.009535586157925527,0.02890538641112032,-0.03281737944259296,0.0,1.0,1.0,-0.005842685725025311,0.5134442780603887,0.24335899347366513,0.2431967284659461
2026-01-06,-0.007589496192657992,0.017666028347505785,0.04206976313235126,0.0,0.0,1.0,0.010610234655588371,0.5130408422820164,0.24513871742590915,0.24182044029207447
2026-01-07,0.007372801617433848,-0.01744749279741986,0.0027959350607075963,0.0,0.0,1.0,0.000165315414338129,0.511079018234987,0.24549992953779196,0.24342105222722102
2026-02-03,0.018803763197806266,0.023481469985752883,0.020217069026262784,3.0,0.0,1.0,0.020292115313740727,0.5118519816051442,0.24459301608348744,0.24355500231136842
2026-02-04,-0.05503751478173091,-0.0304965167056284,0.004657482992710812,1.0,0.0,1.0,-0.03449215184835863,0.5116919843631581,0.24475687111408662,0.24355114452275517
2026-02-05,-0.04361193893384152,-0.03935496417486447,-0.029636330679776186,0.0,1.0,0.0,-0.03913973612729866,0.5097467314083817,0.24482709650190926,0.24542617208970915
2026-02-06,0.054006523135956885,0.05355930561971552,0.037208994624396675,0.0,0.0,1.0,0.049766251366274994,0.5092678574343366,0.2448158562702503,0.24591628629541332
2026-02-09,0.0319183011299365,0.04360662903961073,0.028935893763526604,1.0,0.0,0.0,0.03404974005346681,0.5096040289945496,0.244977461066559,0.24541850993889153
2026-02-10,-0.03919797169234274,-0.005644181466672005,-0.000620893606831484,1.0,1.0,2.0,-0.02150418075758274,0.5093756306295124,0.24546944302315252,0.24515492634733507
2026-02-11,0.000976580495698524,0.024708436443992083,0.0019325315320744005,0.0,0.0,1.0,0.007056802664898645,0.5074827854674677,0.24628658440699855,0.2462306301255337
2026-02-12,0.0011101633065139598,-0.03434141296253468,-0.0038068636821712754,0.0,0.0,1.0,-0.008862907808753494,0.5068340808059237,0.24720066804931026,0.24596525114476614
2026-02-13,0.01208841667499135,0.036233407755295634,0.010502097845521623,0.0,1.0,1.0,0.017634604323460173,0.5078942492111385,0.2458803803312125,0.24622537045764897
2026-02-17,-0.00243775786544013,-0.015434550971233732,-0.005747503677848487,0.0,0.0,1.0,-0.00645963374578396,0.5073017820423336,0.24684198850873598,0.24585622944893057
2026-02-18,0.019031858580012405,0.012098247877774656,0.0014532879203040066,1.0,0.0,0.0,0.013001131307302266,0.5077301112922761,0.2463770422870193,0.2458928464207047
2026-02-19,-0.020805414110173892,0.010658656555237714,0.009850183757383448,0.0,0.0,1.0,-0.005535142069381122,0.5083729582159391,0.24633005287543078,0.24529698890863014
2026-02-20,-0.012492806749217598,-0.0024734365846800963,-0.0004930849350122847,1.0,0.0,1.0,-0.007063334987693304,0.5067426454489603,0.24716785828472845,0.2460894962663111
2026-02-23,-0.07062180154850058,0.007685103899099599,0.0022216972273054756,0.0,0.0,1.0,-0.0332974414843321,0.5061648488713251,0.24740604510646336,0.24642910602221157
2026-02-24,0.013470801414800318,0.0032494772875290012,0.003969016142299127,0.0,0.0,0.0,0.00857191131858456,0.5032797358791473,0.24899392833563666,0.24772633578521597
2026-02-25,0.0633399587400496,0.003714030037870667,-0.009875318374747902,0.0,0.0,0.0,0.03039023797291299,0.503797489007534,0.24871564681472919,0.24748686417773677
2026-02-26,0.0334157454668644,0.0007473077084135804,0.00840787926899722,0.0,0.0,0.0,0.019179127772187013,0.5065827776025895,0.24767157414232446,0.24574564825508596
2026-02-27,-0.020881502272088216,0.005007632844466222,0.0073761208798247555,1.0,1.0,1.0,-0.007565835312877464,0.5080971570316972,0.24671359788132324,0.24518924508697942
2026-03-02,-0.0016794091382111476,-0.0244920640415985,0.017160762507793265,1.0,1.0,0.0,-0.0026885526359551257,0.5066763006971884,0.24736488548821597,0.24595881381459564
2026-03-03,-0.04243697013529117,-0.04567609462686092,-0.027385023959791366,1.0,1.0,0.0,-0.039516946377215825,0.5067812847555921,0.24623368847627047,0.24698502676813733
2026-03-04,0.021232366973001238,0.003329521888604914,0.010013341722124203,1.0,0.0,0.0,0.014051789633784421,0.5064700603727995,0.2459151391592775,0.24761480046792292
2026-03-05,-0.013938050814027176,-0.017920726032121286,-0.02981398610524714,1.0,0.0,0.0,-0.018843025900266333,0.5072337000916727,0.2453617247800061,0.24740457512832129
2026-03-06,-0.04695802391252028,0.014386142468508703,-0.013030779447183857,1.0,0.0,0.0,-0.023529180351656062,0.507755970534666,0.24540902356877903,0.2468350058965549
2026-03-09,0.029933846029550626,-0.0025504636792176294,0.01410147940511645,0.0,0.0,0.0,0.01798174171739725,0.5052565734630446,0.24736722779617915,0.24737619874077615
2026-03-10,-0.01261097249351717,0.0027993311035069413,-0.0031654048834199497,0.0,0.0,0.0,-0.006480688443122673,0.5065243195006744,0.24630195695489535,0.24717372354443015
2026-03-11,-0.003627489359613544,-0.009567147413496216,-0.002260591441185659,1.0,0.0,0.0,-0.004755194922747783,0.5058721807765643,0.24678218541010627,0.24734563381332944
2026-03-12,-0.029027212865142687,-0.009789070331374808,-0.029962315596104034,0.0,0.0,0.0,-0.024515792674648013,0.5059919065988013,0.24653289257562094,0.24747520082557772
2026-03-13,0.008560187401726151,-0.022067125735672415,-0.011158392057075804,1.0,0.0,1.0,-0.003888101676232188,0.5055119646229222,0.24729611524402081,0.24719192013305702
2026-03-16,0.016941596682287525,0.0021453687824457934,-0.0007963897273967433,0.0,1.0,1.0,0.008918522103901675,0.5068332384769134,0.24635289837487476,0.2468138631482119
2026-03-17,0.010133775455552163,-0.00351770824790402,0.004169630961463537,0.0,1.0,1.0,0.005306446691790985,0.5076871415713058,0.24600237979484602,0.24631047863384836
2026-03-18,-0.016384530350185944,0.0015788217963114146,-0.009422557466169082,1.0,1.0,0.0,-0.010259290851659844,0.5082017141002158,0.24554677220324728,0.24625151369653683
2026-03-19,0.006680052569106976,-0.002780482095834924,0.018638283992349347,1.0,0.0,1.0,0.007296515974508874,0.5075478336783168,0.2461576704578871,0.24629449586379598
2026-03-20,-0.05053335957916387,-0.05000817333242117,-0.0029852262092827275,1.0,0.0,1.0,-0.03866559979499312,0.5074814956773753,0.24563700178656261,0.24688150253606217
2026-03-23,0.011452100590233865,0.011275718924272926,0.017628929037745305,1.0,0.0,0.0,0.012945192502962733,0.506241427506588,0.24503676979765712,0.24872180269575492
2026-03-24,0.025763481644887065,0.03646279326674673,0.01353395701804246,1.0,0.0,0.0,0.025339544782542578,0.5060826396225949,0.2449508382848895,0.2489665220925155
2026-03-25,0.004680391239432535,0.00812957856358587,-0.0064253911321393575,1.0,0.0,0.0,0.0027691294920045685,0.5061269700853767,0.24552333097898596,0.24834969893563746
2026-03-26,-0.07439367754957389,-0.0575259829252609,0.009602974228810698,1.0,0.0,0.0,-0.04942731336801176,0.5063298188002405,0.24579970882275637,0.2478704723770032
2026-03-27,-0.018301349302293362,0.027631292429317684,0.016201851848255844,0.0,0.0,0.0,0.0015868335060752296,0.5047539772180629,0.24503471061868487,0.2502113121632522
2026-03-30,-0.02985098857966595,-0.01950628097621983,-0.0034810489238306466,0.0,0.0,0.0,-0.020684020429694902,0.5026456109201377,0.24637628114977056,0.2509781079300919
2026-03-31,0.05852268161164109,0.05363394832392854,-0.01073458509720678,0.0,0.0,0.0,0.039872997670119106,0.5016776237197608,0.2464365884448888,0.2518857878353505
2026-04-01,0.001198682290643609,0.05224824320305436,-0.039197694000252935,1.0,0.0,0.0,0.003740958355656153,0.5032842161958535,0.24722578682669802,0.2494899969774485
2026-04-02,-0.0007517920431592261,0.021486575224222593,0.0033599350712945433,2.0,0.0,0.0,0.00581702408414661,0.5030633039145863,0.24966281680796443,0.24727387927744948
2026-04-06,0.02699799968040025,-0.026942353210108887,0.00759927786693045,2.0,0.0,0.0,0.008692423377352675,0.502368894293102,0.25048524484593276,0.2471458608609652
2026-04-07,-0.0004911755286145144,0.027381961083730328,0.007677008824762706,0.0,0.0,1.0,0.008456755597435157,0.504298397195324,0.24861511896569155,0.24708648383898432
2026-04-08,0.010972710984264297,0.045075677089966515,-0.034015236733077756,1.0,0.0,1.0,0.008370900772442142,0.5033502380775104,0.24960444072685925,0.2470453211956304
2026-04-09,0.002823208327173237,0.004316024735819601,-0.006788771906771074,2.0,0.0,0.0,0.0008451872347360529,0.5036166379524661,0.251531483369055,0.24485187867847893
2026-04-10,-0.05183710944146509,0.005881718165889079,-0.010227371436158778,2.0,0.0,1.0,-0.02713652930752755,0.503825661913909,0.25171477851259444,0.2444595595734967
2026-04-13,0.0442248756500058,-0.007615484198220668,0.007879014659023223,1.0,1.0,0.0,0.022172979446795155,0.5013082661934586,0.2534135376111441,0.2452781961953973
2026-04-14,-0.0019211763060482663,0.030749482380424038,-0.02390015665509293,1.0,0.0,0.0,0.0009315421407406748,0.5036293980979494,0.2518303577978499,0.24454024410420067
2026-04-15,0.012080286248219737,-0.022068836705846955,-0.007268706614562322,1.0,0.0,0.0,-0.0012804047096632168,0.5033235725482195,0.25341009064608994,0.24326633680569063
2026-04-16,0.0010861118867547814,0.02458973706428299,0.01928263045318464,0.0,1.0,0.0,0.011437212559415691,0.5047354382042869,0.2523050650330444,0.24295949676266868
2026-04-17,0.007437391507143991,0.020128959183091173,-0.02442828008748917,0.0,0.0,1.0,0.002893572860597129,0.5036382192224287,0.25300227384782714,0.24335950692974423
2026-04-20,0.0037475868155729675,-0.002939181890644164,0.003884414995833881,0.0,0.0,0.0,0.0020828025295583706,0.5041160536035509,0.25391816264147915,0.2419657837549698
2026-04-21,0.020677976625982364,-0.029107170386234043,-0.008874233798752997,0.0,0.0,3.0,0.0008966224430117268,0.50429223030028,0.2536504694431601,0.24205730025655992
2026-04-22,0.018545169252121612,0.025013562434780257,0.0007123438599081858,0.0,1.0,0.0,0.015867883836586716,0.5063864513861451,0.252054800842804,0.2415587477710509
2026-04-23,0.02162774847456036,-0.00120192978412729,-0.0014436127064092093,1.0,1.0,2.0,0.010306996087106893,0.5066703415995883,0.2525389142538312,0.2407907441465804
2026-04-24,0.009183538969505708,0.04333846405936481,-0.0017375038942418763,0.0,0.0,0.0,0.015164942903773054,0.50787483726103,0.2519285651848052,0.24019659755416478
2026-04-27,-0.007336957674012805,-0.023759620712776302,-0.014802735791650699,0.0,0.0,1.0,-0.013285709423547783,0.5072340880941462,0.2534218991645946,0.23934401274125938
2026-04-28,-0.05456518508716379,-0.04584085145960015,-0.031591586311370566,1.0,1.0,1.0,-0.04686227153204561,0.5078676217189912,0.25286484675557375,0.23926753152543512
2026-04-29,0.03591932142337203,0.05519248538177416,0.009821737128019889,0.0,1.0,2.0,0.03453018954175129,0.5072854119642489,0.25279566801596476,0.23991892001978637
2026-04-30,0.013460974579890447,0.05015043492788007,0.027287332492337318,1.0,1.0,0.0,0.026069546378465248,0.5075710063736851,0.253687018311855,0.23874197531445998
2026-05-01,-0.007764243333746923,0.025493775831251824,-0.00012454487980876708,1.0,0.0,0.0,0.002539805319406746,0.5062303663551584,0.2549658746201694,0.23880375902467232
2026-05-04,0.009293692025105401,0.017979255909251018,-0.006806331130860192,1.0,0.0,0.0,0.007676326234051824,0.505134028168277,0.2561967890556805,0.23866918277604257
2026-05-05,0.03043672766545365,0.029433068833023546,0.005852287196128107,0.0,0.0,0.0,0.024329317021211765,0.5053047493144646,0.2567512557438632,0.2379439949416723
2026-05-06,0.037910212125488764,0.021126792074243728,0.011169582680777909,0.0,1.0,1.0,0.02725832066518346,0.5059520567492751,0.2570259815730422,0.23702196167768264
2026-05-07,-0.03387561046461666,-0.043470285174354285,-0.046930308171188526,0.0,0.0,1.0,-0.03942231547184852,0.5070836506789101,0.2566945157863352,0.2362218335347547
2026-05-08,0.011971207239575935,0.031866641157874444,0.022984713236939847,0.0,1.0,1.0,0.019671442746639636,0.5076742791700778,0.25647621195817394,0.23584950887174821
2026-05-11,0.037729226753834576,0.08154258704459198,0.06816695110553331,0.0,1.0,2.0,0.05617881651068558,0.5068532162933808,0.2571334854755457,0.2360132982310736
2026-05-12,-0.0317114967950343,-0.04439302665942139,-0.03727865697047313,0.0,0.0,1.0,-0.03629224177283858,0.5062091107059977,0.25746933094827334,0.23632155834572893
2026-05-13,0.03741136230007136,0.0235580755685237,0.02765236373624732,0.0,0.0,1.0,0.03154484791061139,0.5066959861648191,0.2570315482944878,0.236272465540693
2026-05-14,0.005467545509025988,-0.00838628909865887,0.016810208106066222,0.0,0.0,0.0,0.004590410138572142,0.5073201855973882,0.25660059892700543,0.23607921547560645
