date,y_adj10,y_raw10,top_vol_pctile,spyvol20,regime,block
2023-10-03,0.32158101165208564,0.3954833954718389,0.9184931506849315,0.1190742448583861,BULL_VOLATILE,0
2023-10-04,0.26520929145091476,0.3414094681616936,0.9815068493150685,0.1237764277896168,BULL_VOLATILE,0
2023-10-05,0.11313673374157207,0.16798670561577222,0.9294520547945206,0.1239648171548616,BULL_VOLATILE,0
2023-10-06,0.11028676356395997,0.1443439825437698,0.9164383561643836,0.1333064520096249,BULL_CALM,0
2023-10-09,0.1633850199103419,0.20286865246262623,0.9746575342465753,0.1331625857752861,BULL_CALM,0
2023-10-10,0.1457763745091279,0.1822003733161972,0.975,0.1346367523840537,BULL_CALM,0
2023-10-11,0.21219573914528106,0.2538392521068255,0.9712328767123287,0.1357358745884419,BULL_CALM,0
2023-10-12,0.08842998967555868,0.13979813200251937,0.9654109589041097,0.1317218756647888,BULL_CALM,0
2023-10-13,0.22833460945014955,0.2884995639046121,0.9726027397260273,0.1221863583188039,BULL_CALM,0
2023-10-16,0.09429474703173668,0.152297377232951,0.9681506849315069,0.1291419075812798,BULL_CALM,0
2023-10-17,0.14631777102071405,0.19999945907151884,0.9537671232876713,0.1290836554646802,BULL_CALM,0
2023-10-18,0.09622653831460264,0.14716668811646513,0.9400684931506849,0.1334365746272131,BULL_CALM,0
2023-10-19,0.12705001167940735,0.18710811028084853,0.9739726027397261,0.1239291322017262,BULL_CALM,0
2023-10-20,0.09180737334982496,0.16513878899519535,0.9438356164383561,0.1306943056000478,BULL_VOLATILE,0
2023-10-23,0.13472171776266356,0.20059544254152492,0.9082191780821919,0.1292182607299701,BULL_VOLATILE,0
2023-10-24,0.19595433632363016,0.268006487895819,0.9243150684931507,0.122701971479548,BULL_VOLATILE,0
2023-10-25,0.23058998159429517,0.3124934259941178,0.9157534246575342,0.1324721522818319,BULL_VOLATILE,0
2023-10-26,0.2350854154897747,0.3303321473062657,0.9328767123287671,0.1354116193464476,BULL_VOLATILE,0
2023-10-27,0.21804129346495768,0.29663601218370855,0.9222602739726027,0.1357339610000769,BULL_VOLATILE,0
2023-10-30,0.19665766155958794,0.27718255752973375,0.9212328767123286,0.1444337459901527,BULL_VOLATILE,0
2023-10-31,0.2187563087788625,0.3021906714425169,0.936986301369863,0.1394830321688099,BULL_VOLATILE,0
2023-11-01,0.18896220354694152,0.26808655608042586,0.9191780821917808,0.1424290893114872,BULL_VOLATILE,0
2023-11-02,0.20756065214378308,0.2753242231247876,0.9356164383561643,0.1581284840630289,BULL_VOLATILE,0
2023-11-03,0.17259201018242395,0.23630748571449642,0.9393835616438355,0.1558550459155876,BULL_VOLATILE,0
2023-11-06,0.17600443658960158,0.25762483392822594,0.9260273972602739,0.1545187190458507,BULL_VOLATILE,0
2023-11-07,0.1506475422059576,0.2131501364355715,0.938013698630137,0.1537784147850042,BULL_VOLATILE,0
2023-11-08,0.20683371928205613,0.26803800839428177,0.9232876712328768,0.1531447405726028,BULL_VOLATILE,0
2023-11-09,0.15885474964390472,0.22993802182168174,0.9493150684931505,0.1541814386777383,BULL_VOLATILE,0
2023-11-10,0.16007197650325478,0.23412546827012265,0.9493150684931505,0.1623446156825811,BULL_VOLATILE,0
2023-11-13,0.1725477072432115,0.2540393068152435,0.9321917808219178,0.1585733281464797,BULL_VOLATILE,0
2023-11-14,0.18864319500277102,0.25396176233898504,0.9133561643835616,0.1720987742466498,BULL_VOLATILE,0
2023-11-15,0.12608257867003564,0.17789976550759484,0.925,0.162949651853059,BULL_VOLATILE,0
2023-11-16,0.29847513238632745,0.3726347030850737,0.9523972602739728,0.157735636457533,BULL_CALM,0
2023-11-17,0.32118404866103506,0.3883543866938108,0.971917808219178,0.1475943155942336,BULL_CALM,0
2023-11-20,0.3130265090297124,0.35855719167549555,0.9058219178082192,0.1470031556374864,BULL_CALM,0
2023-11-21,0.09818088722441984,0.15454157460146306,0.9219178082191781,0.1478697191557499,BULL_VOLATILE,0
2023-11-22,0.04393044188751014,0.08409365318011769,0.9619863013698631,0.1321170778208994,BULL_VOLATILE,0
2023-11-24,0.22720325946960793,0.2798639929031762,0.9554794520547946,0.1183384370780946,BULL_CALM,0
2023-11-27,0.20702922753768954,0.25347228755255,0.9640410958904109,0.1157994823519951,BULL_CALM,0
2023-11-28,0.22236146005513963,0.2713700492927346,0.9609589041095891,0.1137182847976885,BULL_CALM,0
2023-11-29,0.046453298272031866,0.08932019179475366,0.9623287671232876,0.1150089975218501,BULL_CALM,0
2023-11-30,0.2764594193080923,0.31537544225138076,0.9753424657534246,0.112449979062087,BULL_CALM,0
2023-12-01,0.22486524369170838,0.2592863090117831,0.9664383561643837,0.0973756428116534,BULL_CALM,0
2023-12-04,0.23873804986231786,0.2774099765065766,0.9743150684931507,0.099145641432418,BULL_CALM,0
2023-12-05,0.32110394244083845,0.3660999326643513,0.9472602739726026,0.0996042724831135,BULL_CALM,0
2023-12-06,0.061996192450650134,0.11207609872992616,0.9602739726027398,0.1021224266065752,BULL_CALM,0
2023-12-07,0.37607442735293545,0.41591067029203443,0.9767123287671232,0.1038878077149571,BULL_CALM,0
2023-12-08,0.08161142175279615,0.12081330859810857,0.9578767123287673,0.0968231460377753,BULL_CALM,0
2023-12-11,0.40762772933905617,0.44542842824322426,0.9582191780821917,0.0847229072835872,BULL_CALM,0
2023-12-12,0.39539974906175446,0.4251214238399438,0.951027397260274,0.0841015285402519,BULL_CALM,0
2023-12-13,0.2681394822909528,0.2917572184080519,0.9595890410958905,0.0705578301845942,BULL_CALM,0
2023-12-14,0.05717817391805673,0.0718653423131442,0.9479452054794522,0.0706101739036591,BULL_CALM,0
2023-12-15,-0.013356089368488372,-0.008633852206586969,0.920890410958904,0.0762088949880475,BULL_CALM,0
2023-12-18,0.2183189707910959,0.2189905547112174,0.9571917808219179,0.0771444297389667,BULL_CALM,0
2023-12-19,-0.05716170934846308,-0.056942723885211016,0.925,0.0758493612131599,BULL_CALM,0
2023-12-20,-0.0467114684216983,-0.04498584777352718,0.9147260273972602,0.0940048574396158,BULL_CALM,0
2023-12-21,-0.019954382956847528,-0.018810418495783986,0.8856164383561642,0.0978031595706965,BULL_CALM,0
2023-12-22,-0.0653444979848345,-0.05509519109151843,0.923972602739726,0.0976805218501696,BULL_CALM,0
2023-12-26,0.1404467478124034,0.14413538634944506,0.9318493150684931,0.0969124977803228,BULL_CALM,0
2023-12-27,0.17430548285985523,0.18069573105758108,0.9421232876712329,0.0968096667623532,BULL_CALM,0
2023-12-28,0.10330830923114528,0.10975812452426056,0.9400684931506851,0.09643456553736,BULL_CALM,1
2023-12-29,0.12182247900928404,0.1315786799021446,0.9167808219178081,0.0980186983124238,BULL_CALM,1
2024-01-02,-0.09574923268225871,-0.06314792795031086,0.932191780821918,0.1004839754092877,BULL_CALM,1
2024-01-03,-0.14941194844113176,-0.10796515629857076,0.9078767123287671,0.1035595752062241,BULL_CALM,1
2024-01-04,-0.13996173587416527,-0.10296823830878048,0.9376712328767122,0.1047004778183369,BULL_CALM,1
2024-01-05,-0.11961053525422179,-0.08226614273879031,0.9150684931506848,0.1028772192035139,BULL_CALM,1
2024-01-08,-0.14970670628890273,-0.13188151979383006,0.8674657534246574,0.1105899264201902,BULL_CALM,1
2024-01-09,-0.18366122245562416,-0.16207872668245,0.8945205479452054,0.1107594299492566,BULL_CALM,1
2024-01-10,-0.1594872709407798,-0.1325419621135732,0.9376712328767122,0.1114423454331215,BULL_CALM,1
2024-01-11,-0.04832066012751797,-0.022872563905489716,0.9345890410958904,0.1110773636176189,BULL_CALM,1
2024-01-12,-0.052540174222133515,-0.02611958702383036,0.9352739726027398,0.1008439563552296,BULL_CALM,1
2024-01-16,-0.04384288570651274,-0.012548494739958303,0.9232876712328766,0.1015031058659866,BULL_CALM,1
2024-01-17,-0.14199069699372777,-0.12692266455225235,0.9154109589041097,0.101410391984289,BULL_CALM,1
2024-01-18,-0.17258787657589472,-0.16050156348990213,0.891780821917808,0.1042941254489991,BULL_CALM,1
2024-01-19,-0.06828717162533084,-0.05365839006393305,0.9315068493150684,0.1110709108364184,BULL_CALM,1
2024-01-22,-0.07041966186905883,-0.07613934953421585,0.9517123287671234,0.0966133089462208,BULL_CALM,1
2024-01-23,-0.03093356635077684,-0.041010518761377776,0.9126712328767124,0.0922343709317674,BULL_CALM,1
2024-01-24,-0.047801284119894115,-0.06996126360303287,0.9339041095890412,0.0921964590971626,BULL_CALM,1
2024-01-25,-0.004960144882001768,-0.018439965286700877,0.9356164383561645,0.0928172024061252,BULL_CALM,1
2024-01-26,0.0474840867105892,0.0456226478633839,0.957876712328767,0.0932367704631939,BULL_CALM,1
2024-01-29,0.016382715161271204,0.007093540746878535,0.954109589041096,0.0962064602037293,BULL_CALM,1
2024-01-30,0.02381750743783962,0.02348053135941517,0.9482876712328766,0.095203260336354,BULL_CALM,1
2024-01-31,0.06253974724750765,0.07681912565229737,0.9339041095890412,0.1121037712727477,BULL_CALM,1
2024-02-01,0.03735973684163999,0.05383257740524924,0.9356164383561645,0.114182852048008,BULL_CALM,1
2024-02-02,0.006386474625829306,0.008625618386645488,0.9479452054794522,0.11600763633113,BULL_CALM,1
2024-02-05,-0.06011931370740782,-0.058107911699057255,0.9219178082191781,0.1181958187831191,BULL_CALM,1
2024-02-06,0.021460151897236945,0.02272399116166506,0.9321917808219178,0.1098905110770837,BULL_CALM,1
2024-02-07,0.02530744892270065,0.03146301059626317,0.9397260273972602,0.1112377492060321,BULL_CALM,1
2024-02-08,-0.030860993163753535,-0.026542868716533358,0.963013698630137,0.1108266333818357,BULL_CALM,1
2024-02-09,-0.08649023550423025,-0.0988645836145545,0.9287671232876713,0.1110168791668769,BULL_CALM,1
2024-02-12,-0.05746328067086377,-0.07018987093033435,0.9256849315068493,0.1113427682833186,BULL_CALM,1
2024-02-13,-0.060663422281406275,-0.06689596048436029,0.9260273972602739,0.1238548568062638,BULL_CALM,1
2024-02-14,-0.10532793113288293,-0.12319893335827684,0.925,0.1228958109320235,BULL_CALM,1
2024-02-15,-0.07275415166709862,-0.0862869610173007,0.9496575342465754,0.1217707986697113,BULL_CALM,1
2024-02-16,-0.0696360312034913,-0.06741210218726292,0.9273972602739725,0.1188100741873489,BULL_CALM,1
2024-02-20,-0.010565220200810027,-0.0008459089478647808,0.9345890410958904,0.1215621112093875,BULL_CALM,1
2024-02-21,0.011164044508721781,0.026153798994926897,0.9404109589041095,0.1214359873778622,BULL_CALM,1
2024-02-22,-0.019981913947805505,-0.0213889284739318,0.9431506849315069,0.1395989280640365,BULL_CALM,1
2024-02-23,0.08760965054814775,0.09772097620461542,0.9448630136986301,0.139184712199327,BULL_CALM,1
2024-02-26,-0.0011404633036622037,-0.0008244265224351694,0.935958904109589,0.1401921569629383,BULL_CALM,1
2024-02-27,0.002785601317662928,-0.004130672069993298,0.938013698630137,0.1383850859434836,BULL_CALM,1
2024-02-28,0.06515469817442823,0.04971429539632364,0.9589041095890412,0.1385237268508821,BULL_CALM,1
2024-02-29,0.06499134406059469,0.05469505013242386,0.9582191780821917,0.1213753548001123,BULL_CALM,1
2024-03-01,0.06782132625852441,0.050320217115563066,0.9479452054794519,0.1177819917058855,BULL_CALM,1
2024-03-04,0.05327109837699754,0.03826055371277034,0.958904109589041,0.1142976427202582,BULL_CALM,1
2024-03-05,0.014223624013471376,0.0007967661530329725,0.9602739726027396,0.1203786947627516,BULL_CALM,1
2024-03-06,-0.07442591096155107,-0.10035151185898458,0.9650684931506849,0.1209588932891495,BULL_CALM,1
2024-03-07,-0.09537271070147982,-0.12010134268224985,0.9400684931506849,0.1222551694186934,BULL_CALM,1
2024-03-08,0.011118175250147926,-0.010338125817732687,0.9075342465753424,0.1252240976196328,BULL_CALM,1
2024-03-11,0.12065235874635746,0.11202131677383746,0.9438356164383561,0.124328769652447,BULL_CALM,1
2024-03-12,-0.031087495536890396,-0.030041150723534575,0.9523972602739725,0.1288499841882555,BULL_CALM,1
2024-03-13,-0.06897308318844661,-0.06811271062195101,0.953082191780822,0.1162195029421986,BULL_CALM,1
2024-03-14,-0.030569032629324606,-0.020963636388817247,0.9544520547945204,0.1141340154030037,BULL_CALM,1
2024-03-15,-0.011170426439588984,0.0028491682758769697,0.9517123287671232,0.1193809991653304,BULL_CALM,1
2024-03-18,-0.009160571908316628,0.007590351249664718,0.9506849315068493,0.1186611564490942,BULL_CALM,1
2024-03-19,0.09244223499672011,0.11694576132922657,0.9595890410958905,0.1166700924108863,BULL_CALM,1
2024-03-20,0.05937993196051564,0.07541917798494333,0.9280821917808219,0.1194537270260042,BULL_CALM,1
2024-03-21,-0.08672436783109863,-0.0707377273226868,0.9462328767123289,0.0979866272747081,BULL_CALM,1
2024-03-22,-0.07599446879392016,-0.05965073031648348,0.9356164383561645,0.0986789391986806,BULL_CALM,1
2024-03-25,-0.07451774528126318,-0.06838022198728493,0.9366438356164384,0.0981268405452599,BULL_CALM,1
2024-03-26,-0.07873161192971907,-0.0718787425774399,0.9486301369863014,0.098758023116861,BULL_CALM,2
2024-03-27,-0.0314560723043686,-0.024377667198648853,0.9397260273972602,0.1014900910098142,BULL_CALM,2
2024-03-28,-0.0646383453059606,-0.047635225235098416,0.9417808219178083,0.1014242543287883,BULL_CALM,2
2024-04-01,-0.06512131140407959,-0.051999578733515864,0.9267123287671233,0.0975247427395419,BULL_CALM,2
2024-04-02,-0.0260158653671572,-0.0026765933378684395,0.9404109589041095,0.1007082670582628,BULL_CALM,2
2024-04-03,-0.04491374063758651,-0.022299580646363004,0.9407534246575343,0.0925175142373008,BULL_CALM,2
2024-04-04,-0.0733576112264163,-0.04303188846262796,0.9253424657534246,0.1027167028137859,BULL_CALM,2
2024-04-05,0.052270611098718514,0.08207425067075386,0.938013698630137,0.1033751444418996,BULL_CALM,2
2024-04-08,0.019577463311180265,0.059398743698508165,0.9530821917808219,0.100596705860988,BULL_CALM,2
2024-04-09,0.0737350087609352,0.1079445002919176,0.9393835616438357,0.1004368941814716,BULL_CALM,2
2024-04-10,0.06404312177406635,0.10796257409923132,0.9688356164383561,0.1001844290718226,BULL_CALM,2
2024-04-11,0.022059518601560583,0.051172323969043025,0.9640410958904109,0.1037422249282162,BULL_CALM,2
2024-04-12,0.05320764935004577,0.09227408953835109,0.9722602739726028,0.1149469465687355,BULL_VOLATILE,2
2024-04-15,0.08812160202914018,0.12839075521653873,0.958904109589041,0.1181236761792537,BULL_VOLATILE,2
2024-04-16,0.10516970869370976,0.14156403231910547,0.9448630136986302,0.1156936529033271,BULL_VOLATILE,2
2024-04-17,0.08070706312722334,0.12596181504499226,0.9441780821917808,0.1143723943216655,BULL_VOLATILE,2
2024-04-18,0.09007154764403655,0.14089787974343573,0.9434931506849316,0.1071356427359146,BULL_VOLATILE,2
2024-04-19,0.15013806555430737,0.1927873954139247,0.938013698630137,0.1076996386729978,BULL_VOLATILE,2
2024-04-22,0.13658870317002214,0.17190700541643028,0.9472602739726028,0.115629639505116,BULL_VOLATILE,2
2024-04-23,0.10545165166989756,0.12710050901524172,0.9486301369863014,0.1257022035869049,BULL_VOLATILE,2
2024-04-24,0.05487543021908885,0.07831102851490596,0.9232876712328768,0.1257240966833984,BULL_VOLATILE,2
2024-04-25,0.024356982410591196,0.04847377880895233,0.9400684931506849,0.1206189254389703,BULL_VOLATILE,2
2024-04-26,0.01939608508535725,0.014982865845237007,0.9664383561643837,0.1271256412544659,BULL_CALM,2
2024-04-29,0.00841755182239685,-0.0006041485691244339,0.9664383561643837,0.1283175979861485,BULL_CALM,2
2024-04-30,0.05230091460368941,0.04688728970787839,0.9640410958904109,0.1375173422058229,BULL_CALM,2
2024-05-01,-0.006054784635712851,-0.0117658259607957,0.9455479452054796,0.1372450575819948,BULL_CALM,2
2024-05-02,-0.0010494158494722711,-0.0275369057665107,0.9445205479452055,0.1369669578202692,BULL_CALM,2
2024-05-03,-0.057456789545342814,-0.08069001227147177,0.9404109589041096,0.1392361203862337,BULL_CALM,2
2024-05-06,-0.05291740499887636,-0.09763096683696723,0.9503424657534246,0.1445815352751947,BULL_CALM,2
2024-05-07,-0.07834347735614847,-0.12899086663928214,0.9109589041095891,0.1445751784971259,BULL_CALM,2
2024-05-08,0.011847552800847903,-0.03125022152629632,0.953082191780822,0.1398225686003145,BULL_CALM,2
2024-05-09,-0.012839502323353624,-0.04420132855628675,0.9393835616438355,0.1387407570547,BULL_CALM,2
2024-05-10,-0.0572727696010949,-0.09403635213266145,0.9328767123287671,0.1284320288543513,BULL_CALM,2
2024-05-13,-0.010827360609716907,-0.048869097739376435,0.9561643835616438,0.1181995198747881,BULL_CALM,2
2024-05-14,-0.11901754737412966,-0.16303350286645976,0.9438356164383561,0.1179033161219677,BULL_VOLATILE,2
2024-05-15,-0.12392660172059897,-0.16909389122642504,0.951027397260274,0.1195820354257796,BULL_VOLATILE,2
2024-05-16,-0.019658320967084374,-0.04662931706684133,0.9294520547945206,0.119581912098869,BULL_VOLATILE,2
2024-05-17,-0.06334725178550712,-0.08659811352392982,0.9393835616438355,0.1116900876887904,BULL_CALM,2
2024-05-20,-0.10667621629101767,-0.12844138914993516,0.9421232876712329,0.1097549720084267,BULL_CALM,2
2024-05-21,-0.043231311871670404,-0.06509517715561103,0.9284246575342466,0.1046049445707041,BULL_CALM,2
2024-05-22,-0.06934818403938106,-0.08248745717968817,0.943150684931507,0.1058537861007668,BULL_CALM,2
2024-05-23,-0.04138476513415811,-0.05888702656339733,0.9544520547945206,0.1092459345300923,BULL_CALM,2
2024-05-24,-0.025797118835541748,-0.04353756745912777,0.9452054794520548,0.1071765304514526,BULL_CALM,2
2024-05-28,-0.04958087998813873,-0.07886094788793331,0.896917808219178,0.1071321503946207,BULL_CALM,2
2024-05-29,-0.0268489428481886,-0.049587772918561944,0.8993150684931507,0.0910861201383521,BULL_CALM,2
2024-05-30,-0.06110293933856462,-0.08270646154494192,0.9058219178082192,0.0945797665523392,BULL_CALM,2
2024-05-31,-0.0614951113752351,-0.0764757332023551,0.9232876712328768,0.0943372509114192,BULL_CALM,2
2024-06-03,-0.06070368481046984,-0.08545482467503403,0.8962328767123287,0.0863264475405669,BULL_CALM,2
2024-06-04,-0.036125380180872226,-0.058575218872367704,0.9318493150684931,0.0799378723136043,BULL_CALM,2
2024-06-05,-0.05294108351295843,-0.07782427046216417,0.9349315068493151,0.0885617392353933,BULL_CALM,2
2024-06-06,-0.060715556307485305,-0.09908549219103506,0.9400684931506849,0.0885900926422673,BULL_CALM,2
2024-06-07,-0.06663233279077381,-0.097687279840177,0.9342465753424658,0.0877816463824983,BULL_CALM,2
2024-06-10,-0.04527937499900342,-0.07393109566852965,0.9037671232876712,0.0880033865375331,BULL_CALM,2
2024-06-11,-0.07268802285477384,-0.11697111955666714,0.9506849315068495,0.0879334711974003,BULL_CALM,2
2024-06-12,-0.0604120585923014,-0.111259510553278,0.9431506849315069,0.0905080531235216,BULL_CALM,2
2024-06-13,-0.06907023107844093,-0.11515268474195745,0.9500000000000002,0.0813122362304724,BULL_CALM,2
2024-06-14,-0.11495121986541897,-0.14584251668412032,0.953082191780822,0.0804439780716428,BULL_CALM,2
2024-06-17,-0.10618907698007063,-0.13371716921209875,0.9116438356164384,0.083821345985731,BULL_CALM,2
2024-06-18,-0.039938296746645355,-0.07112345510141006,0.9565068493150685,0.0838559406969811,BULL_CALM,2
2024-06-20,-0.07096691273794026,-0.10306391611898577,0.9304794520547945,0.0852557174537795,BULL_CALM,2
2024-06-21,-0.06684370688555484,-0.100537065469562,0.9342465753424658,0.0865827157039515,BULL_CALM,3
2024-06-24,-0.06716781535552523,-0.08879725997922744,0.935958904109589,0.0822779227200023,BULL_CALM,3
2024-06-25,-0.0733929407616644,-0.09458124935013532,0.9363013698630137,0.0806031143003175,BULL_CALM,3
2024-06-26,-0.04046653219619743,-0.0624656560791764,0.9386986301369863,0.0805591598756787,BULL_CALM,3
2024-06-27,-0.007648248446988038,-0.034013129236122444,0.9506849315068493,0.0740827965335625,BULL_CALM,3
2024-06-28,-0.03088235534618351,-0.05052918172361147,0.9462328767123287,0.0704909624079,BULL_CALM,3
2024-07-01,-0.016986315925075893,-0.03881365346293852,0.9565068493150685,0.0653674327688839,BULL_CALM,3
2024-07-02,-0.04789507854896474,-0.06530229768067758,0.9486301369863014,0.0676553266616342,BULL_CALM,3
2024-07-03,-0.06774701270042131,-0.09704353623829315,0.9407534246575343,0.0681297822950247,BULL_CALM,3
2024-07-05,-0.13503986247344937,-0.16906679113992104,0.9513698630136986,0.0594387462211071,BULL_CALM,3
2024-07-08,-0.03861582233079205,-0.08798770187448579,0.9578767123287673,0.059096676125531,BULL_CALM,3
2024-07-09,-0.058562574832504447,-0.10118882297510012,0.9174657534246575,0.0580678729806058,BULL_CALM,3
2024-07-10,-0.037395266735203936,-0.07615729510679276,0.9551369863013699,0.0644236135656236,BULL_CALM,3
2024-07-11,-0.02965558533003405,-0.05235364207433374,0.9527397260273972,0.0752764933871103,BULL_CALM,3
2024-07-12,-0.052310320661961326,-0.07917322777923932,0.9397260273972602,0.0734035372479349,BULL_CALM,3
2024-07-15,-0.05612690356351553,-0.07913328089443437,0.9421232876712329,0.0734913418788487,BULL_CALM,3
2024-07-16,-0.04709615184450429,-0.06716625370275695,0.9595890410958903,0.0748201740903186,BULL_CALM,3
2024-07-17,-0.010067499330870205,-0.005324445814178078,0.9496575342465754,0.0906349195487671,BULL_CALM,3
2024-07-18,-0.011657562469577162,-0.008592631728874497,0.9232876712328766,0.0953367934180085,BULL_CALM,3
2024-07-19,-0.06390187593012202,-0.054534330204309034,0.9397260273972602,0.0980158140607106,BULL_CALM,3
2024-07-22,0.02184003263245223,0.015242714428692064,0.9592465753424657,0.1025516597543022,BULL_CALM,3
2024-07-23,0.025320946880970464,0.010523137492629283,0.9150684931506848,0.1018105067726652,BULL_CALM,3
2024-07-24,0.04070293756294109,0.05825313110936607,0.9660958904109588,0.1312882104180447,BULL_VOLATILE,3
2024-07-25,0.0430194703051951,0.05924575786719556,0.9537671232876711,0.1322768396736331,BULL_VOLATILE,3
2024-07-26,0.07517434391119888,0.08490596793221493,0.9503424657534246,0.1386546630820364,BULL_VOLATILE,3
2024-07-29,0.048023373585906116,0.05833440388132325,0.9561643835616437,0.137940589472031,BULL_VOLATILE,3
2024-07-30,0.09390401093580662,0.11190756568700683,0.9691780821917806,0.1389043068338026,BULL_VOLATILE,3
2024-07-31,0.0800701795353258,0.08966843030859942,0.9592465753424657,0.1490175117431904,BULL_VOLATILE,3
2024-08-01,0.1942995081125524,0.22498187739284553,0.9527397260273972,0.1564396807128385,BULL_VOLATILE,3
2024-08-02,0.2033869852984461,0.2561692841997991,0.9431506849315069,0.1666323366117529,BULL_VOLATILE,3
2024-08-05,0.2304388202372451,0.29619453571018517,0.9376712328767123,0.1919074668376457,BULL_VOLATILE,3
2024-08-06,0.19110485548484302,0.2526408419042642,0.9277397260273972,0.1966083248228579,BULL_VOLATILE,3
2024-08-07,0.20349132849262025,0.2537089264020782,0.9270547945205478,0.1908577810587215,BULL_VOLATILE,3
2024-08-08,0.15999633260194857,0.1947359980022246,0.9476027397260273,0.212422322027837,BULL_VOLATILE,3
2024-08-09,0.13636443979674923,0.16636398714743392,0.9691780821917808,0.2115085826722594,BULL_VOLATILE,3
2024-08-12,0.15382611051115164,0.18810330019741542,0.9537671232876711,0.2109391146897786,BULL_VOLATILE,3
2024-08-13,0.11493021021706043,0.1513512389761234,0.9434931506849316,0.2196325754950108,BULL_VOLATILE,3
2024-08-14,0.15811933949394363,0.20554419640571533,0.9664383561643834,0.2155558356655904,BULL_VOLATILE,3
2024-08-15,0.07497899121342673,0.11525426256481268,0.9630136986301367,0.2233824397461035,BULL_VOLATILE,3
2024-08-16,0.21949484362175636,0.25971026185474805,0.933904109589041,0.2220320181997505,BULL_VOLATILE,3
2024-08-19,0.15265450509909054,0.19225568949734026,0.9626712328767122,0.221612283896448,BULL_VOLATILE,3
2024-08-20,0.1859228233970848,0.22329598217174798,0.892123287671233,0.2216196322869425,BULL_VOLATILE,3
2024-08-21,0.0871156979742312,0.12125594785297378,0.9232876712328768,0.2040533680196037,BULL_VOLATILE,3
2024-08-22,0.09400108148281464,0.13868399809857604,0.9503424657534246,0.2054723083545298,BULL_VOLATILE,3
2024-08-23,0.10897056020081415,0.14313438770477707,0.9383561643835616,0.2051302576052229,BULL_VOLATILE,3
2024-08-26,0.1707056876830051,0.22321234292200917,0.939041095890411,0.2056106793969709,BULL_VOLATILE,3
2024-08-27,0.11335412796204107,0.1627192655639193,0.9417808219178083,0.2041354386757516,BULL_VOLATILE,3
2024-08-28,0.2501631906113854,0.3178637597767881,0.9698630136986303,0.1984327936587365,BULL_VOLATILE,3
2024-08-29,0.20684285470231617,0.2657566937670668,0.9561643835616438,0.1905198239609601,BULL_VOLATILE,3
2024-08-30,0.1403554375928301,0.19638411232789765,0.9476027397260275,0.176890124425097,BULL_VOLATILE,3
2024-09-03,0.24445023881592495,0.31802674663936853,0.9499999999999998,0.1579817336525867,BULL_VOLATILE,3
2024-09-04,0.19562776145999933,0.26823368040687956,0.9380136986301372,0.1574416318009696,BULL_VOLATILE,3
2024-09-05,0.2243029161032692,0.29502553031091366,0.9256849315068493,0.1547687562236459,BULL_VOLATILE,3
2024-09-06,0.2536882614806123,0.3503722647152773,0.9441780821917808,0.1506221236029739,BULL_VOLATILE,3
2024-09-09,0.2644172191912355,0.3602001650620313,0.9191780821917808,0.1545645049660934,BULL_VOLATILE,3
2024-09-10,0.2523089463705616,0.3602236993722253,0.9236301369863014,0.1549110624036005,BULL_VOLATILE,3
2024-09-11,0.18480223090626444,0.2687115727566327,0.9167808219178083,0.1484042331602366,BULL_VOLATILE,3
2024-09-12,0.27859945275224096,0.36775521451193965,0.9284246575342465,0.1505016393111005,BULL_CALM,3
2024-09-13,0.2598099705396857,0.331438798878637,0.9167808219178081,0.1395541784612109,BULL_CALM,3
2024-09-16,0.20518607181320428,0.27273551702673055,0.958904109589041,0.1394785582410554,BULL_CALM,3
2024-09-17,0.2067144512958355,0.28408109750156124,0.9304794520547945,0.1355831900121268,BULL_CALM,4
2024-09-18,0.14238136570619872,0.2203074787819905,0.9277397260273972,0.1359242421109966,BULL_CALM,4
2024-09-19,0.1709642101875944,0.23830062062678742,0.9222602739726027,0.1481821786888223,BULL_VOLATILE,4
2024-09-20,0.16720881707573715,0.24912059906058492,0.9253424657534246,0.1461506660212843,BULL_VOLATILE,4
2024-09-23,0.1964815849006353,0.2721702972563091,0.9147260273972602,0.1419193839836487,BULL_VOLATILE,4
2024-09-24,0.3387979112526331,0.39703309485156507,0.9602739726027396,0.1416264932498463,BULL_VOLATILE,4
2024-09-25,0.08923983337013726,0.14611996418740372,0.9041095890410957,0.1420593257945129,BULL_CALM,4
2024-09-26,0.24637782930530377,0.3054752313171464,0.9530821917808219,0.1402671435948627,BULL_CALM,4
2024-09-27,0.2073230092818416,0.27241465431272266,0.9602739726027396,0.1405461643610051,BULL_CALM,4
2024-09-30,0.23524425877520044,0.3068583387863092,0.9602739726027398,0.1375261724720424,BULL_CALM,4
2024-10-01,0.2774421075227836,0.35688496787371593,0.9527397260273972,0.1182670954967089,BULL_CALM,4
2024-10-02,0.2101414383281551,0.2827469675878879,0.9606164383561644,0.1176069811837451,BULL_CALM,4
2024-10-03,0.1879048319394324,0.2527736616469511,0.9606164383561644,0.1173497408654065,BULL_CALM,4
2024-10-04,0.18093130548750785,0.23295556851016117,0.9565068493150687,0.097594709140503,BULL_CALM,4
2024-10-07,0.3274848646891267,0.37538236321638974,0.9636986301369863,0.1012900964522502,BULL_CALM,4
2024-10-08,0.3269997012934578,0.3860901690603356,0.9660958904109588,0.1044721078541861,BULL_CALM,4
2024-10-09,0.23279978313254107,0.3033711125716398,0.9547945205479451,0.1016937246871212,BULL_CALM,4
2024-10-10,0.25855176354576004,0.3124721195362258,0.9684931506849315,0.099600470781194,BULL_CALM,4
2024-10-11,0.1042206408304142,0.15584881088415414,0.9640410958904111,0.1000140373333987,BULL_CALM,4
2024-10-14,0.14514829831481593,0.19234872393167188,0.9643835616438355,0.1027328302773676,BULL_CALM,4
2024-10-15,0.08736982397910582,0.1397837322195716,0.963013698630137,0.1082546662519237,BULL_CALM,4
2024-10-16,0.09898134241467679,0.1443729554068593,0.9616438356164384,0.1073750347998961,BULL_CALM,4
2024-10-17,0.12578484860509814,0.17206077166829958,0.9154109589041095,0.091158134603744,BULL_CALM,4
2024-10-18,0.16405976628810784,0.21322073710741482,0.9202054794520549,0.0890177557580424,BULL_CALM,4
2024-10-21,0.11636693476434765,0.1756859817907279,0.9571917808219178,0.0895722889585006,BULL_CALM,4
2024-10-22,0.1357362813037572,0.1982689850463329,0.9585616438356166,0.0895604670579303,BULL_CALM,4
2024-10-23,0.22120099174497415,0.29667625115456475,0.9523972602739725,0.0960539924019673,BULL_CALM,4
2024-10-24,0.21791111879036817,0.2734295776592374,0.9095890410958904,0.0954553192676632,BULL_CALM,4
2024-10-25,0.18015316121599262,0.22736239020542814,0.892123287671233,0.0952177339994285,BULL_CALM,4
2024-10-28,0.00292963634549126,0.026720876413128355,0.9236301369863014,0.0948474325515522,BULL_CALM,4
2024-10-29,0.1272776920635477,0.1530278955443767,0.957876712328767,0.0878381787466047,BULL_CALM,4
2024-10-30,0.14460494569481513,0.1779321410958663,0.9544520547945206,0.0890652237317051,BULL_CALM,4
2024-10-31,0.14388199352546827,0.188029880906991,0.9332191780821917,0.1150671125692322,BULL_VOLATILE,4
2024-11-01,0.22057257991544804,0.2657470126760692,0.921917808219178,0.1112576841109014,BULL_VOLATILE,4
2024-11-04,0.2199443452201714,0.2613300186907367,0.939041095890411,0.1065413246561625,BULL_VOLATILE,4
2024-11-05,0.24996667246512824,0.2857195135036904,0.9136986301369863,0.1099340523094259,BULL_CALM,4
2024-11-06,0.28001504231493185,0.30328494993387717,0.8828767123287673,0.1388500333657589,BULL_CALM,4
2024-11-07,0.23072654358853062,0.25782225886740034,0.9438356164383561,0.1402264053736086,BULL_CALM,4
2024-11-08,0.2355186197057313,0.2681483589238364,0.9445205479452055,0.1396768804923126,BULL_CALM,4
2024-11-11,0.22486653291428033,0.25628738969035497,0.9424657534246575,0.1375139678427184,BULL_CALM,4
2024-11-12,0.18452811332868002,0.21326611022553774,0.9643835616438355,0.1344154363623319,BULL_VOLATILE,4
2024-11-13,0.1910983846284957,0.22722703747746378,0.939041095890411,0.1340253385703597,BULL_VOLATILE,4
2024-11-14,0.17783633581049624,0.21992332485064284,0.8993150684931507,0.1367739504723986,BULL_VOLATILE,4
2024-11-15,0.1321874121478315,0.18423252122919823,0.890068493150685,0.1446787984269178,BULL_VOLATILE,4
2024-11-18,0.19866278383248354,0.26634760125120904,0.916095890410959,0.1451754927683638,BULL_VOLATILE,4
2024-11-19,0.0019378666148960693,0.04530188801566281,0.8845890410958903,0.1455697017523057,BULL_VOLATILE,4
2024-11-20,0.12436793819208844,0.17203403103913856,0.9736301369863014,0.1409453179684054,BULL_VOLATILE,4
2024-11-21,0.02989788692500271,0.05026605024331679,0.9154109589041095,0.1417204775282466,BULL_VOLATILE,4
2024-11-22,-0.03681107242958363,-0.03339862294800949,0.9202054794520548,0.1417275911587893,BULL_VOLATILE,4
2024-11-25,-0.024680789722858445,-0.033943157159822115,0.9547945205479451,0.141778039303319,BULL_VOLATILE,4
2024-11-26,-0.011900793598536564,-0.009938327671011181,0.9311643835616439,0.1424082047817829,BULL_VOLATILE,4
2024-11-27,-0.04019840752039796,-0.04969359019844695,0.9363013698630137,0.1424102878269759,BULL_VOLATILE,4
2024-11-29,-0.001471207099224922,-0.014071674848025517,0.9174657534246575,0.118884147423312,BULL_CALM,4
2024-12-02,-0.10967694648442847,-0.13982194544415272,0.9136986301369863,0.1188461191740077,BULL_CALM,4
2024-12-03,-0.10327069033847888,-0.1319491316109826,0.9082191780821919,0.1177555557995148,BULL_CALM,4
2024-12-04,-0.05954641478272622,-0.0899063568439395,0.9523972602739728,0.1134626484914581,BULL_CALM,4
2024-12-05,-0.10567797808987203,-0.14865755967972388,0.9428082191780822,0.0781098033097076,BULL_CALM,4
2024-12-06,-0.1382286281601899,-0.18717350805883418,0.9215753424657533,0.0744116975731988,BULL_CALM,4
2024-12-09,-0.08882553242548402,-0.1515152360391976,0.9308219178082192,0.0764073551225368,BULL_CALM,4
2024-12-10,-0.11733197235614708,-0.1609524291425384,0.9445205479452055,0.0774767549362822,BULL_CALM,4
2024-12-11,-0.05715512688847153,-0.09926557034529328,0.9465753424657534,0.0805573852620725,BULL_CALM,5
2024-12-12,-0.07741934355186571,-0.12254997346303606,0.936986301369863,0.0833693280290314,BULL_CALM,5
2024-12-13,-0.08102762666523945,-0.12050706794367734,0.9489726027397261,0.079223692078197,BULL_CALM,5
2024-12-16,0.03101349989893274,-0.012973202257252979,0.9051369863013699,0.0610936522625901,BULL_CALM,5
2024-12-17,-0.06029897414530846,-0.10187378861750676,0.8972602739726028,0.0638483827598303,BULL_CALM,5
2024-12-18,-0.0344020516343608,-0.06601527294014022,0.9284246575342466,0.1270707064292686,BULL_VOLATILE,5
2024-12-19,-0.059335311150700454,-0.08721410263170737,0.9013698630136986,0.1270475953725676,BULL_VOLATILE,5
2024-12-20,-0.0043820918376643895,-0.03515795842682693,0.9202054794520548,0.1294839911775704,BULL_VOLATILE,5
2024-12-23,-0.0829125392092715,-0.10916620518984763,0.9277397260273974,0.1308534052450052,BULL_VOLATILE,5
2024-12-24,-0.008467124305041856,-0.03433549073347578,0.8886986301369862,0.1362954265337509,BULL_VOLATILE,5
2024-12-26,-0.07996093883668601,-0.11864705343710416,0.9407534246575342,0.1350745219679652,BULL_CALM,5
2024-12-27,-0.06015812816385073,-0.1001748587982853,0.8712328767123287,0.1399073981773645,BULL_VOLATILE,5
2024-12-30,-0.13146180484977085,-0.17999737080015446,0.946917808219178,0.1430082653639303,BULL_VOLATILE,5
2024-12-31,-0.0736150780354249,-0.12596685925563292,0.9332191780821917,0.1428183870849497,BULL_VOLATILE,5
2025-01-02,-0.114912586751828,-0.16254787592641112,0.9181506849315069,0.1426795093590324,BULL_VOLATILE,5
2025-01-03,-0.0886709512551775,-0.13977278058857162,0.935958904109589,0.1488532283546792,BULL_VOLATILE,5
2025-01-06,-0.13455399159811066,-0.21106048445417788,0.9462328767123287,0.1509104601993537,BULL_VOLATILE,5
2025-01-07,-0.10732824396192434,-0.17025657942198924,0.9260273972602742,0.1548925356111462,BULL_VOLATILE,5
2025-01-08,-0.10170212331977588,-0.1604624909410685,0.95,0.1546357608661672,BULL_VOLATILE,5
2025-01-10,-0.1218812077656934,-0.18152370866501336,0.9585616438356166,0.1624259975054208,BULL_VOLATILE,5
2025-01-13,-0.05433271365635924,-0.09156513937956459,0.9232876712328768,0.1590455796148486,BULL_VOLATILE,5
2025-01-14,-0.04608800212091426,-0.09534316795286188,0.95,0.1590952332510742,BULL_VOLATILE,5
2025-01-15,-0.04099943137959363,-0.09837953425845125,0.9482876712328766,0.1742439267840864,BULL_VOLATILE,5
2025-01-16,-0.059010441221748464,-0.11025082925797336,0.9246575342465754,0.1731918084247401,BULL_VOLATILE,5
2025-01-17,-0.06187390602021472,-0.11335915584769206,0.958904109589041,0.1772777676152523,BULL_VOLATILE,5
2025-01-21,-0.035538829974285306,-0.09335639866803595,0.9517123287671232,0.1423603362769965,BULL_CALM,5
2025-01-22,-0.028771017013726224,-0.09029175395059967,0.9143835616438356,0.142944424291946,BULL_CALM,5
2025-01-23,-0.05603412459390865,-0.12091731344258716,0.9308219178082192,0.1413618968794393,BULL_CALM,5
2025-01-24,-0.023185799444997216,-0.08568517003981217,0.9178082191780822,0.14122027233703,BULL_CALM,5
2025-01-27,-0.004474523832204943,-0.04320497641854156,0.9606164383561644,0.145947943617338,BULL_CALM,5
2025-01-28,0.04806668839031726,0.011831164383394231,0.9178082191780822,0.1491945630987584,BULL_VOLATILE,5
2025-01-29,0.033233641152726374,0.0011931877334090545,0.9181506849315069,0.1448539692964922,BULL_VOLATILE,5
2025-01-30,0.04683159273383993,0.010926920084920506,0.9513698630136986,0.1384928576362247,BULL_VOLATILE,5
2025-01-31,0.031639060803997476,-0.007934460446476513,0.9191780821917808,0.1394386137432907,BULL_CALM,5
2025-02-03,0.005162011804660802,-0.02873421901334187,0.9636986301369863,0.1417957589246,BULL_VOLATILE,5
2025-02-04,-0.060511003452334164,-0.0932491562991814,0.9523972602739725,0.1370538219294352,BULL_VOLATILE,5
2025-02-05,-0.04287827822083245,-0.07253073558769936,0.9565068493150685,0.1363767370336341,BULL_CALM,5
2025-02-06,-0.09624416870785793,-0.11195699080552887,0.9565068493150685,0.1289021278857814,BULL_CALM,5
2025-02-07,-0.1590798555920178,-0.17786789112021975,0.9589041095890412,0.1343503234343579,BULL_VOLATILE,5
2025-02-10,-0.081609966707979,-0.1096059239692212,0.938013698630137,0.1211310853309106,BULL_CALM,5
2025-02-11,-0.05852081662779605,-0.07421275797447524,0.939041095890411,0.1212097552223077,BULL_CALM,5
2025-02-12,-0.06678303137546844,-0.08188237598252922,0.9592465753424657,0.1226368551389125,BULL_CALM,5
2025-02-13,-0.045430962505919784,-0.05347237535748753,0.9541095890410958,0.1116183949977116,BULL_CALM,5
2025-02-14,-0.05623885605808597,-0.060175692169505544,0.9664383561643837,0.1110676464501121,BULL_CALM,5
2025-02-18,-0.007598638024817453,-0.007925508937899747,0.9517123287671232,0.1066201940696103,BULL_CALM,5
2025-02-19,-0.004884558963253561,-0.010214758463220217,0.9479452054794522,0.1025229715472176,BULL_CALM,5
2025-02-20,0.051214516868948755,0.04443266578605593,0.9421232876712329,0.1023426187219548,BULL_CALM,5
2025-02-21,-0.010794173102343105,-0.009238616154763415,0.9496575342465754,0.1175887239427,BULL_CALM,5
2025-02-24,0.030468016218570333,0.043826327431144,0.9267123287671234,0.1181228202889682,BULL_CALM,5
2025-02-25,0.0267776366364602,0.05465585513221417,0.9448630136986301,0.108545377812665,BULL_CALM,5
2025-02-26,0.06531091548571248,0.0926995189916562,0.9585616438356164,0.1033222404588068,BULL_CALM,5
2025-02-27,0.07406572009552578,0.10735978139055895,0.9383561643835616,0.1159895866152678,BULL_VOLATILE,5
2025-02-28,0.04991310485812707,0.08627964502660268,0.9578767123287673,0.1288734663575832,BULL_VOLATILE,5
2025-03-03,0.08887479130355938,0.1429501685004075,0.941095890410959,0.1411466864288723,BULL_VOLATILE,5
2025-03-04,0.009465295061638008,0.0484152042174318,0.9376712328767123,0.1447817577697954,BULL_VOLATILE,5
2025-03-05,0.0487731462549912,0.07963307074627402,0.9325342465753425,0.1485683299788276,BULL_VOLATILE,5
2025-03-06,0.15697662166065934,0.21710546477924594,0.95,0.1575732641982496,BULL_VOLATILE,5
2025-03-07,0.07778813740182018,0.14378673192962138,0.9318493150684931,0.1588432044455547,BULL_VOLATILE,5
2025-03-10,0.10925853677988676,0.21827104762471053,0.9534246575342467,0.1793258366844563,BULL_VOLATILE,5
2025-03-11,0.08439985883405629,0.1685301027370027,0.9160958904109588,0.1759291131408839,BULL_VOLATILE,5
2025-03-12,0.02657701743605808,0.12175901863879651,0.9428082191780822,0.1783357235889991,BULL_VOLATILE,6
2025-03-13,0.018529957691791804,0.12261365768608287,0.9472602739726026,0.1813922489100284,BULL_VOLATILE,6
2025-03-14,0.032644524672051825,0.11942212493186397,0.9517123287671232,0.1954540986272058,BULL_VOLATILE,6
2025-03-17,0.07809098168391873,0.16178638625984504,0.9520547945205481,0.199395856518229,BULL_VOLATILE,6
2025-03-18,0.056018166907466305,0.13537859144110045,0.9205479452054796,0.1994481680999451,BULL_VOLATILE,6
2025-03-19,0.03879951576068687,0.1175043659470269,0.9205479452054796,0.2053946968395497,BULL_VOLATILE,6
2025-03-20,0.09645070124245594,0.1893852077054975,0.9263698630136987,0.2054142013700876,BULL_VOLATILE,6
2025-03-21,0.062168075437838664,0.1369510953857698,0.9034246575342466,0.1992494260332088,BULL_VOLATILE,6
2025-03-24,0.10126233372665247,0.17836190403746968,0.9171232876712327,0.2124583726352805,BULL_VOLATILE,6
2025-03-25,0.09558936364069648,0.1670246590531325,0.9438356164383563,0.2126511218871732,BULL_VOLATILE,6
2025-03-26,0.07808156461085589,0.16664425868249774,0.9400684931506851,0.2156464063250958,BULL_VOLATILE,6
2025-03-27,0.05647186929352901,0.1704275469676956,0.9595890410958905,0.209418289384978,BULL_VOLATILE,6
2025-03-28,0.0754651305932003,0.2029867260987732,0.9595890410958903,0.2091849920281555,BULL_VOLATILE,6
2025-03-31,0.13816587975821598,0.28147324522178596,0.9445205479452055,0.2049219123173696,BULL_VOLATILE,6
2025-04-01,0.0826924029681264,0.21499465060272727,0.9520547945205481,0.2022268842904382,BULL_VOLATILE,6
2025-04-02,0.10524338300285545,0.22488024333839782,0.9551369863013699,0.199317015059677,BULL_VOLATILE,6
2025-04-03,0.05298750705748436,0.2151001932160337,0.9198630136986303,0.2565389822893847,BULL_VOLATILE,6
2025-04-04,0.10393990788940877,0.28300894825010614,0.8743150684931507,0.3206579079582798,BEAR,6
2025-04-07,0.11602828472643227,0.3093429815758631,0.9304794520547945,0.3117902064575565,BEAR,6
2025-04-08,0.09318763289528707,0.29819105768472315,0.9246575342465752,0.3138853541654929,BEAR,6
2025-04-09,0.0861945372408576,0.2235070506687626,0.9089041095890412,0.5022418781763758,BEAR,6
2025-04-10,0.10818660695613713,0.2872291806485661,0.9345890410958905,0.5237999168063382,BEAR,6
2025-04-11,0.11744443454190064,0.29844184032572973,0.9174657534246575,0.5222801177139703,BEAR,6
2025-04-14,0.14747470071150084,0.3253380611252438,0.9414383561643836,0.5228248355742292,BEAR,6
2025-04-15,0.14846267904263183,0.319331391449416,0.9273972602739727,0.5218128409860567,BEAR,6
2025-04-16,0.16259179171358462,0.3476207557889681,0.916095890410959,0.524510682708615,BEAR,6
2025-04-17,0.1731444922467912,0.3488996002533294,0.9352739726027398,0.5247773910894703,BEAR,6
2025-04-21,0.2048133885877291,0.3996020635860981,0.9356164383561645,0.5299014369123642,BEAR,6
2025-04-22,0.2366904593602809,0.42514318730967465,0.9184931506849315,0.5351294238460548,BEAR,6
2025-04-23,0.20453384872641517,0.3648515603041298,0.9503424657534246,0.5391189044140032,BEAR,6
2025-04-24,0.12479246714974061,0.23697383333649163,0.9366438356164384,0.5446051543455284,BEAR,6
2025-04-25,0.1241092940654839,0.23863914283093568,0.938013698630137,0.545435329095442,BEAR,6
2025-04-28,0.16279608651216962,0.2722257662557258,0.9428082191780822,0.540689024516435,BEAR,6
2025-04-29,0.15513160843869855,0.2592761517179581,0.9356164383561643,0.5406240070686038,BEAR,6
2025-04-30,0.21000326148489273,0.3317438642158802,0.9328767123287671,0.5405295026952291,BEAR,6
2025-05-01,0.21221663954161202,0.33456302982174035,0.9397260273972602,0.5406546643075023,BEAR,6
2025-05-02,0.1782757800028913,0.27525882604897756,0.9092465753424657,0.5101863987540566,BEAR,6
2025-05-05,0.20918984238274665,0.3093348502340317,0.9065068493150685,0.457085667529345,BEAR,6
2025-05-06,0.14665712831571034,0.2362897869889141,0.8972602739726028,0.4591333204698439,BEAR,6
2025-05-07,0.19158722793837563,0.2954971853069565,0.9095890410958904,0.4523425074120692,BEAR,6
2025-05-08,0.1757319645375319,0.25835750235057875,0.9277397260273974,0.2637051593022789,BULL_VOLATILE,6
2025-05-09,0.21737457676475297,0.29821178557421757,0.9434931506849316,0.2026773696845322,BULL_VOLATILE,6
2025-05-12,0.16362296867416554,0.2166984310109662,0.8993150684931507,0.2228903441625742,BULL_VOLATILE,6
2025-05-13,0.052604034011844235,0.08445751792191658,0.8770547945205479,0.2222012562329209,BULL_VOLATILE,6
2025-05-14,0.07287878804423063,0.10264998308302299,0.9438356164383561,0.2209301545181833,BULL_VOLATILE,6
2025-05-15,0.16000336155234718,0.2131279171882559,0.9311643835616439,0.1970182977972586,BULL_VOLATILE,6
2025-05-16,-0.02062246222607118,0.03670551479337505,0.8893835616438356,0.1963086439907002,BULL_VOLATILE,6
2025-05-19,0.07061410086515588,0.12820529295948688,0.9417808219178083,0.162995755152784,BULL_VOLATILE,6
2025-05-20,0.02370842054480001,0.08069254555598372,0.911986301369863,0.1514200895929731,BULL_VOLATILE,6
2025-05-21,0.10312665829723777,0.16882379409511977,0.9167808219178083,0.1670267137652714,BULL_VOLATILE,6
2025-05-22,0.08031601674319672,0.1176729254785272,0.8818493150684932,0.1552413152580166,BULL_VOLATILE,6
2025-05-23,0.11595086003573049,0.15133436561133046,0.8979452054794519,0.1584754573578241,BULL_VOLATILE,6
2025-05-27,-0.004291455097307995,0.03722592800649342,0.9434931506849316,0.1708145105275907,BULL_VOLATILE,6
2025-05-28,-0.0039014683146891328,0.04838600845086347,0.9445205479452055,0.1736362393627838,BULL_VOLATILE,6
2025-05-29,-0.008315428899678196,0.049782947252223514,0.9318493150684931,0.1733910276620064,BULL_VOLATILE,6
2025-05-30,-0.022576202580696775,0.04592903612966934,0.9243150684931507,0.1733753531808667,BULL_VOLATILE,6
2025-06-02,-0.011848097783871714,0.04444156995755657,0.8746575342465753,0.167851092196513,BULL_VOLATILE,6
2025-06-03,0.09174450995964296,0.139842854997205,0.8760273972602739,0.1654890160053507,BULL_VOLATILE,6
2025-06-04,0.06334204801071504,0.11290968502070994,0.8914383561643836,0.1606321106224883,BULL_VOLATILE,6
2025-06-05,0.029233026006375173,0.08843579873438519,0.9047945205479453,0.1631185557178541,BULL_VOLATILE,6
2025-06-06,0.13945997164110438,0.19128208064452715,0.8859589041095889,0.164646202061605,BULL_VOLATILE,7
2025-06-09,-0.09561958714535224,-0.053569350615689855,0.8465753424657535,0.1640802759177343,BULL_CALM,7
2025-06-10,-0.05409833426113535,-0.006913236425211387,0.875,0.1208796942344947,BULL_CALM,7
2025-06-11,-0.011231451334422896,0.04476485773882383,0.8893835616438356,0.1204749897741341,BULL_CALM,7
2025-06-12,-0.02438989289033687,0.03178543606505089,0.8702054794520547,0.1208628265346803,BULL_CALM,7
2025-06-13,0.08142970240146372,0.1495281458872214,0.8667808219178083,0.1279385126295215,BULL_CALM,7
2025-06-16,0.12656137616000834,0.18309785716842675,0.8503424657534246,0.1303109893818812,BULL_CALM,7
2025-06-17,0.2013293506170079,0.2613135618938373,0.8767123287671232,0.1343924259182364,BULL_CALM,7
2025-06-18,0.15021956819386345,0.22404090269514107,0.9260273972602739,0.1337266200961062,BULL_CALM,7
2025-06-20,0.08413254445303933,0.1552824518796246,0.8424657534246576,0.1194593466412469,BULL_CALM,7
2025-06-23,0.08867612329414905,0.15099286878663537,0.7989726027397259,0.1234988036008248,BULL_CALM,7
2025-06-24,0.13140673624925964,0.20358828488637154,0.8616438356164384,0.1238674338551398,BULL_CALM,7
2025-06-25,0.102075930430965,0.1674730494525279,0.8784246575342465,0.1030154323378691,BULL_CALM,7
2025-06-26,0.07735808267923613,0.1299925887145082,0.8277397260273973,0.1018263157252015,BULL_CALM,7
2025-06-27,0.08098061345375215,0.1376137220727359,0.8616438356164384,0.1021447267322011,BULL_CALM,7
2025-06-30,0.08275738601796748,0.13535330137255985,0.881849315068493,0.1018367922846465,BULL_CALM,7
2025-07-01,0.137582837388501,0.17219540423776725,0.810958904109589,0.1015078141350326,BULL_CALM,7
2025-07-02,0.0681221732699906,0.09236258360930188,0.8482876712328767,0.1010384641041253,BULL_CALM,7
2025-07-03,0.06831526940152832,0.09857556126085212,0.8818493150684932,0.1027136193990781,BULL_CALM,7
2025-07-07,0.059523839841830795,0.09367284452987748,0.8746575342465753,0.1055520174052711,BULL_CALM,7
2025-07-08,0.055871385736864454,0.07676243440574891,0.813013698630137,0.101631924287847,BULL_CALM,7
2025-07-09,0.07581450967093636,0.10156040092555023,0.8643835616438356,0.1026653181926157,BULL_CALM,7
2025-07-10,0.05891620769066904,0.08341477893707264,0.8486301369863014,0.1018144361523896,BULL_CALM,7
2025-07-11,0.17909517489322693,0.20760115663479298,0.8695205479452055,0.1022489365708896,BULL_CALM,7
2025-07-14,0.09085191609059344,0.12410148708717508,0.9130136986301369,0.1019391332360499,BULL_CALM,7
2025-07-15,0.048405429168023414,0.090268142286621,0.8955479452054794,0.0928782171045513,BULL_CALM,7
2025-07-16,0.17048351648878746,0.19667514431349703,0.8441780821917808,0.0888221589971442,BULL_CALM,7
2025-07-17,0.03549017942113516,0.05079668265536692,0.8924657534246574,0.08115176912388,BULL_CALM,7
2025-07-18,0.10924095685998567,0.13851257404573555,0.909931506849315,0.0814300864525414,BULL_CALM,7
2025-07-21,0.0207231086184482,0.04466933916239501,0.8544520547945205,0.0761660303972042,BULL_CALM,7
2025-07-22,0.05063311272767183,0.08106662412549127,0.8393835616438355,0.071950622232858,BULL_CALM,7
2025-07-23,0.013727099214352856,0.046614333934179575,0.8561643835616438,0.0683532127407587,BULL_CALM,7
2025-07-24,0.014808972957170144,0.04655316368638427,0.8589041095890412,0.0684319163115569,BULL_CALM,7
2025-07-25,0.017866855371267205,0.04333299536718164,0.8222602739726026,0.0656521640895319,BULL_CALM,7
2025-07-28,0.0026156692554641257,0.0277489448946716,0.8486301369863014,0.0651667950099335,BULL_CALM,7
2025-07-29,0.06656794739152086,0.0919669307537805,0.797945205479452,0.065935732003641,BULL_CALM,7
2025-07-30,0.11015226853732538,0.1375739929412014,0.7770547945205479,0.0663422776781359,BULL_CALM,7
2025-07-31,0.06547310234496644,0.1091612867808767,0.821917808219178,0.0675789931425665,BULL_CALM,7
2025-08-01,0.08304618549421121,0.13389215126686882,0.8178082191780822,0.0867128400952606,BULL_CALM,7
2025-08-04,0.06832563010972229,0.1154670044110983,0.8345890410958905,0.0983483413502641,BULL_CALM,7
2025-08-05,0.14951890960967643,0.19649102475997182,0.8263698630136986,0.1004914556226134,BULL_CALM,7
2025-08-06,0.13244842807074877,0.1690530884780609,0.8897260273972603,0.1018337131219538,BULL_CALM,7
2025-08-07,0.12107932514026391,0.1853797487219855,0.8571917808219178,0.101657693261539,BULL_CALM,7
2025-08-08,0.06992133777448908,0.13128184873359214,0.8523972602739727,0.1035985646416676,BULL_CALM,7
2025-08-11,0.11375349155189567,0.15467495573464818,0.8386986301369863,0.1041116019250189,BULL_CALM,7
2025-08-12,0.08158284731632363,0.12216394458026147,0.8931506849315068,0.1076830239606742,BULL_CALM,7
2025-08-13,0.06834470357539654,0.10075587850556834,0.8815068493150686,0.1077000792874114,BULL_CALM,7
2025-08-14,0.10984846922045641,0.14888541451100512,0.9071917808219178,0.1065022607550861,BULL_CALM,7
2025-08-15,0.1808258072292408,0.2328931768427438,0.9198630136986301,0.107071240384724,BULL_CALM,7
2025-08-18,0.17491143069481987,0.2246980402738801,0.8934931506849315,0.1071702057914901,BULL_CALM,7
2025-08-19,0.14215955031022087,0.19809338676477412,0.9071917808219178,0.1096676634491052,BULL_CALM,7
2025-08-20,0.06849788507996209,0.12043654389257769,0.909931506849315,0.1064915836246328,BULL_CALM,7
2025-08-21,0.1753227495025522,0.22377859172430808,0.9315068493150687,0.1075999268025535,BULL_CALM,7
2025-08-22,0.13305298911139882,0.15293473581085212,0.9044520547945206,0.1198082854792736,BULL_CALM,7
2025-08-25,0.08813216649836503,0.1098069564310851,0.9109589041095891,0.1211285841275528,BULL_CALM,7
2025-08-26,0.13366636813117722,0.14985760097649153,0.9160958904109588,0.1212362536910394,BULL_CALM,7
2025-08-27,0.07670724749631087,0.07503092946284692,0.925,0.1210890993418416,BULL_CALM,7
2025-08-28,0.013187213735578856,0.012946501920376456,0.8640410958904109,0.1200741739244012,BULL_CALM,7
2025-08-29,0.10549476212421505,0.12708372664764286,0.898972602739726,0.1043215687829074,BULL_CALM,7
2025-09-02,0.11766809810326757,0.14956421373169024,0.9277397260273974,0.0965712089329713,BULL_CALM,7
2025-09-03,0.029816665610751587,0.07092513216048717,0.9267123287671234,0.0953811736978531,BULL_CALM,8
2025-09-04,0.07797531074421069,0.12014854233045967,0.9215753424657533,0.096032210099259,BULL_CALM,8
2025-09-05,0.024565100471206823,0.06329794109276367,0.9530821917808219,0.0969119374645036,BULL_CALM,8
2025-09-08,0.040053543094528965,0.08394253572559149,0.9517123287671234,0.0938893675205575,BULL_CALM,8
2025-09-09,0.07173212398461343,0.11587595051771979,0.9363013698630136,0.0933650256692856,BULL_CALM,8
2025-09-10,0.045346944093111165,0.08750622614376138,0.9428082191780822,0.0867106675135066,BULL_CALM,8
2025-09-11,0.07682446104645138,0.11377102266903358,0.8691780821917808,0.0903673227963111,BULL_CALM,8
2025-09-12,0.08235848333570896,0.12522888037057248,0.9034246575342466,0.0904365869783986,BULL_CALM,8
2025-09-15,0.06295256826525328,0.1033365472550299,0.9092465753424659,0.090803574215232,BULL_CALM,8
2025-09-16,0.0943137650793874,0.1356419705444261,0.9267123287671234,0.091162522794137,BULL_CALM,8
2025-09-17,0.11146697354067066,0.14693356562854967,0.9027397260273972,0.088233291523458,BULL_CALM,8
2025-09-18,0.11176583525882311,0.12739844317234805,0.9167808219178081,0.0874780728005963,BULL_CALM,8
2025-09-19,0.050801284722471564,0.06147917816825812,0.921917808219178,0.0846689936332997,BULL_CALM,8
2025-09-22,0.040453478752193524,0.05010362540732006,0.8373287671232876,0.0698442123991884,BULL_CALM,8
2025-09-23,-0.0127550522257743,-0.0027340694362485533,0.9017123287671233,0.0711287194212211,BULL_CALM,8
2025-09-24,0.2118621128886884,0.23047766536610412,0.8982876712328768,0.0723715767933026,BULL_CALM,8
2025-09-25,0.007578350949294059,0.03290318363841399,0.8931506849315068,0.0751307374661637,BULL_CALM,8
2025-09-26,0.027697355805186723,0.055382165251285816,0.9082191780821919,0.0765441408158591,BULL_CALM,8
2025-09-29,0.0019615059826297355,0.02406840325006341,0.895205479452055,0.0721750306944867,BULL_CALM,8
2025-09-30,0.05621605665884295,0.07894788929753795,0.8866438356164383,0.0645057372136498,BULL_CALM,8
2025-10-01,0.04153393953708622,0.0589737628968928,0.9301369863013701,0.0634754576813136,BULL_CALM,8
2025-10-02,-0.040260279955606035,-0.030385450372085406,0.8503424657534246,0.0587169427599267,BULL_CALM,8
2025-10-03,0.07548954126922676,0.08222815994080918,0.8386986301369863,0.0566903590344407,BULL_CALM,8
2025-10-06,0.0830578534610727,0.08931239650642618,0.9113013698630137,0.0570372895555126,BULL_CALM,8
2025-10-07,0.20311354853248403,0.2131906712009004,0.9202054794520548,0.0601444194921996,BULL_CALM,8
2025-10-08,0.0466390256741848,0.05397404964999454,0.9198630136986301,0.0620899507500601,BULL_CALM,8
2025-10-09,0.10237461638397827,0.1210253643461892,0.9020547945205479,0.058639747100074,BULL_CALM,8
2025-10-10,0.12689190558314292,0.16085154324818096,0.9154109589041097,0.115668950863842,BULL_CALM,8
2025-10-13,0.08857607333238829,0.09139679035351965,0.9349315068493151,0.1270499827322235,BULL_CALM,8
2025-10-14,0.02372174328435216,0.05222856405412136,0.9421232876712329,0.1270257621373126,BULL_CALM,8
2025-10-15,0.15609112645134798,0.1741943803903897,0.9417808219178083,0.1277694196821582,BULL_CALM,8
2025-10-16,0.17109737336876082,0.18523986440681195,0.9226027397260275,0.1292687743092579,BULL_VOLATILE,8
2025-10-17,0.10776322477311692,0.12200573801381914,0.9434931506849316,0.1306726675104992,BULL_CALM,8
2025-10-20,0.06377802539557756,0.07453762858575684,0.9232876712328766,0.1348300416167595,BULL_CALM,8
2025-10-21,0.19653745031654823,0.20878792963191012,0.9452054794520549,0.1330924479608146,BULL_CALM,8
2025-10-22,0.2006531083554611,0.22257855988706365,0.9448630136986301,0.1340497921490793,BULL_VOLATILE,8
2025-10-23,0.177760196744768,0.1947372059452775,0.928082191780822,0.1338996821222549,BULL_CALM,8
2025-10-24,0.060966805694547696,0.07983174301736731,0.9445205479452055,0.1353019629495995,BULL_CALM,8
2025-10-27,0.23549798683046702,0.24365564912600146,0.9465753424657534,0.1403964740753833,BULL_VOLATILE,8
2025-10-28,0.07590828444699008,0.08138720209910053,0.9325342465753426,0.1402282500703891,BULL_VOLATILE,8
2025-10-29,0.16420795024504647,0.1658851818888384,0.9304794520547945,0.1401076295284805,BULL_VOLATILE,8
2025-10-30,0.19507098145509047,0.2157381742562104,0.9174657534246575,0.146906512327204,BULL_VOLATILE,8
2025-10-31,0.3077284819108139,0.31395333974015155,0.9643835616438355,0.1471212998824508,BULL_VOLATILE,8
2025-11-03,0.2521983685418513,0.2322587147906073,0.9606164383561644,0.1468464490950156,BULL_VOLATILE,8
2025-11-04,0.3491058457686269,0.3498915096310176,0.9489726027397261,0.1529612324612113,BULL_VOLATILE,8
2025-11-05,0.13679932977505443,0.11707816473315388,0.9503424657534245,0.152032181967839,BULL_VOLATILE,8
2025-11-06,-0.006533097865833582,-0.03648611519593841,0.942808219178082,0.1567371089588084,BULL_VOLATILE,8
2025-11-07,-0.0005923868777652913,-0.03482927903925362,0.9243150684931507,0.1199279953974217,BULL_CALM,8
2025-11-10,0.03993435497841633,0.017177370462377828,0.9445205479452055,0.1203327358985425,BULL_CALM,8
2025-11-11,0.07768096977866396,0.0712065496138289,0.9445205479452057,0.1199642252867064,BULL_CALM,8
2025-11-12,0.020696036472854368,0.010920948714955338,0.9294520547945206,0.1195243829207673,BULL_CALM,8
2025-11-13,0.2660032532860015,0.2729190149358877,0.9417808219178083,0.1327302661229101,BULL_VOLATILE,8
2025-11-14,0.0644498659468446,0.07137828285609758,0.9287671232876711,0.131550154478483,BULL_VOLATILE,8
2025-11-17,0.11790463722225164,0.12092087147440393,0.9465753424657535,0.1306768217549211,BULL_VOLATILE,8
2025-11-18,0.0762220816852397,0.0811341293561895,0.9537671232876713,0.1337111559088846,BULL_VOLATILE,8
2025-11-19,0.07513566965537863,0.07769738435669324,0.9434931506849316,0.1336333503020336,BULL_VOLATILE,8
2025-11-20,0.13075934226284305,0.1520406723973698,0.9431506849315069,0.1413376373509314,BULL_VOLATILE,8
2025-11-21,0.13856253976184332,0.1594939625919042,0.9609589041095891,0.1430785312131327,BULL_VOLATILE,8
2025-11-24,0.1288796548138229,0.12421012010878502,0.9613013698630137,0.1469544574585046,BULL_VOLATILE,8
2025-11-25,0.008585025855155849,0.010323108641100087,0.9393835616438355,0.151182544459813,BULL_VOLATILE,8
2025-11-26,0.15272059143737288,0.15668456019737304,0.9349315068493149,0.1536262701807001,BULL_VOLATILE,9
2025-11-28,-0.030863645530602356,-0.035377342892407085,0.9376712328767122,0.1497965422157796,BULL_VOLATILE,9
2025-12-01,-0.007520339044952673,-0.01830149163208699,0.9571917808219176,0.1503166602422427,BULL_VOLATILE,9
2025-12-02,0.0331094288060168,0.021071341097855037,0.9595890410958905,0.1503124381199626,BULL_VOLATILE,9
2025-12-03,0.09841596468915341,0.07025153374779045,0.954109589041096,0.144118943602978,BULL_VOLATILE,9
2025-12-04,0.11842047776105522,0.10105273620127364,0.9541095890410958,0.1437433071945272,BULL_VOLATILE,9
2025-12-05,0.05385338661399813,0.033376818267987184,0.9431506849315069,0.1374655079950694,BULL_VOLATILE,9
2025-12-08,0.044017119604529205,0.007894807409903976,0.9431506849315069,0.1382639642332529,BULL_VOLATILE,9
2025-12-09,0.1754981794935026,0.14658247276765574,0.9582191780821917,0.1270498775130902,BULL_CALM,9
2025-12-10,0.17696032348047397,0.1409422320838699,0.9544520547945208,0.128941922023297,BULL_CALM,9
2025-12-11,0.09600526974374635,0.06909620240047432,0.9506849315068493,0.1291298356487741,BULL_CALM,9
2025-12-12,0.1499202728676597,0.13160858033552497,0.9647260273972602,0.1202611658421964,BULL_CALM,9
2025-12-15,0.27460584182389397,0.2565788716125964,0.9506849315068495,0.1204911057782614,BULL_CALM,9
2025-12-16,0.2646333072457808,0.24520802673332504,0.9582191780821917,0.1154068259331826,BULL_CALM,9
2025-12-17,0.11380296939443073,0.11385564150560099,0.9284246575342465,0.118551477774098,BULL_VOLATILE,9
2025-12-18,0.3086468215044891,0.30602651734362407,0.9585616438356164,0.1204905816723306,BULL_VOLATILE,9
2025-12-19,0.26899555628711636,0.2609382365633573,0.9633561643835616,0.1050053137769287,BULL_CALM,9
2025-12-22,0.18302120294851248,0.15753591419867552,0.9462328767123287,0.102108929287686,BULL_CALM,9
2025-12-23,0.21424802673337617,0.1954394271896519,0.9400684931506851,0.0910185904872376,BULL_CALM,9
2025-12-24,0.20568061211679373,0.19014695551670308,0.9496575342465754,0.0864644337327837,BULL_CALM,9
2025-12-26,0.18098581653987394,0.17354372789324093,0.9489726027397261,0.0838056240734584,BULL_CALM,9
2025-12-29,0.0807949371534056,0.062424318207623584,0.9438356164383561,0.0832562900701021,BULL_CALM,9
2025-12-30,0.055172697397920446,0.03162893905510039,0.945890410958904,0.0814708543010631,BULL_CALM,9
2025-12-31,0.06589108361289739,0.029108109289697225,0.9568493150684931,0.0859498711747822,BULL_CALM,9
2026-01-02,0.015935979551413997,-0.01250275451330364,0.9503424657534245,0.0852818167953683,BULL_CALM,9
2026-01-05,0.16728078194767543,0.1523208539952699,0.9421232876712329,0.0885269707712669,BULL_CALM,9
2026-01-06,0.052005255657888494,0.0308816702867991,0.9068493150684933,0.0906629273209707,BULL_CALM,9
2026-01-07,0.12349666646005968,0.10042646009548223,0.9308219178082192,0.0907772423917965,BULL_CALM,9
2026-01-08,0.11511591828208476,0.10665993981097602,0.9113013698630136,0.0906714434088853,BULL_CALM,9
2026-01-09,0.17639471274064397,0.1781644670465305,0.945890410958904,0.0906545942347425,BULL_CALM,9
2026-01-12,0.2555298595431436,0.2511441398436314,0.941095890410959,0.0904904493360168,BULL_CALM,9
2026-01-13,0.24472664825297424,0.23228342783326694,0.9506849315068493,0.0809528788234415,BULL_CALM,9
2026-01-14,0.2934239165386801,0.29328555613383195,0.9462328767123287,0.0831615209172543,BULL_CALM,9
2026-01-15,0.11827378420961979,0.12853047021139047,0.9359589041095889,0.0824128194985799,BULL_CALM,9
2026-01-16,0.2773393818674825,0.28707117905849977,0.9400684931506849,0.0697154037001324,BULL_CALM,9
2026-01-20,0.10970382411823536,0.12728059846971237,0.9455479452054794,0.1009538632763893,BULL_CALM,9
2026-01-21,0.1228696837811328,0.1400026942363203,0.9393835616438354,0.1069202919413249,BULL_CALM,9
2026-01-22,0.16772663165175095,0.18817420270994137,0.9246575342465754,0.1062465874201915,BULL_CALM,9
2026-01-23,0.14819928700126267,0.17543624385159848,0.9184931506849315,0.1050589987303144,BULL_CALM,9
2026-01-26,0.18974101315664885,0.22740298257868102,0.9284246575342466,0.1058725828948041,BULL_CALM,9
2026-01-27,0.09276032043271934,0.11867711521930208,0.9212328767123289,0.1067128051604166,BULL_CALM,9
2026-01-28,-0.037205361003621436,-0.00045942309402309794,0.9154109589041095,0.105712071824766,BULL_CALM,9
2026-01-29,0.01887157242470124,0.058838574030131055,0.9123287671232877,0.105917983486714,BULL_CALM,9
2026-01-30,-0.006651030279646026,0.03814304957806317,0.9345890410958904,0.1026317634050426,BULL_CALM,9
2026-02-02,-0.002339425388352759,0.04083995426871896,0.9297945205479451,0.1036696057401748,BULL_CALM,9
2026-02-03,0.21113240736498132,0.25648608126092626,0.9414383561643836,0.1063960349566245,BULL_CALM,9
2026-02-04,0.12527674793569318,0.19095446555020554,0.9178082191780822,0.1054928718536652,BULL_CALM,9
2026-02-05,0.1578985524247823,0.24381541646056953,0.9256849315068495,0.113612377955888,BULL_CALM,9
2026-02-06,0.24361707931522467,0.30955355100673676,0.9321917808219176,0.1340797935715247,BULL_CALM,9
2026-02-09,0.2369425949223031,0.30157752764705453,0.9191780821917808,0.1330750543198308,BULL_CALM,9
2026-02-10,0.3245399630362654,0.3897576486805655,0.9229452054794521,0.133264857972703,BULL_CALM,9
2026-02-11,0.20464709487844504,0.28670552811525213,0.9284246575342465,0.1330933454893644,BULL_CALM,9
2026-02-12,0.3039188242265601,0.40358731772483425,0.9335616438356164,0.1430320173748449,BULL_VOLATILE,9
2026-02-13,0.3933955669776009,0.4738313852805952,0.9236301369863014,0.1425842668517326,BULL_VOLATILE,9
2026-02-17,0.21480870099674992,0.35580388601337865,0.900653594771242,0.1428237876826753,BULL_VOLATILE,9
2026-02-18,0.18361222831102778,0.3234213142009879,0.9000000000000001,0.1233573392590326,BULL_CALM,9
2026-02-19,0.12998593828291988,0.2531732363226347,0.8986928104575165,0.1168777606372815,BULL_CALM,9
2026-02-20,0.04524732031705555,0.17494024130976682,0.8980392156862746,0.1182867327980753,BULL_CALM,9
2026-02-23,0.035403190937714865,0.18392709194815185,0.9052287581699346,0.1237552535834566,BULL_VOLATILE,9
2026-02-24,0.0156442728647699,0.16787923313767253,0.9032679738562092,0.1252922969565893,BULL_CALM,9
